Site_Index,Location,group_number,group,index_well_flag,Aquifer,drop_flag,drop_note,Purpose,Count,First Date,Last Date,Top Screen,Bot Screen,lat,lon,x_2265,y_2265,x_2266,y_2266,wl_avg_1965,wl_avg_2023
4454,15005401AAA,1,1A,FALSE,Elk Valley,FALSE,,Observation Well,243,6/18/1991,11/25/2024,18,23,47.844765,-97.496306,2705885.671,322525.1033,2706001.564,808490.8085,,1087.94125
6024,15005403ADD,2,2A,FALSE,Elk Valley,FALSE,,Observation Well,294,9/9/1985,11/25/2024,38,43,47.83931,-97.539421,2695383.041,320126.8247,2695495.56,806100.2447,,1101.278571
4455,15005403ADD2,2,2B,FALSE,Elk Valley,FALSE,,Observation Well,245,7/8/1991,11/25/2024,17,27,47.83931,-97.539421,2695383.041,320126.8247,2695495.56,806100.2447,,1101.868571
6025,15005403CDD,3,3A,FALSE,Elk Valley,FALSE,,Observation Well,291,9/9/1985,11/25/2024,28,33,47.832022,-97.550211,2692837.013,317368.6752,2692947.069,803343.6368,,1108.088571
4447,15005403CDD2,3,3B,FALSE,Elk Valley,FALSE,,Observation Well,247,6/18/1991,11/25/2024,4,14,47.832022,-97.550211,2692837.013,317368.6752,2692947.069,803343.6368,,1108.367143
4422,15005404BBB,4,4A,FALSE,Elk Valley,FALSE,,Observation Well,238,6/28/1991,11/25/2024,45,50,47.844801,-97.579878,2685378.904,321748.9998,2685491.192,807730.2306,,1119.0225
6026,15005404CCD,5,5A,TRUE,Elk Valley,FALSE,,Observation Well - Plugged,227,9/1/1965,7/13/2005,38,41,47.832092,-97.577117,2686232.344,317142.2304,2686341.29,803122.1535,1118.344,
31821,15005404CCD2,5,5B,TRUE,Elk Valley,FALSE,,Observation Well,139,8/2/2005,11/25/2024,35,40,47.831207,-97.578278,2685959.639,316808.8238,2686068.295,802788.9047,,1117.735714
6027,15005404DAA,6,6A,FALSE,Elk Valley,FALSE,,Observation Well,292,9/9/1985,11/25/2024,45,50,47.837502,-97.560976,2690118.617,319265.058,2690229.721,805242.352,,1112.2075
28189,15005405ABB1,7,7A,FALSE,Carlisle Formation,TRUE,deeper than elk valley aquifer,Observation Well,174,11/20/2001,11/25/2024,305,315,47.844797,-97.590565,2682756.604,321648.2225,2682868.431,807631.4066,,1116.052857
28190,15005405ABB2,7,7B,FALSE,Till,TRUE,deeper than elk valley aquifer,Observation Well,191,11/20/2001,11/25/2024,270,275,47.844797,-97.590565,2682756.604,321648.2225,2682868.431,807631.4066,,1118.704286
28191,15005405ABB3,7,7C,FALSE,Clay Sediments,TRUE,deeper than elk valley aquifer,Observation Well,193,11/20/2001,11/25/2024,100,105,47.844797,-97.590565,2682756.604,321648.2225,2682868.431,807631.4066,,1118.692857
28192,15005405ABB4,7,7D,FALSE,Silt Sediments,TRUE,deeper than elk valley aquifer,Observation Well,174,11/20/2001,11/25/2024,50,55,47.844797,-97.590565,2682756.604,321648.2225,2682868.431,807631.4066,,1118.745714
28193,15005405ABB5,7,7E,FALSE,Elk Valley,FALSE,,Observation Well,176,11/20/2001,11/25/2024,30,35,47.844797,-97.590565,2682756.604,321648.2225,2682868.431,807631.4066,,1118.47
27065,15005405BBA2,8,8A,FALSE,Elk Valley,TRUE,<15,Observation Well - Plugged,3,11/15/2000,10/9/2001,6,14,47.844788,-97.598613,2680781.916,321570.3883,2680893.394,807555.0383,,
27066,15005405BBA3,8,8B,FALSE,Elk Valley,TRUE,<15,Observation Well - Plugged,3,11/15/2000,10/9/2001,43.33,48.4,47.844788,-97.598613,2680781.916,321570.3883,2680893.394,807555.0383,,
27058,15005405BBA4,8,8C,FALSE,Elk Valley,TRUE,<15,Observation Well - Plugged,3,11/15/2000,10/9/2001,21,26,47.844788,-97.598613,2680781.916,321570.3883,2680893.394,807555.0383,,
14474,15005406CCC,9,9A,FALSE,Elk Valley,FALSE,,Observation Well,225,10/20/1992,11/25/2024,30,35,47.832069,-97.622105,2675190.803,316717.7141,2675297.863,802705.8228,,1118.781429
4393,15005410CCC1,10,10A,TRUE,Elk Valley,FALSE,,Observation Well,242,6/18/1991,11/25/2024,28,33,47.817609,-97.558112,2691098.675,312040.8999,2691204.447,798016.438,,1113.81375
4392,15005411CCC1,11,11A,FALSE,Elk Valley,FALSE,,Observation Well,242,6/18/1991,11/25/2024,26,31,47.81763,-97.536505,2696402.947,312252.0747,2696509.604,798223.609,,1110.77625
4380,15005412CCC,12,12A,FALSE,Elk Valley,FALSE,,Observation Well - PRESENS,10381,6/18/1991,1/11/2025,38,43,47.817594,-97.514918,2701703.054,312443.7714,2701810.581,798411.2728,,1101.989047
27059,15005416CBC2,13,13A,FALSE,Elk Valley,TRUE,<15,Observation Well - Plugged,3,11/15/2000,10/9/2001,6,14,47.806698,-97.579529,2685991.633,307863.5348,2686093.565,793842.3658,,
27060,15005416CBC3,13,13B,FALSE,Elk Valley,TRUE,<15,Observation Well - Plugged,3,11/15/2000,10/9/2001,32,37,47.806698,-97.579529,2685991.633,307863.5348,2686093.565,793842.3658,,
27061,15005416CBC4,13,13C,FALSE,Elk Valley,TRUE,<15,Observation Well - Plugged,3,11/15/2000,10/9/2001,21,26,47.806698,-97.579529,2685991.633,307863.5348,2686093.565,793842.3658,,
14469,15005422DDD,14,14A,FALSE,Elk Valley,FALSE,,Observation Well,229,10/20/1992,11/25/2024,42,47,47.788648,-97.539106,2696170.866,301663.6602,2696269.416,787633.9843,,1108.807143
14470,15005429AAA,15,15A,FALSE,Elk Valley,FALSE,,Observation Well,227,10/20/1992,10/14/2024,37,43,47.786827,-97.582068,2685642.803,300596.8275,2685739.229,786574.9863,,1114.32375
27063,15005429AAAD3,16,16A,FALSE,Elk Valley,TRUE,<15,Observation Well - Plugged,1,10/9/2001,10/9/2001,32,37,47.786366,-97.581399,2685813.518,300435.0231,2685909.843,786413.0334,,
27064,15005429AAAD4,16,16B,FALSE,Elk Valley,TRUE,<15,Observation Well - Plugged,3,11/15/2000,10/9/2001,21,26,47.786366,-97.581399,2685813.518,300435.0231,2685909.843,786413.0334,,
14472,15005513AAA,17,17A,TRUE,Elk Valley,FALSE,,Observation Well,227,10/20/1992,11/25/2024,35,40,47.815787,-97.624678,2674781.031,310759.1183,2674883.62,796746.7025,,1116.901429
14471,15005525AAA,18,18A,FALSE,Elk Valley,FALSE,,Observation Well,227,10/20/1992,11/25/2024,24,29,47.786664,-97.624416,2675242.033,300145.8505,2675336.824,786131.7106,,1112.41875
4379,15105407BBB,19,19A,FALSE,Elk Valley,FALSE,,Observation Well - Plugged,226,6/18/1991,7/20/2021,38,43,47.917964,-97.623524,2673672.2,348014.6377,2673802.205,834008.8324,,
4371,15105407BBB2,19,19B,FALSE,Elk Valley,FALSE,,Observation Well - Plugged,227,6/18/1991,7/20/2021,4,14,47.917942,-97.623525,2673672.254,348006.6092,2673802.254,834000.8024,,
12030,15105415CDD,20,20A,FALSE,Elk Valley,FALSE,,Observation Well,257,9/20/1989,11/25/2024,30,35,47.890111,-97.550085,2692056.269,338543.332,2692182.288,824522.1298,,1100.0075
4369,15105418AAA,21,21A,FALSE,Elk Valley,FALSE,,Observation Well - Plugged,144,6/18/1991,9/28/2010,43,48,47.902905,-97.603876,2678693.227,342706.0103,2678820.151,828695.56,,
127022,15105418AAA2,21,21B,FALSE,Elk Valley,FALSE,,Observation Well,100,11/2/2010,11/25/2024,44,49,47.90383,-97.604519,2678522.938,343037.2537,2678650.08,829026.9864,,1115.968571
12033,15105419CCC1,22,22A,FALSE,Elk Valley,FALSE,,Observation Well,260,6/28/1990,11/25/2024,30,35,47.875662,-97.622351,2674536.229,332605.6759,2674654.963,818596.6594,,1121.99875
28194,15105419CCC2,22,22B,FALSE,Niobrara Formation,TRUE,deeper than elk valley aquifer,Observation Well,174,11/21/2001,11/25/2024,235,240,47.875658,-97.622373,2674530.888,332604.0161,2674649.62,818595.0034,,1121.75
28195,15105419CCC3,22,22C,FALSE,Till,TRUE,deeper than elk valley aquifer,Observation Well,189,11/21/2001,11/25/2024,215,220,47.875658,-97.622373,2674530.888,332604.0161,2674649.62,818595.0034,,1122.16
28196,15105419CCC4,22,22D,FALSE,Till,TRUE,deeper than elk valley aquifer,Observation Well,189,11/21/2001,11/25/2024,115,120,47.875658,-97.622373,2674530.888,332604.0161,2674649.62,818595.0034,,1122.13
28197,15105419CCC5,22,22E,FALSE,Silt Sediments,TRUE,deeper than elk valley aquifer,Observation Well,173,11/20/2001,11/25/2024,60,65,47.875658,-97.622373,2674530.888,332604.0161,2674649.62,818595.0034,,1122.055714
12032,15105419DDD,23,23A,FALSE,Elk Valley,FALSE,,Observation Well,257,9/20/1989,11/25/2024,28,33,47.875675,-97.603991,2679038.569,332779.3073,2679158.147,818766.9718,,1120.7525
4366,15105420BBB,24,24A,TRUE,Elk Valley,FALSE,,Observation Well,242,6/18/1991,11/25/2024,56,61,47.888378,-97.60123,2679541.24,337435.1753,2679664.372,823423.2152,,1118.97625
12031,15105420DDD,25,25A,FALSE,Elk Valley,FALSE,,Observation Well,258,9/20/1989,11/25/2024,38,43,47.875628,-97.582586,2684288.426,332960.4346,2684408.973,818944.1985,,1117.43625
4353,15105421BBB,26,26A,FALSE,Elk Valley,FALSE,,Observation Well - Plugged,143,6/18/1991,9/28/2010,38,43,47.888242,-97.579861,2684782.207,337583.6665,2684906.308,823567.8043,,
127021,15105421BBB2,26,26B,FALSE,Elk Valley,FALSE,,Observation Well,100,11/2/2010,11/25/2024,38,43,47.889008,-97.581075,2684473.978,337851.5877,2684598.23,823836.0011,,1111.772857
4352,15105421DDD1,27,27A,FALSE,Elk Valley,FALSE,,Observation Well,240,6/18/1991,11/25/2024,28,33,47.875558,-97.560854,2689618.748,333137.7003,2689740.274,819117.4733,,1099.9325
12028,15105423AAA1,28,28A,TRUE,Elk Valley,TRUE,water levels very low,Observation Well,255,9/20/1989,10/15/2024,8,13,47.888312,-97.517679,2700026.246,338193.8042,2700153.304,824166.4576,,1060.731667
12029,15105423CBB,29,29A,FALSE,Elk Valley,FALSE,,Observation Well - PRESENS,46034,9/20/1989,1/14/2025,43,48,47.88105,-97.536712,2695461.954,335366.5602,2695586.108,821342.2489,,1094.636767
4347,15105425BBB1,30,30A,FALSE,Elk Valley,TRUE,water levels very low,Observation Well,242,6/18/1991,11/25/2024,35,40,47.873879,-97.515072,2700869.451,332957.8275,2700992.623,818928.9911,,1079.585
4270,15105425CCC,31,31A,FALSE,Elk Valley,FALSE,,Observation Well,242,6/18/1991,11/25/2024,34,39,47.861149,-97.515111,2701039.871,328317.4424,2701159.502,814287.7528,,1095.17875
12027,15105426BAB,32,32A,FALSE,Elk Valley,FALSE,,Observation Well,259,9/20/1989,11/25/2024,38,43,47.873791,-97.531311,2696888.354,332771.7108,2697010.754,818745.8965,,1095.8025
4246,15105428CDA,33,33A,FALSE,Elk Valley,FALSE,,Observation Well,228,7/9/1991,11/25/2024,38,48,47.862952,-97.571709,2687131.626,328441.2778,2687249.216,814422.1955,,1116.195
13235,15105428CDA2,33,33B,FALSE,Elk Valley,FALSE,,Observation Well,229,7/9/1991,11/25/2024,15,25,47.862952,-97.571709,2687131.626,328441.2778,2687249.216,814422.1955,,1116.15
4195,15105428DCC,34,34A,FALSE,Elk Valley,FALSE,,Observation Well - PRESENS,12807,6/18/1991,1/14/2025,45,50,47.860277,-97.570308,2687512.399,327479.3082,2687629.322,813459.7912,,1113.395033
12865,15105428DCC2,34,34B,FALSE,Elk Valley,FALSE,,Observation Well,243,7/9/1991,11/25/2024,18,28,47.860276,-97.570268,2687522.225,327479.3173,2687639.15,813459.7928,,1113.361429
12077,15105429DDD,35,35A,FALSE,Elk Valley,FALSE,,Observation Well,229,6/21/1991,10/15/2024,45,50,47.861144,-97.582462,2684518.997,327682.0737,2684635.614,813664.8412,,1117.675714
13047,15105431BBB1,36,36A,FALSE,Elk Valley,FALSE,,Observation Well,240,6/18/1991,11/25/2024,28,33,47.859372,-97.622227,2674788.689,326668.8863,2674903.064,812658.7589,,1118.96375
6056,15105433DCC,37,37A,FALSE,Elk Valley,FALSE,,Observation Well - Plugged,193,9/9/1985,9/29/2010,68,73,47.846596,-97.56903,2688015.831,322504.471,2688129.076,808483.8267,,
13441,15105433DCC2,37,37B,FALSE,Elk Valley,TRUE,<15,Observation Well,1,7/24/1997,7/24/1997,0,0,47.845852,-97.568468,2688164.058,322238.5328,2688277.125,808217.7374,,
127020,15105433DCC3,37,37C,FALSE,Elk Valley,FALSE,,Observation Well,100,11/2/2010,11/25/2024,54,59,47.84585,-97.568492,2688158.197,322237.5795,2688271.262,808216.7884,,1114.375714
31468,15105435CCDA,38,38A,FALSE,Elk Valley,TRUE,<15,Irrigation Well,3,10/20/2004,11/3/2004,32,44,47.847086,-97.534781,2696412.472,323004.9918,2696527.337,808978.0475,,
31496,15105435CCDA1,38,38B,FALSE,Elk Valley,TRUE,<15,Observation Well - Plugged,3,10/20/2004,11/3/2004,37,42,47.847063,-97.533354,2696762.925,323010.1022,2696877.846,808982.891,,
31497,15105435CCDA2,38,38C,FALSE,Elk Valley,TRUE,<15,Observation Well - Plugged,4,10/20/2004,11/3/2004,37,42,47.847063,-97.533354,2696762.925,323010.1022,2696877.846,808982.891,,
31498,15105435CCDD1,39,39A,FALSE,Elk Valley,TRUE,<15,Observation Well - Plugged,3,10/20/2004,11/3/2004,37,42,47.846157,-97.533354,2696775.656,322679.8679,2696890.327,808652.5983,,
31500,15105435CCDD2,39,39B,FALSE,Elk Valley,TRUE,<15,Observation Well - Plugged,4,10/20/2004,11/3/2004,36,41,47.846157,-97.533354,2696775.656,322679.8679,2696890.327,808652.5983,,
31499,15105435CCDD3,39,39C,FALSE,Elk Valley,FALSE,,Observation Well,145,10/20/2004,11/25/2024,38,43,47.84578,-97.534781,2696430.815,322528.9584,2696545.32,808501.9299,,1093.782857
12986,15105435DCC,40,40A,FALSE,Elk Valley,FALSE,,Observation Well - PRESENS,12696,6/18/1991,1/12/2025,35,40,47.846593,-97.525901,2698598.219,322909.3708,2698713.334,808880.7411,,1096.690729
12862,15105435DCC2,40,40B,FALSE,Elk Valley,FALSE,,Observation Well,246,6/18/1991,11/25/2024,9,19,47.846593,-97.525901,2698598.219,322909.3708,2698713.334,808880.7411,,1097.288571
12990,15105435DDC,41,41A,FALSE,Elk Valley,FALSE,,Observation Well,246,6/18/1991,11/25/2024,43,53,47.846584,-97.520498,2699924.037,322957.3691,2700039.384,808927.7303,,1097.197143
12989,15105435DDC2,41,41B,FALSE,Elk Valley,FALSE,,Observation Well,244,6/18/1991,11/25/2024,6,16,47.846584,-97.520498,2699924.037,322957.3691,2700039.384,808927.7303,,1097.181429
12988,15105436CCC,42,42A,FALSE,Elk Valley,FALSE,,Observation Well,244,6/18/1991,11/25/2024,45,50,47.846572,-97.515104,2701247.685,323004.2813,2701363.265,808973.633,,1096.902857
12987,15105436CCC2,42,42B,TRUE,Elk Valley,FALSE,,Observation Well,245,6/18/1991,11/25/2024,7,17,47.846572,-97.515104,2701247.685,323004.2813,2701363.265,808973.633,,1096.397143
32458,15105501BCC1,43,43A,FALSE,Elk Valley,TRUE,<15,Observation Well - Plugged,11,10/12/2006,9/12/2007,93,103,47.926441,-97.643874,2668571.008,350918.9538,2668702.257,836917.4263,,
32459,15105501BCC2,43,43B,FALSE,Elk Valley,TRUE,<15,Observation Well - Plugged,10,10/13/2006,9/12/2007,58,63,47.926441,-97.643874,2668571.008,350918.9538,2668702.257,836917.4263,,
32460,15105501BCC3,43,43C,FALSE,Elk Valley,TRUE,<15,Observation Well - Plugged,11,10/12/2006,9/12/2007,75,80,47.926441,-97.643874,2668571.008,350918.9538,2668702.257,836917.4263,,
32461,15105501BCC4,43,43D,FALSE,Elk Valley,FALSE,,Observation Well,137,10/12/2006,11/25/2024,54,59,47.925899,-97.644528,2668418.11,350715.4382,2668549.182,836713.987,,1109.908571
32469,15105501BCCA,44,44A,FALSE,Elk Valley,TRUE,<15,Observation Well,4,10/19/2006,10/25/2006,0,0,47.926895,-97.6432,2668729.994,351090.5747,2668861.396,837088.9609,,
32462,15105501BCDC1,45,45A,FALSE,Elk Valley,TRUE,<15,Irrigation Well,8,10/13/2006,11/7/2006,0,0,47.925723,-97.642403,2668941.119,350670.6069,2669072.251,836668.763,,
32463,15105501BCDC2,45,45B,FALSE,Elk Valley,TRUE,<15,Irrigation Well,8,10/13/2006,11/7/2006,0,0,47.925724,-97.64253,2668909.991,350669.8161,2669041.116,836667.9949,,
32468,15105501BCDCB,46,46A,FALSE,Elk Valley,TRUE,<15,Observation Well,8,10/13/2006,10/25/2006,0,0,47.926214,-97.642189,2668986.903,350851.5329,2669118.176,836849.6875,,
27048,15105503BBB2,47,47A,FALSE,Elk Valley,TRUE,<15,Observation Well - Plugged,3,11/15/2000,10/9/2001,9.33,17.33,47.932028,-97.687003,2657929.923,352566.3859,2658060.465,838572.9206,,
27049,15105503BBB3,47,47B,FALSE,Elk Valley,TRUE,<15,Observation Well - Plugged,3,11/15/2000,10/9/2001,32.75,37.25,47.932028,-97.687003,2657929.923,352566.3859,2658060.465,838572.9206,,
27050,15105503BBB4,47,47C,FALSE,Elk Valley,TRUE,<15,Observation Well - Plugged,3,11/15/2000,10/9/2001,18,23,47.932028,-97.687003,2657929.923,352566.3859,2658060.465,838572.9206,,
13208,15105504AAA,48,48A,TRUE,Elk Valley,FALSE,,Observation Well,238,6/18/1991,10/15/2024,18,23,47.932848,-97.688507,2657550.557,352851.8354,2657681.238,838858.6964,,1122.634286
13209,15105509AAA1,49,49A,FALSE,Elk Valley,FALSE,,Observation Well,248,6/18/1991,11/25/2024,18,23,47.917613,-97.689574,2657491.982,347288.7078,2657618.626,833294.6223,,1124.78
27051,15105511DCD2,50,50A,FALSE,Elk Valley,TRUE,<15,Observation Well - Plugged,3,11/15/2000,10/8/2001,6.25,14.5,47.904689,-97.651908,2666896.136,342916.9517,2667021.216,828915.2616,,
27052,15105511DCD3,50,50B,FALSE,Elk Valley,TRUE,<15,Observation Well - Plugged,3,11/15/2000,10/8/2001,39,44,47.904689,-97.651908,2666896.136,342916.9517,2667021.216,828915.2616,,
27053,15105511DCD4,50,50C,FALSE,Elk Valley,TRUE,<15,Observation Well - Plugged,3,11/15/2000,10/8/2001,11.5,29.5,47.904689,-97.651908,2666896.136,342916.9517,2667021.216,828915.2616,,
131323,15105512AA,51,51A,FALSE,Elk Valley,FALSE,,Observation Well - PRESENS,11996,8/17/2021,1/14/2025,40,45,47.917747,-97.624275,2673491.133,347928.6605,2673621.044,833922.9743,,1106.358829
6058,15105513AAA,52,52A,FALSE,Elk Valley,FALSE,,Observation Well - Plugged,232,9/1/1965,7/13/2005,48,51,47.902792,-97.624879,2673546.798,342471.7959,2673672.677,828465.1298,1114.202,
31828,15105513AAA2,52,52B,FALSE,Elk Valley,FALSE,,Observation Well,144,8/2/2005,11/25/2024,43,48,47.902486,-97.624188,2673720.336,342366.5824,2673846.167,828359.77,,1117.442857
13210,15105515AAA,53,53A,FALSE,Elk Valley,FALSE,,Observation Well,248,6/18/1991,11/25/2024,35,40,47.902982,-97.668154,2662937.085,342147.771,2663060.931,828148.8456,,1125.345
27054,15105523AAA2,54,54A,FALSE,Elk Valley,TRUE,<15,Observation Well - Plugged,2,11/15/2000,10/9/2001,6,14,47.888293,-97.646548,2668431.491,336988.9611,2668552.475,822985.1555,,
27055,15105523AAA3,54,54B,FALSE,Elk Valley,TRUE,<15,Observation Well - Plugged,2,11/15/2000,10/9/2001,53,58,47.888293,-97.646548,2668431.491,336988.9611,2668552.475,822985.1555,,
27056,15105523AAA4,54,54C,FALSE,Elk Valley,TRUE,<15,Observation Well - Plugged,2,11/15/2000,10/9/2001,14,19,47.888293,-97.646548,2668431.491,336988.9611,2668552.475,822985.1555,,
13211,15105523BBB,55,55A,FALSE,Elk Valley,FALSE,,Observation Well,256,6/18/1991,11/25/2024,35,40,47.888399,-97.665439,2663798.363,336856.4409,2663918.493,822856.0066,,1124.2825
28198,15105523BBB2,55,55B,FALSE,Carlisle Formation,TRUE,deeper than elk valley aquifer,Observation Well,174,11/21/2001,11/25/2024,205,215,47.888399,-97.665439,2663798.363,336856.4409,2663918.493,822856.0066,,1118.957143
28199,15105523BBB3,55,55C,FALSE,Till,TRUE,deeper than elk valley aquifer,Observation Well,178,11/21/2001,11/25/2024,60,70,47.888399,-97.665439,2663798.363,336856.4409,2663918.493,822856.0066,,1124.574286
28200,15105523BBB4,55,55D,FALSE,Silt Sediments,TRUE,deeper than elk valley aquifer,Observation Well,174,11/21/2001,11/25/2024,48,53,47.888399,-97.665439,2663798.363,336856.4409,2663918.493,822856.0066,,1124.497143
13212,15105523CCC,56,56A,FALSE,Elk Valley,FALSE,,Observation Well,238,6/18/1991,10/15/2024,23,28,47.875787,-97.665522,2663947.343,332258.3432,2664064.14,818257.0588,,1122.285
12034,15105524AAA,57,57A,FALSE,Elk Valley,FALSE,,Observation Well,259,9/20/1989,11/25/2024,28,33,47.888309,-97.624948,2673727.119,337191.8898,2673849.12,823184.2119,,1121.57875
13126,15105524ACCC,58,58A,FALSE,Elk Valley,TRUE,<15,Irrigation Well,1,10/1/2002,10/1/2002,0,0,47.884135,-97.634611,2671414.623,335582.0409,2671535.057,821575.8099,,
13213,15105524CCC1,59,59A,TRUE,Elk Valley,FALSE,,Observation Well,240,6/18/1991,11/25/2024,45,50,47.875698,-97.643859,2669261.171,332422.3129,2669378.933,818417.1614,,1122.402857
17843,15205429CCC,60,60A,FALSE,Elk Valley,TRUE,"screen is unknown, short data",Observation Well - Destroyed,19,9/3/1965,10/1/1969,0,20,47.948107,-97.601059,2678762.996,359208.6946,2678902.245,845201.127,1107.39,
6083,15205431BBB,61,61A,FALSE,Elk Valley,FALSE,,Observation Well - Recorder,10171,9/1/1965,11/25/2024,48,58,47.946327,-97.622262,2673594.817,358364.9774,2673732.476,844361.0965,1101.813333,1100.47625
32432,15205502CBC,62,62A,FALSE,Elk Valley,TRUE,water levels very low,Observation Well,125,9/14/2006,11/26/2024,46,51,48.009099,-97.665957,2662051.076,380849.917,2662202.986,866858.9742,,1102.143333
32433,15205503DAD1,63,63A,FALSE,Elk Valley,TRUE,water levels very low,Observation Well - PRESENS,6199,9/14/2006,1/14/2025,50,55,48.010225,-97.668196,2661488.292,381240.2156,2661640.369,867249.7653,,1103.41
12135,15205504BBB,64,64A,FALSE,Elk Valley,FALSE,,Observation Well,241,6/28/1990,11/26/2024,53,58,48.019919,-97.708711,2651449.888,384411.9793,2651602.131,870429.4698,,1119.674286
12133,15205504DCC,65,65A,FALSE,Elk Valley,FALSE,,Observation Well,249,6/28/1990,10/15/2024,38,43,48.006543,-97.6979,2654271.381,379632.0563,2654420.779,865646.5039,,1116.542857
12134,15205504DCC2,65,65B,TRUE,Elk Valley,FALSE,,Observation Well,250,6/28/1990,10/15/2024,19,29,48.006543,-97.6979,2654271.381,379632.0563,2654420.779,865646.5039,,1116.55
12132,15205510DDD,66,66A,FALSE,Elk Valley,FALSE,,Observation Well - PRESENS,12781,6/28/1990,1/14/2025,58,63,47.99177,-97.668168,2661742.682,374513.1056,2661889.907,860521.0787,,1114.361186
12131,15205515BBB,67,67A,FALSE,Elk Valley,FALSE,,Observation Well,248,6/28/1990,11/25/2024,28,33,47.990054,-97.687024,2657151.619,373718.3618,2657297.334,859729.5103,,1118.185714
12130,15205516DDD,68,68A,TRUE,Elk Valley,FALSE,,Observation Well,243,6/28/1990,11/25/2024,48,53,47.977425,-97.6897,2656664.91,369090.7808,2656807.177,855101.3554,,1123.152857
13214,15205520AAA,69,69A,FALSE,Elk Valley,FALSE,,Observation Well,239,6/18/1991,11/25/2024,21,26,47.97569,-97.711287,2651404.12,368266.1156,2651544.754,854280.3198,,1128.86125
12129,15205521DDD,70,70A,FALSE,Elk Valley,FALSE,,Observation Well,249,6/28/1990,11/25/2024,33,38,47.962873,-97.689711,2656855.928,363786.0422,2656994.394,849795.4443,,1123.23375
12128,15205522DDD,71,71A,TRUE,Elk Valley,FALSE,,Observation Well - PRESENS,12741,6/28/1990,1/14/2025,43,48,47.961961,-97.667106,2662402.544,363656.5008,2662541.981,849661.8481,,1118.056707
13215,15205527DDD,72,72A,FALSE,Elk Valley,FALSE,,Observation Well - Plugged,122,10/6/1965,7/13/2005,28,31,47.948334,-97.668185,2662321.156,358679.3892,2662456.947,844683.8541,1111.8025,
31827,15205527DDD2,72,72B,FALSE,Elk Valley,FALSE,,Observation Well,143,8/2/2005,11/25/2024,30,35,47.949177,-97.667759,2662414.173,358990.5229,2662550.209,844994.9781,,1111.992857
13216,15205535CCC,73,73A,TRUE,Elk Valley,FALSE,,Observation Well,239,6/18/1991,11/25/2024,58,63,47.932969,-97.666813,2662863.355,353090.8354,2662995.169,839093.8785,,1118.45875
6098,15305504CCD,74,74A,FALSE,Elk Valley,FALSE,,Observation Well - Plugged,166,9/1/1965,7/13/2005,25,28,48.094344,-97.726502,2646121.139,411385.6539,2646291.492,897413.122,1138.435,
31824,15305504CCD2,74,74B,FALSE,Elk Valley,FALSE,,Observation Well,137,8/3/2005,11/26/2024,38,43,48.093513,-97.72805,2645754.008,411069.0982,2645924.046,897096.7517,,1136.614286
6099,15305505CCC,75,75A,FALSE,Elk Valley,FALSE,,Observation Well - Plugged,175,9/1/1965,7/13/2005,34,37,48.094293,-97.75092,2640158.579,411153.1097,2640327.32,897184.7611,1139.323333,
31823,15305505CCC2,75,75B,FALSE,Elk Valley,FALSE,,Observation Well,138,8/3/2005,11/26/2024,33,38,48.093515,-97.751535,2640018.514,410864.1274,2640187.017,896895.8079,,1138.33
12148,15305505CDD,76,76A,FALSE,Elk Valley,FALSE,,Observation Well,247,6/28/1990,11/26/2024,38,43,48.094319,-97.742774,2642147.618,411233.7535,2642316.899,897264.0143,,1137.3175
12151,15305506AAA,77,77A,TRUE,Elk Valley,FALSE,,Observation Well,249,6/28/1990,11/26/2024,48,53,48.10693,-97.753595,2639340.911,415736.5863,2639512.694,901769.9395,,1138.9625
13217,15305508AAA,78,78A,FALSE,Elk Valley,FALSE,,Observation Well,239,6/19/1991,11/26/2024,48,53,48.092524,-97.731888,2644829.669,410674.828,2644999.202,896703.0454,,1137.52
13218,15305509BABA,79,79A,FALSE,Elk Valley,FALSE,,Observation Well,239,6/19/1991,11/26/2024,15,20,48.092991,-97.723087,2646972.921,410922.5006,2647143.15,896949.2477,,1135.60375
12144,15305509CDD,80,80A,TRUE,Elk Valley,FALSE,,Observation Well,249,6/28/1990,11/26/2024,24,29,48.079805,-97.721056,2647642.492,406133.5524,2647809.456,892158.673,,1133.86
12141,15305515CCC,81,81A,TRUE,Elk Valley,FALSE,,Observation Well,246,6/28/1990,11/26/2024,38,43,48.064451,-97.708616,2650884.344,400646.3934,2651048.13,886667.9044,,1128.625
12143,15305516AAA,82,82A,FALSE,Elk Valley,FALSE,,Observation Well,249,6/28/1990,11/26/2024,38,43,48.07798,-97.710241,2650308.501,405563.8473,2650475.687,891586.9216,,1135.31625
12142,15305516DAA,83,83A,FALSE,Elk Valley,FALSE,,Observation Well,244,6/28/1990,11/26/2024,38,43,48.070722,-97.710207,2650412.714,402918.3211,2650578.024,888940.6989,,1130.1075
12145,15305517AAB,84,84A,FALSE,Elk Valley,FALSE,,Observation Well,247,6/28/1990,11/26/2024,41,46,48.077984,-97.734567,2644365.853,405350.8328,2644531.482,891378.1073,,1134.41
12146,15305517BAA,85,85A,FALSE,Elk Valley,FALSE,,Observation Well,248,6/28/1990,11/26/2024,28,33,48.077976,-97.742705,2642377.911,405276.586,2642543.018,891305.2565,,1135.90375
12147,15305517BBB,86,86A,FALSE,Elk Valley,FALSE,,Observation Well,248,6/28/1990,11/26/2024,28,33,48.077984,-97.750853,2640387.311,405208.2949,2640551.898,891238.3606,,1136.1575
12138,15305517DDD,87,87A,FALSE,Elk Valley,FALSE,,Observation Well - PRESENS,12745,6/28/1990,1/14/2025,21,26,48.064464,-97.730779,2645468.564,400455.4883,2645630.962,886480.8326,,1132.06842
12139,15305527BBB,88,88A,FALSE,Elk Valley,FALSE,,Observation Well,244,6/28/1990,11/26/2024,28,32,48.048972,-97.707585,2651341.002,395012.8503,2651500.842,881032.7475,,1125.964286
12140,15305527BBB2,88,88B,TRUE,Elk Valley,FALSE,,Observation Well,244,6/28/1990,11/26/2024,7,17,48.048972,-97.707585,2651341.002,395012.8503,2651500.842,881032.7475,,1125.847143
13219,15305530AAA,89,89A,FALSE,Elk Valley,FALSE,,Observation Well,239,6/18/1991,11/26/2024,27,32,48.049696,-97.752444,2640366.782,394882.1381,2640524.056,880909.8336,,1142.17875
6100,15305532AAA1,90,90A,FALSE,Elk Valley,FALSE,,Observation Well - Plugged,170,9/1/1965,7/13/2005,15,18,48.034442,-97.73191,2645585.823,389501.277,2645740.438,875524.0686,1128.734,
31826,15305532AAA2,90,90B,FALSE,Elk Valley,FALSE,,Observation Well,138,8/3/2005,11/26/2024,18,22,48.035097,-97.73074,2645863.293,389750.3421,2646018.146,875772.9906,,1131.688571
12137,15305534BBB,91,91A,FALSE,Elk Valley,FALSE,,Observation Well,249,6/28/1990,11/26/2024,27,32,48.034417,-97.707575,2651535.956,389707.1029,2651692.025,875725.6798,,1122.91875
12136,15305534DDD,92,92A,FALSE,Elk Valley,FALSE,,Observation Well,246,6/28/1990,10/15/2024,53,58,48.021725,-97.688915,2656267.191,385246.539,2656421.07,871260.7336,,1109.741667
6103,15305535BBB,93,93A,FALSE,Elk Valley,FALSE,,Observation Well - Plugged,169,9/1/1965,7/13/2005,38,41,48.034318,-97.686051,2656799.746,389862.6926,2656957.083,875877.504,1116.588,
31825,15305535BBB2,93,93B,FALSE,Elk Valley,FALSE,,Observation Well,138,8/3/2005,11/26/2024,38,43,48.03525,-97.687011,2656552.616,390193.8569,2656710.138,876208.9201,,1118.055714
13220,15405508CCC,94,94A,TRUE,Elk Valley,FALSE,,Observation Well,240,6/19/1991,11/26/2024,24,29,48.166077,-97.752104,2638935.101,437311.6617,2639122.043,923350.8873,,1128.065
6128,15405517CCC,95,95A,TRUE,Elk Valley,FALSE,,Observation Well,497,9/3/1965,11/26/2024,0,48,48.151461,-97.751885,2639178.765,431985.2731,2639362.003,918022.9017,1133.561667,1135.41
13221,15405518BBB,96,96A,TRUE,Elk Valley,FALSE,,Observation Well,236,6/19/1991,11/26/2024,45,50,48.165794,-97.773627,2633689.787,437021.8187,2633875.107,923064.6632,,1128.288571
6129,15405518CCC,97,97A,FALSE,Elk Valley,FALSE,,Observation Well - Plugged,177,9/17/1965,7/14/2005,25,28,48.15147,-97.773444,2633919.409,431801.5015,2634101.125,917842.7888,1133.306,
31822,15405518CCC2,97,97B,FALSE,Elk Valley,FALSE,,Observation Well - PRESENS,12246,8/3/2005,1/14/2025,35,40,48.151467,-97.77342,2633925.303,431800.6152,2634107.02,917841.8982,,1136.994585
12168,15405520ABB,98,98A,FALSE,Elk Valley,FALSE,,Observation Well,252,5/31/1990,11/26/2024,43,48,48.151215,-97.741288,2641767.062,431988.0778,2641950.986,918023.8719,,1137.15875
12127,15405520CDD,99,99A,FALSE,Elk Valley,FALSE,,Observation Well,253,5/29/1990,11/26/2024,45,50,48.137773,-97.742776,2641579.624,427074.7931,2641760.009,913109.4333,,1140.2975
12170,15405528CCC,100,100A,FALSE,Elk Valley,FALSE,,Observation Well,241,8/23/1990,11/26/2024,42,47,48.122453,-97.730468,2644783.851,421597.7735,2644961.161,907628.7292,,1139.735714
14966,15405528CCCA,101,101A,FALSE,Elk Valley,TRUE,<15,Irrigation Well,1,6/5/2007,6/5/2007,34,54,48.124334,-97.727547,2645472.108,422309.1537,2645650.1,908339.7989,,
12167,15405529BBB,102,102A,FALSE,Elk Valley,FALSE,,Observation Well,253,5/29/1990,11/26/2024,35,40,48.135939,-97.750922,2639615.803,426335.102,2639795.155,912370.943,,1140.27625
12153,15405529CCC,103,103A,FALSE,Elk Valley,FALSE,,Observation Well - PRESENS,12732,5/29/1990,1/14/2025,35,40,48.12334,-97.750998,2639761.309,421741.4736,2639937.447,907776.0345,,1137.576171
12154,15405529CCC2,103,103B,FALSE,Elk Valley,FALSE,,Observation Well,254,6/13/1990,11/26/2024,4,14,48.12334,-97.750998,2639761.309,421741.4736,2639937.447,907776.0345,,1138.535714
12152,15405530CCC,104,104A,FALSE,Elk Valley,FALSE,,Observation Well,252,5/31/1990,11/26/2024,33,38,48.123292,-97.772388,2634541.071,421538.2213,2634715.741,907576.4117,,1142.9075
13222,15405530DDA,105,105A,FALSE,Elk Valley,FALSE,,Observation Well,242,6/19/1991,10/15/2024,42,47,48.125704,-97.752543,2639353.444,422589.8041,2639530.079,908624.8694,,1139.73
13223,15405530DDA2,105,105B,FALSE,Elk Valley,FALSE,,Observation Well,244,6/19/1991,10/15/2024,9,19,48.125677,-97.752549,2639352.331,422579.909,2639528.958,908614.9725,,1139.745714
13224,15405531CCC,106,106A,FALSE,Elk Valley,FALSE,,Observation Well,241,6/19/1991,11/26/2024,22,27,48.108781,-97.772361,2634735.142,416248.4303,2634906.144,902285.1566,,1141.8075
12155,15405532ABB,107,107A,FALSE,Elk Valley,FALSE,,Observation Well,248,5/29/1990,11/26/2024,58,63,48.121483,-97.740101,2642445.301,421159.6987,2642621.706,907192.2084,,1139.664286
13225,15405532BBC,108,108A,FALSE,Elk Valley,FALSE,,Observation Well,243,6/19/1991,11/26/2024,28,33,48.119694,-97.750949,2639820.745,420412.7534,2639995.957,906446.936,,1139.372857
13226,15405532BBC2,108,108B,FALSE,Elk Valley,FALSE,,Observation Well,244,6/19/1991,11/26/2024,6,16,48.119694,-97.750949,2639820.745,420412.7534,2639995.957,906446.936,,1139.622857
12149,15405533CCC,109,109A,FALSE,Elk Valley,FALSE,,Observation Well,253,5/29/1990,11/26/2024,43,48,48.108774,-97.729237,2645263.837,416621.972,2645437.718,902651.3372,,1135.465714
12150,15405533CCC2,109,109B,FALSE,Elk Valley,FALSE,,Observation Well,253,6/28/1990,11/26/2024,3,13,48.108774,-97.729237,2645263.837,416621.972,2645437.718,902651.3372,,1136.877143
12169,15405613BBC,110,110A,FALSE,Elk Valley,FALSE,,Observation Well,253,5/31/1990,11/26/2024,43,48,48.162392,-97.795249,2628460.178,435595.5301,2628643.092,921641.6473,,1128.826667
13228,15405625AAA,111,111A,FALSE,Elk Valley,FALSE,,Observation Well,226,6/19/1991,11/26/2024,50,55,48.135978,-97.775045,2633728.808,426139.9821,2633906.5,912179.9219,,1142.221667
20969,15405625AAA2,111,111B,FALSE,Elk Valley,TRUE,<15,Observation Well - Plugged,1,4/15/2021,4/15/2021,45,55,48.135978,-97.775045,2633728.808,426139.9821,2633906.5,912179.9219,,
14468,14905403AAA1,112,112A,TRUE,Elk Valley,FALSE,,Observation Well,229,10/20/1992,7/8/2025,34,39,47.757847,-97.539148,2696592.519,290436.4361,2696682.561,776405.0962,,1102.424286
14464,14905404BBB,113,113A,TRUE,Elk Valley,FALSE,,Observation Well,231,10/20/1992,7/8/2025,40,45,47.757768,-97.579406,2686698.728,290029.5472,2686787.336,776005.6524,,1112.074286
5996,14905404CCC,114,114A,FALSE,Elk Valley,FALSE,,Observation Well - Destroyed,28,9/5/1965,11/30/1971,40,43,47.74535,-97.579481,2686852.076,285502.459,2686937.297,771477.9449,1109.158,
31207,14905409ACB,115,115A,FALSE,Elk Valley,TRUE,wl below model bottom,Observation Well,37,7/27/1964,11/30/1976,0,0,47.739881,-97.569025,2689498.584,283606.7311,2689582.663,769580.0188,909.642,
127023,15305502BBB,116,116A,FALSE,Inkster,TRUE,,Observation Well - Plugged,73,11/1/2010,4/15/2021,10,15,48.107677,-97.685999,2655834.688,416605.0857,2656011.178,902626.8455,,
12063,15305514DCC,117,117A,FALSE,Inkster,TRUE,wl below model bottom,Observation Well,258,9/19/1989,10/14/2025,75,80,48.065215,-97.675059,2659073.787,401224.0882,2659239.886,887239.8108,,1119.9375
6115,15405509DCB1,118,118A,FALSE,Inkster,TRUE,,Observation Well - Destroyed,80,7/16/1985,12/7/1994,47,53,48.16853,-97.718303,2647145.976,438502.0249,2647335.988,924535.7267,,
6116,15405509DCB2,118,118B,FALSE,Inkster,TRUE,,Observation Well - Destroyed,54,7/16/1985,5/22/1992,52,57,48.16853,-97.718303,2647145.976,438502.0249,2647335.988,924535.7267,,
6117,15405509DCB3,118,118C,FALSE,Inkster,TRUE,,Observation Well - Destroyed,98,7/16/1985,7/22/1998,56,61,48.16853,-97.718303,2647145.976,438502.0249,2647335.988,924535.7267,,
13152,15405509DCBD,119,119A,FALSE,Inkster,TRUE,,Irrigation Well,133,7/10/1985,6/23/2010,53,73,48.168403,-97.71849,2647102.047,438454.0792,2647292.013,924487.7994,,
6119,15405509DDD,120,120A,FALSE,Inkster,TRUE,,Observation Well - Plugged,268,9/9/1985,7/20/2021,31,36,48.165913,-97.709267,2649384.09,437627.7824,2649574.081,923659.6417,,
131317,15405509DDD2,120,120B,FALSE,Inkster,TRUE,,Observation Well - PRESENS,18598,8/17/2021,10/28/2025,31,36,48.165906,-97.709284,2649380.037,437625.0803,2649570.024,923656.9417,,1099.13146
13687,15405510CDCDC,121,121A,FALSE,Inkster,TRUE,,Observation Well - Plugged,208,4/17/1992,7/20/2021,45,50,48.165788,-97.70226,2651094.556,437644.2561,2651285.02,923674.8889,,
131318,15405510CDCDC2,121,121B,FALSE,Inkster,TRUE,,Observation Well,28,8/17/2021,10/14/2025,34,39,48.165793,-97.702149,2651121.559,437647.0628,2651312.033,923677.677,,1094.786667
127028,15405513CBC,122,122A,FALSE,Inkster,TRUE,,Observation Well,105,11/1/2010,10/14/2025,45,50,48.155016,-97.665451,2660215.784,434045.929,2660406.084,920068.9825,,1061.895
6120,15405514CBB,123,123A,FALSE,Inkster,TRUE,,Observation Well - Plugged,965,9/9/1985,7/20/2021,47,52,48.158372,-97.687088,2654893.375,435075.687,2655083.005,921102.8854,,
131326,15405514CBB2,123,123B,FALSE,Inkster,TRUE,,Observation Well,28,8/17/2021,10/14/2025,47,52,48.158395,-97.687144,2654879.41,435083.5723,2655069.042,921110.7828,,1083.704286
6121,15405514CCC,124,124A,FALSE,Inkster,TRUE,,Observation Well - Plugged,309,9/17/1965,7/14/2005,58,61,48.152219,-97.685848,2655277.834,432843.725,2655465.949,918870.0509,1087.53,
31820,15405514CCC2,124,124B,FALSE,Inkster,TRUE,,Observation Well - PRESENS,51981,8/3/2005,10/27/2025,58,63,48.151528,-97.686901,2655030.179,432582.4368,2655218.038,918608.8729,,1087.534917
6122,15405514CDC1,125,125A,FALSE,Inkster,TRUE,,Observation Well - Plugged,264,9/9/1985,7/20/2021,46,51,48.151473,-97.681428,2656365.982,432611.2344,2656554.216,918636.7096,,
6123,15405514CDC2,125,125B,FALSE,Inkster,TRUE,,Observation Well,214,10/14/1987,10/14/2025,10,15,48.15147,-97.681343,2656386.756,432610.9002,2656574.996,918636.3602,,1086.472857
131314,15405514CDC3,125,125C,FALSE,Inkster,TRUE,,Observation Well,29,8/17/2021,10/14/2025,48,53,48.151465,-97.681199,2656421.95,432610.3641,2656610.199,918635.7983,,1086.472857
12070,15405514DCB,126,126A,FALSE,Inkster,TRUE,,Observation Well,262,9/19/1989,10/14/2025,6,21,48.153798,-97.676488,2657539.936,433502.959,2657729.13,919527.8177,,1081.744286
12068,15405514DCC1,127,127A,FALSE,Inkster,TRUE,,Observation Well,263,9/20/1989,10/14/2025,7,17,48.151456,-97.67627,2657624.436,432651.1601,2657813.032,918675.7315,,1085.958571
12069,15405514DCC2,127,127B,FALSE,Inkster,TRUE,,Observation Well,258,4/10/1990,10/14/2025,38,42,48.15149,-97.67632,2657611.784,432663.1069,2657800.386,918687.6907,,1086.074286
12066,15405514DCD1,128,128A,FALSE,Inkster,TRUE,,Observation Well,262,9/19/1989,10/14/2025,6,21,48.151455,-97.671114,2658882.186,432696.9848,2659071.148,918720.6529,,1075.642857
12067,15405514DCD2,128,128B,FALSE,Inkster,TRUE,,Observation Well,256,4/10/1990,10/14/2025,38,43,48.151469,-97.671093,2658887.121,432702.2766,2659076.088,918725.9425,,1075.711429
15488,15405515ABCC,129,129A,FALSE,Inkster,TRUE,,Observation Well,749,3/20/1993,12/7/2008,0,44.6,48.162594,-97.697359,2652332.171,436523.3919,2652522.161,922552.8303,,
13686,15405515BCBBB,130,130A,FALSE,Inkster,TRUE,,Observation Well - Plugged,204,4/17/1992,7/20/2021,33,38,48.162114,-97.70887,2649531.132,436246.3859,2649720.17,922277.7673,,
131316,15405515BCC,131,131A,FALSE,Inkster,TRUE,,Observation Well,27,8/17/2021,10/14/2025,40,45,48.158733,-97.708747,2649605.831,435014.9473,2649794.004,921045.9448,,1101.913333
12065,15405522ADD,132,132A,FALSE,Inkster,TRUE,,Observation Well,263,9/19/1989,10/14/2025,48,53,48.144094,-97.687385,2655011.15,429868.1283,2655197.039,915893.8638,,1096.50375
130374,15405522BAA3,133,133A,FALSE,Inkster,TRUE,,Observation Well - Plugged,258,12/16/1986,7/20/2021,45,50,48.151125,-97.698258,2652265.119,432334.466,2652452.069,918362.8356,,
130375,15405522BAA4,133,133B,FALSE,Inkster,TRUE,,Observation Well,204,10/14/1987,10/14/2025,30,35,48.151137,-97.698298,2652255.203,432338.4853,2652442.152,918366.8631,,1099.59875
131315,15405522BAA5,133,133C,FALSE,Inkster,TRUE,,Observation Well,28,8/17/2021,10/14/2025,45,50,48.151035,-97.698283,2652260.215,432301.4352,2652447.139,918329.7995,,1099.6
127026,15405522DCC,134,134A,FALSE,Inkster,TRUE,,Observation Well,103,11/1/2010,10/14/2025,28,32,48.136894,-97.698095,2652493.749,427148.1166,2652677.015,913174.9637,,1109.066667
12071,15405523ABC,135,135A,FALSE,Inkster,TRUE,,Observation Well,254,9/19/1989,7/9/2025,10,25,48.148052,-97.676315,2657658.986,431409.8679,2657846.689,917434.0866,,1085.59
6135,15405523BAA,136,136A,FALSE,Inkster,TRUE,,Observation Well - Plugged,271,4/10/1985,7/20/2021,42,57,48.150829,-97.676525,2657570.617,432420.3121,2657759.032,918444.8616,,
131313,15405523BAA5,136,136B,FALSE,Inkster,TRUE,,Observation Well,29,8/17/2021,10/14/2025,45,50,48.150895,-97.676636,2657542.657,432443.3783,2657731.081,918467.9542,,1085.97
6136,15405523DAA,137,137A,FALSE,Inkster,TRUE,,Observation Well - Plugged,264,9/26/1985,7/20/2021,27,33,48.143953,-97.665712,2660300.64,430010.7144,2660488.017,916032.6413,,
131324,15405523DAA2,137,137B,FALSE,Inkster,TRUE,,Observation Well - PRESENS,19439,8/17/2021,10/27/2025,27,33,48.143954,-97.665724,2660297.699,430010.9711,2660485.075,916032.9002,,1066.300956
127027,15405523DBA,138,138A,FALSE,Inkster,TRUE,,Observation Well,103,11/1/2010,10/14/2025,30,35,48.143955,-97.670653,2659095.151,429967.0876,2659282.18,915989.8822,,1084.218333
6137,15405523DBB1,139,139A,FALSE,Inkster,TRUE,,Observation Well,278,10/14/1987,10/14/2025,50,55,48.143914,-97.676339,2657708.475,429901.1935,2657895.094,915924.9801,,1085.725
6138,15405523DBB2,139,139B,FALSE,Inkster,TRUE,,Observation Well,278,10/14/1987,10/14/2025,33,38,48.143914,-97.676339,2657708.475,429901.1935,2657895.094,915924.9801,,1085.801667
6139,15405523DBB3,139,139C,FALSE,Inkster,TRUE,,Observation Well,168,10/14/1987,10/14/2025,12,17,48.143941,-97.676338,2657708.358,429911.0449,2657894.984,915934.8342,,1085.71
6141,15405526BBB,140,140A,FALSE,Inkster,TRUE,,Observation Well - Plugged,266,9/26/1985,7/20/2021,38,42,48.136766,-97.686556,2655311.057,427204.1738,2655495.094,913228.9984,,
131325,15405526BBB2,140,140B,FALSE,Inkster,TRUE,,Observation Well - PRESENS,19463,8/17/2021,10/27/2025,37,42,48.136773,-97.686535,2655316.088,427206.9129,2655500.128,913231.7346,,1098.165719
127025,15405527ADD,141,141A,FALSE,Inkster,TRUE,,Observation Well,104,11/1/2010,10/14/2025,48,53,48.129714,-97.687425,2655192.961,424625.6917,2655375.1,910649.9376,,1096.43
127024,15405527DCD1,142,142A,FALSE,Inkster,TRUE,,Observation Well,102,11/1/2010,10/14/2025,29,34,48.122386,-97.691446,2654309.156,421918.5095,2654489.11,907942.7052,,1107.25
129240,15405535ABA3,143,143A,FALSE,Inkster,TRUE,,Observation Well - Plugged,22,6/9/2015,11/18/2020,3,8,48.122246,-97.670081,2659525.692,422058.4988,2659707.07,908078.9428,,
