,Site_Index,Location,USGS_ID,County,Basin,Aquifer,Purpose,Casing,Diameter,Measuring_Point_Elev_NVGD29,Land_Surface_Elev_NVGD29,Measuring_Point_Elev_NAVD88,Land_Surface_Elev_NAVD88,Elev_Type,Date_Drilled,Total_Depth,Bedrock_Depth,Top_Screen,Bottom_Screen,Longitude,Latitude,Coord_Type,geometry,Aquifer_sort,record_span_days,index_right,row,column
16,3448,15106329AAC2,475224098443202,Benson,Devils Lake Basin,Warwick,Observation Well - Recorder,Steel,6.0,1480.1899999999998,1479.78,1481.36,1480.95,Global Position Survey,1951-06-04,80.0,0.0,57.0,67.0,-98.743824,47.872928,GPS - Surveyed,POINT (2399467.983140538 323328.5181358643),Warwick,26743,12261,80,17
6,5386,15006313BBB,474857098402001,Eddy,Sheyenne River,Warwick,Observation Well,Steel,1.5,1481.11,1476.43,1482.29,1477.61,Global Position Survey,1952-01-01,17.0,0.0,15.0,17.0,-98.673039,47.818375,GPS - Surveyed,POINT (2417307.4820887716 303839.13416005106),Warwick,26452,16783,109,44
40,3395,15106219ADD1,475258098375001,Benson,Devils Lake Basin,Warwick,Observation Well,PVC,4.0,1482.24,1481.16,1483.43,1482.35,Global Position Survey,1967-10-19,80.0,45.0,33.0,38.0,-98.630294,47.88404,GPS - Surveyed,POINT (2427224.418680529 328036.61806598643),Warwick,20836,11218,73,59
36,3438,15106325BBB,475225098401401,Benson,Devils Lake Basin,Warwick,Observation Well,ABS,1.25,1475.31,1473.4299999999998,1476.49,1474.61,Global Position Survey,1967-01-01,53.0,0.0,45.0,47.0,-98.673074,47.876484,GPS - Surveyed,POINT (2416796.0014585955 325029.24616392446),Warwick,20788,11822,77,43
8,5390,15006315BBB,474857098425501,Eddy,Sheyenne River,Warwick,Observation Well,Downspout,3.0,1479.41,1478.56,1480.59,1479.74,Global Position Survey,1970-05-08,38.0,0.0,0.0,28.4,-98.715788,47.818417,GPS - Surveyed,POINT (2406807.4900666205 303608.18655913434),Warwick,19918,16922,110,28
7,5382,15006302CCC1,,Eddy,Sheyenne River,Warwick,Observation Well,Downspout,3.0,1473.87,1472.85,1475.05,1474.03,Global Position Survey,,0.0,0.0,0.0,0.0,-98.694203,47.833237,GPS - Surveyed,POINT (2411982.251296781 309136.16009948),Warwick,18777,15535,101,36
146,3388,15106215CCC3,475329098351401,Benson,Sheyenne River,Warwick,Observation Well,PVC,2.0,1480.48,1477.68,1481.68,1478.88,Global Position Survey,1975-10-10,21.0,0.0,16.4,21.4,-98.586655,47.891251,GPS - Surveyed,POINT (2437863.434430162 330929.1769282051),Warwick,17933,10459,68,75
43,3393,15106219ABB,,Benson,Devils Lake Basin,Warwick,Observation Well,PVC,1.25,1484.8,1483.46,1485.99,1484.65,Global Position Survey,1978-05-16,80.0,53.0,30.0,33.0,-98.640883,47.89099,GPS - Surveyed,POINT (2424565.774933552 330508.11799923534),Warwick,16972,10594,69,55
46,3431,15106322CBB,,Benson,Devils Lake Basin,Warwick,Observation Well,PVC,1.25,1473.85,1471.98,1475.02,1473.15,Global Position Survey,1978-05-18,140.0,0.0,50.0,53.0,-98.715718,47.883627,GPS - Surveyed,POINT (2406273.51564282 327388.70494344673),Warwick,16622,11341,74,27
93,5364,15006204BBA,,Eddy,Sheyenne River,Warwick,Observation Well,PVC,1.25,1473.3,1471.23,1474.48,1472.41,Global Position Survey,1977-07-22,70.0,0.0,50.0,56.0,-98.604187,47.846402,GPS - Surveyed,POINT (2433966.3248985214 314468.25232169806),Warwick,16622,14328,93,69
33,3403,15106220DAD2,,Benson,Sheyenne River,Warwick,Observation Well,PVC,1.25,1471.87,1469.53,1473.06,1470.72,Global Position Survey,1979-07-31,80.0,0.0,55.0,58.0,-98.608787,47.880315,GPS - Surveyed,POINT (2432533.3402650813 326807.13179087953),Warwick,16540,11536,75,67
0,21410,15006218AAA,,Eddy,Sheyenne River,Warwick,Observation Well,,0.0,1476.13,1474.13,1477.3100000000002,1475.3100000000002,Survey 0.01 ft,,17.5,0.0,0.0,17.5,-98.631642,47.817284,,POINT (2427484.576587135 303685.32203416293),Warwick,15239,16953,110,59
158,9711,15106203DDD1,,Ramsey,Sheyenne River,Warwick,Observation Well - Plugged,PVC,1.25,1536.26,1534.13,1537.47,1535.34,Global Position Survey,1973-08-23,380.0,370.0,62.0,65.0,-98.568861,47.919413,GPS - Surveyed,POINT (2441969.920537956 341307.5720848152),Warwick,13508,8140,53,81
32,3414,15106227AAA1,475225098340201,Benson,Sheyenne River,Warwick,Observation Well - Plugged,PVC,1.25,1471.4,1468.4,1472.59,1469.59,Survey 0.1 ft,1967-01-01,24.0,0.0,14.0,16.0,-98.566656,47.875742,Calculated,POINT (2442910.364665181 325396.3048451229),Warwick,13047,11862,77,83
124,13277,15106225DAA3,,Benson,Sheyenne River,Warwick,Observation Well,PVC,2.0,1481.82,1481.87,1483.0,1483.05,Global Position Survey,1991-07-31,30.0,0.0,18.0,23.0,-98.525646,47.86778,GPS - Surveyed,POINT (2453045.7320730775 322748.3302367837),Warwick,12155,12497,81,98
127,13274,15106224DDC3,,Benson,Sheyenne River,Warwick,Observation Well,PVC,2.0,1486.98,1484.89,1488.17,1486.0800000000002,Global Position Survey,1991-07-25,28.0,0.0,18.0,23.0,-98.529384,47.875406,GPS - Surveyed,POINT (2452057.3741084933 325505.6431954964),Warwick,12149,11875,77,96
132,13271,15106224CCC3,,Benson,Sheyenne River,Warwick,Observation Well,PVC,2.0,1480.93,1479.02,1482.12,1480.21,Global Position Survey,1991-07-25,30.0,0.0,18.0,23.0,-98.546957,47.87612,GPS - Surveyed,POINT (2447739.6019716426 325656.1345127259),Warwick,12149,11714,76,90
135,13269,15106223ABB3,,Benson,Sheyenne River,Warwick,Observation Well,PVC,2.0,1478.53,1476.45,1479.73,1477.65,Global Position Survey,1991-07-31,60.0,0.0,48.0,53.0,-98.557482,47.889643,GPS - Surveyed,POINT (2445033.1040923707 330522.00396338047),Warwick,12149,10625,69,86
17,3428,15106320DDC,,Benson,Devils Lake Basin,Warwick,Observation Well - Plugged,PVC,1.25,1484.14,1482.17,1485.3100000000002,1483.34,Global Position Survey,1978-05-11,60.0,0.0,33.0,36.0,-98.742329,47.876542,GPS - Surveyed,POINT (2399804.700323873 324654.8200384759),Warwick,11782,11951,78,17
77,21537,15006117DCC,,Nelson,Sheyenne River,Warwick,Observation Well - Plugged,PVC,2.0,1442.69,1440.69,1443.85,1441.85,Topographic Map,1985-09-25,50.0,0.0,30.0,35.0,-98.492372,47.803763,Calculated,POINT (2461818.7297614175 299616.12369444466),Warwick,11535,17935,116,111
35,3439,15106325BCB,,Benson,Devils Lake Basin,Warwick,Observation Well,PVC,4.0,1472.72,1470.65,1473.9,1471.8300000000002,Global Position Survey,,0.0,0.0,30.0,50.0,-98.672905,47.872676,GPS - Surveyed,POINT (2416870.4211486666 323641.58209601394),Warwick,11409,12132,79,43
14,3453,15106329DCC,475139098444501,Benson,Devils Lake Basin,Warwick,Observation Well,Steel,1.25,1477.29,1475.29,1478.46,1476.46,Survey 0.01 ft,1967-10-04,47.0,0.0,40.0,42.0,-98.747519,47.862844,Calculated,POINT (2398645.103357346 319630.4863841195),Warwick,9908,13034,85,15
25,3443,15106326CBB,,Benson,Devils Lake Basin,Warwick,Observation Well,Steel,1.25,1468.55,1467.55,1469.72,1468.72,Topographic Map,1967-01-01,16.0,0.0,14.0,16.0,-98.693519,47.868315,Calculated,POINT (2411850.027311997 321931.9021120036),Warwick,9659,12589,82,35
11,3458,15106335CCC,475047098413101,Benson,Devils Lake Basin,Warwick,Observation Well,Steel,1.25,1475.77,1473.77,1476.94,1474.94,Survey 0.01 ft,1968-01-01,26.0,25.0,19.0,24.0,-98.693431,47.848375,Calculated,POINT (2412042.2618415947 314660.93616171443),Warwick,9594,14295,93,36
12,3459,15106335DCC,475047098405201,Benson,Devils Lake Basin,Warwick,Observation Well,Steel,1.25,1467.5,1465.0,1468.67,1466.17,Topographic Map,1968-01-01,51.0,50.0,33.0,38.0,-98.682637,47.848342,Calculated,POINT (2414692.1354180444 314711.26661617064),Warwick,9346,14299,93,40
39,3401,15106220CDA,,Benson,Sheyenne River,Warwick,Observation Well,PVC,1.25,1479.0,1476.9,1480.19,1478.09,Survey 0.1 ft,1979-07-31,140.0,115.0,78.0,81.0,-98.620736,47.879351,Calculated,POINT (2429610.6905253716 326383.8146957763),Warwick,8751,11531,75,62
38,3396,15106219DDA,,Benson,Devils Lake Basin,Warwick,Observation Well,PVC,4.0,1474.2,1468.2,1475.38,1469.38,Survey 0.1 ft,1979-12-22,70.0,0.0,40.0,45.0,-98.631479,47.879313,Calculated,POINT (2426975.583106614 326305.80524219456),Warwick,8148,11527,75,58
31,30251,15106227AAA3,,Benson,Sheyenne River,Warwick,Observation Well,PVC,2.0,1470.27,1467.04,1471.46,1468.23,Global Position Survey,2003-08-20,20.0,0.0,6.0,11.0,-98.565511,47.875133,GPS - Surveyed,POINT (2443196.847764813 325181.2876877128),Warwick,7761,11862,77,83
106,31743,15006201DDA6,,Eddy,Sheyenne River,Warwick,Observation Well,PVC,2.0,1471.46,1469.6699999999998,1472.63,1470.84,Global Position Survey,2005-05-25,20.0,0.0,14.0,19.0,-98.525828,47.834299,GPS - Surveyed,POINT (2453314.1739087473 310538.409729103),Warwick,7090,15287,99,98
114,31753,15006201DCBB6,,Eddy,Sheyenne River,Warwick,Observation Well,PVC,2.0,1475.43,1473.73,1476.6,1474.9,Global Position Survey,2005-06-02,16.0,0.0,10.0,15.0,-98.536143,47.835339,GPS - Surveyed,POINT (2450771.928393383 310852.86531041656),Warwick,7090,15283,99,94
26,3442,15106326BCC,,Benson,Devils Lake Basin,Warwick,Observation Well,Steel,1.25,1468.5,1467.0,1469.67,1468.17,Topographic Map,1967-01-01,14.0,0.0,10.0,12.0,-98.693536,47.870157,Calculated,POINT (2411830.0934621347 322603.5228213007),Warwick,6880,12434,81,35
15,21298,15106332ABD2, ,Benson,Devils Lake Basin,Warwick,Observation Well,Unknown,2.0,1473.59,1470.62,1474.76,1471.79,Survey 0.01 ft,1975-10-09,23.0,0.0,0.0,17.0,-98.744684,47.859245,Calculated,POINT (2399370.750807419 318333.8774911599),Warwick,6727,13345,87,16
13,3460,15106336CCC,475047098401401,Benson,Devils Lake Basin,Warwick,Observation Well,Steel,1.25,1470.0,1468.0,1471.17,1469.17,Topographic Map,1968-08-13,82.0,0.0,19.0,24.0,-98.671802,47.848317,Calculated,POINT (2417351.998499013 314765.12491380057),Warwick,6567,14303,93,44
18,127033,15106320DDC1,,Benson,Devils Lake Basin,Warwick,Observation Well,PVC,2.0,1484.86,1482.23,1486.03,1483.4,Global Position Survey,2010-10-14,43.0,0.0,38.0,43.0,-98.742377,47.876544,GPS - Surveyed,POINT (2399792.907383596 324655.28051508375),Warwick,5130,11951,78,17
159,127029,15106203DDD6,,Ramsey,Sheyenne River,Warwick,Observation Well,PVC,2.0,1537.17,1534.48,1538.38,1535.69,Global Position Survey,2010-10-12,65.0,0.0,61.0,66.0,-98.568882,47.919419,GPS - Surveyed,POINT (2441964.7180675464 341309.6308881559),Warwick,5130,8140,53,81
52,21218,15106214BBB,475414098335801,Benson,Sheyenne River,Warwick,Observation Well,,0.0,1492.99,1490.99,1494.19,1492.19,Survey 0.01 ft,1970-05-18,23.0,0.0,0.0,19.1,-98.567761,47.903106,,POINT (2442388.8136099377 335367.90265788994),Warwick,3788,9536,62,82
1,21408,15006216CBC,,Eddy,Sheyenne River,Warwick,Observation Well,PVC,2.0,1465.16,1463.16,1466.34,1464.34,Survey 0.01 ft,1985-10-01,40.0,0.0,24.0,30.0,-98.607873,47.808505,,POINT (2433401.184182392 300626.5940280118),Warwick,2927,17582,114,68
2,21407,15006216ADD,,Eddy,Sheyenne River,Warwick,Observation Well,PVC,2.0,1481.34,1479.34,1482.52,1480.52,Survey 0.01 ft,1985-10-01,40.0,0.0,15.0,20.0,-98.588551,47.812015,,POINT (2438115.8649574933 302023.78886739694),Warwick,2884,17279,112,75
41,3400,15106220BDD,,Benson,Devils Lake Basin,Warwick,Observation Well,Unknown,4.0,1484.0,1480.0,1485.19,1481.19,Topographic Map,,0.0,0.0,0.0,98.0,-98.620735,47.884834,Calculated,POINT (2429562.125795089 328383.25335575576),Warwick,1442,11066,72,62
22,21261,15106320CADA,475251098445801,Benson,Devils Lake Basin,Warwick,Observation Well,Unknown,2.0,1481.4,1479.4,1482.5700000000002,1480.5700000000002,Survey 0.1 ft,1990-10-16,213.0,0.0,0.0,147.0,-98.750016,47.881435,,POINT (2397878.212819163 326396.20810865966),Warwick,1227,11483,75,14
27,21283,15106329ADDB,475212098430701,Benson,Devils Lake Basin,Warwick,Observation Well,Unknown,2.0,1478.69,1476.69,1479.86,1477.86,Survey 0.01 ft,1990-10-31,193.0,0.0,0.0,170.0,-98.740044,47.870633,,POINT (2400414.5638404787 322512.77306162886),Warwick,1224,12417,81,18
5,131918,15006313BBB2,,Eddy,,Warwick,Observation Well - PRESENS,PVC,2.0,1479.03,1476.02,1480.21,1477.2,Global Position Survey,2022-07-25,120.0,0.0,33.0,38.0,-98.673024,47.818358,GPS - Handheld,POINT (2417311.313358264 303833.02230734925),Warwick,972,16783,109,44
23,130493,15106233CDB,,Benson,Sheyenne River,Warwick,Test Well,Plastic,4.0,1470.2,1470.0,1471.38,1471.18,Topographic Map,1979-09-07,100.0,0.0,60.0,80.0,-98.60172,47.850179,Calculated,POINT (2434537.9400581955 315860.48432905093),Warwick,792,14019,91,70
24,130495,15106233CDA,,Benson,Sheyenne River,Warwick,Test Well,Plastic,4.0,1470.3,1470.0,1471.48,1471.18,Topographic Map,1979-09-07,60.0,0.0,40.0,50.0,-98.599026,47.850179,Calculated,POINT (2435199.191654001 315876.80174423027),Warwick,787,14020,91,71
45,3430,15106320DDD2,,Benson,Devils Lake Basin,Warwick,Observation Well - Plugged,PVC,1.25,1479.4,1480.0,1480.5700000000002,1481.17,Topographic Map,1978-05-18,80.0,0.0,61.0,64.0,-98.739403,47.87747,Calculated,POINT (2400514.8233656525 325009.6407564427),Warwick,708,11797,77,18
75,9360,15006130ABB,,Nelson,Sheyenne River,Spiritwood,Observation Well,ABS,1.25,1460.28,1458.59,1461.45,1459.76,Global Position Survey,1968-06-18,380.0,320.0,237.0,240.0,-98.511973,47.788193,GPS - Surveyed,POINT (2457150.067310499 293813.6427534092),Spiritwood,20571,19323,125,104
37,3433,15106325AAB,475230098392201,Benson,Devils Lake Basin,Spiritwood,Observation Well,ABS,1.25,1471.25,1469.08,1472.43,1470.26,Global Position Survey,1968-06-24,140.0,0.0,90.0,93.0,-98.656892,47.876507,GPS - Surveyed,POINT (2420765.7932185954 325132.2659147042),Spiritwood,20564,11828,77,49
30,3415,15106227AAA2,,Benson,Sheyenne River,Spiritwood,Observation Well,ABS,1.25,1468.99,1466.9299999999998,1470.18,1468.12,Global Position Survey,1969-09-10,320.0,290.0,198.0,204.0,-98.565542,47.875023,GPS - Surveyed,POINT (2443190.2504374925 325140.9846767722),Spiritwood,20152,11862,77,83
55,3387,15106215BBB,475409098350801,Benson,Sheyenne River,Spiritwood,Observation Well,ABS,1.25,1495.29,1493.4,1496.49,1494.6,Global Position Survey,1969-09-11,240.0,216.0,198.0,204.0,-98.5868,47.905326,GPS - Surveyed,POINT (2437700.3130786894 336060.84135593957),Spiritwood,20152,9374,61,75
117,3423,15106236CCC,475047098323601,Benson,Sheyenne River,Spiritwood,Observation Well,ABS,1.25,1463.24,1461.16,1464.42,1462.34,Global Position Survey,1969-09-10,270.0,262.0,197.0,203.0,-98.544008,47.84662,GPS - Surveyed,POINT (2448736.3990831906 314917.3146384615),Spiritwood,20152,14350,93,91
108,9349,15006106BBB,,Nelson,Sheyenne River,Spiritwood,Observation Well,ABS,1.25,1464.33,1462.51,1465.5,1463.68,Global Position Survey,1969-07-28,320.0,301.0,197.0,203.0,-98.5254,47.846024,GPS - Surveyed,POINT (2453309.587441065 314816.5957329698),Spiritwood,20122,14357,93,98
53,3386,15106215AAA,,Benson,Sheyenne River,Spiritwood,Observation Well,ABS,1.25,1492.77,1490.77,1493.97,1491.97,Global Position Survey,1969-10-17,340.0,319.0,197.0,203.0,-98.569292,47.904076,GPS - Surveyed,POINT (2442004.5406509177 335712.1992466654),Spiritwood,20088,9380,61,81
136,3410,15106224AAA,475322098313601,Benson,Sheyenne River,Spiritwood,Observation Well,ABS,1.25,1492.78,1490.71,1493.97,1491.9,Global Position Survey,1969-10-16,220.0,208.0,197.0,203.0,-98.525707,47.889187,GPS - Surveyed,POINT (2452830.5641014655 330553.9860900469),Spiritwood,20088,10637,69,98
145,3406,15106221BAA,475317098355601,Benson,Sheyenne River,Spiritwood,Observation Well,ABS,1.25,1485.58,1484.16,1486.78,1485.36,Global Position Survey,1969-10-16,200.0,196.0,160.0,166.0,-98.600298,47.891015,GPS - Surveyed,POINT (2434519.497956028 330760.24841418513),Spiritwood,20088,10609,69,70
144,3407,15106222BBB2,475317098350802,Benson,Sheyenne River,Spiritwood,Observation Well - Plugged,Steel,1.25,1476.27,1474.78,1477.47,1475.98,Global Position Survey,1969-10-16,200.0,184.0,171.0,177.0,-98.586752,47.890694,GPS - Surveyed,POINT (2437844.692522214 330725.471835275),Spiritwood,19979,10614,69,75
76,9357,15006119BBB,,Nelson,Sheyenne River,Spiritwood,Observation Well,ABS,1.25,1462.47,1460.23,1463.64,1461.4,Global Position Survey,1970-06-06,300.0,291.0,175.0,181.0,-98.522536,47.802905,GPS - Surveyed,POINT (2454416.504110497 299111.44945810933),Spiritwood,19849,18079,117,100
178,9726,15206233DCB,,Ramsey,Devils Lake Basin,Spiritwood,Observation Well - Plugged,PVC,1.25,1486.05,1483.85,1487.26,1485.06,Global Position Survey,1973-08-22,380.0,344.0,200.0,203.0,-98.598647,47.934689,GPS - Surveyed,POINT (2434531.0630384646 346696.3673098814),Spiritwood,18561,6734,44,70
9,5365,15006206BBC,,Eddy,Sheyenne River,Spiritwood,Observation Well,ABS,1.25,1470.49,1468.56,1471.67,1469.74,Global Position Survey,1978-05-17,160.0,129.0,123.0,126.0,-98.651718,47.843361,GPS - Surveyed,POINT (2422325.349371922 313075.5793521773),Spiritwood,16972,14620,95,51
130,3411,15106224CCC,,Benson,Sheyenne River,Spiritwood,Observation Well,PVC,1.25,1481.62,1479.25,1482.81,1480.44,Global Position Survey,1978-05-11,320.0,300.0,258.0,261.0,-98.546958,47.876041,GPS - Surveyed,POINT (2447740.087511517 325627.3208279778),Spiritwood,16972,11714,76,90
133,3409,15106223ABB,,Benson,Sheyenne River,Spiritwood,Observation Well,PVC,1.25,1478.26,1476.25,1479.46,1477.45,Global Position Survey,1978-05-12,320.0,277.0,228.0,231.0,-98.557377,47.88962,GPS - Surveyed,POINT (2445059.068370759 330514.2667978471),Spiritwood,16972,10625,69,86
3,5370,15006216AAA,,Eddy,Sheyenne River,Spiritwood,Observation Well - Plugged,ABS,1.25,1474.55,1472.42,1475.73,1473.6,Global Position Survey,1978-05-16,200.0,169.0,152.0,155.0,-98.587698,47.818267,GPS - Surveyed,POINT (2438268.756540403 304308.8091676958),Spiritwood,16854,16814,109,75
160,9713,15106209ABB,,Ramsey,Devils Lake Basin,Spiritwood,Observation Well - Plugged,ABS,1.25,1495.49,1494.23,1496.7,1495.44,Global Position Survey,1973-08-23,240.0,219.0,197.0,203.0,-98.5976,47.919937,GPS - Surveyed,POINT (2434920.5739670717 341323.2470727744),Spiritwood,16822,8129,53,70
78,5374,15006223BBB,,Eddy,Sheyenne River,Spiritwood,Observation Well - PRESENS,PVC,4.0,1463.74,1461.73,1464.91,1462.9,Global Position Survey,1979-04-22,0.0,0.0,154.0,178.0,-98.564756,47.803208,GPS - Surveyed,POINT (2444041.4206985356 298958.3392787501),Spiritwood,16777,18063,117,84
148,3382,15106213CBB,,Benson,Sheyenne River,Spiritwood,Observation Well,PVC,1.25,1496.18,1494.55,1497.38,1495.75,Global Position Survey,1978-10-05,360.0,321.0,238.0,241.0,-98.546714,47.896944,GPS - Surveyed,POINT (2447606.539343356 333251.1562579702),Spiritwood,16776,10009,65,90
152,3379,15106212DCC,,Benson,Sheyenne River,Spiritwood,Observation Well,PVC,1.25,1511.54,1509.58,1512.74,1510.78,Global Position Survey,1978-10-04,300.0,291.0,235.0,238.0,-98.53554,47.90435,GPS - Surveyed,POINT (2450277.7914708047 336021.4897365784),Spiritwood,16775,9393,61,94
48,3398,15106220ABB,,Benson,Devils Lake Basin,Spiritwood,Observation Well,PVC,1.25,1482.56,1481.45,1483.75,1482.64,Global Position Survey,1978-05-16,200.0,181.0,148.0,151.0,-98.618242,47.891003,GPS - Surveyed,POINT (2430118.646066249 330647.78080153815),Spiritwood,16622,10602,69,63
161,9712,15106203DDD2,,Ramsey,Devils Lake Basin,Spiritwood,Observation Well,PVC,1.25,1537.89,1535.06,1539.1,1536.27,Global Position Survey,1978-05-18,320.0,0.0,260.0,263.0,-98.568872,47.919537,GPS - Surveyed,POINT (2441966.089865237 341352.72177459946),Spiritwood,16622,8140,53,81
34,3402,15106220DAD1,,Benson,Sheyenne River,Spiritwood,Observation Well,PVC,1.25,1471.72,1469.45,1472.91,1470.64,Global Position Survey,1979-07-31,200.0,168.0,143.0,146.0,-98.608739,47.880315,GPS - Surveyed,POINT (2432545.1152115245 326807.42107221717),Spiritwood,16540,11536,75,67
44,3392,15106219AAA,,Benson,Devils Lake Basin,Spiritwood,Observation Well - Plugged,PVC,1.25,1486.02,1484.13,1487.21,1485.3200000000002,Global Position Survey,1979-07-31,200.0,189.0,133.0,138.0,-98.630527,47.890999,GPS - Surveyed,POINT (2427105.638033216 330572.91079050925),Spiritwood,16499,10598,69,59
118,3421,15106234DDD,475048098340201,Benson,Sheyenne River,Spiritwood,Observation Well - Plugged,ABS,1.25,1467.9,1465.8,1469.0800000000002,1466.98,Global Position Survey,1967-10-19,220.0,180.0,167.0,170.0,-98.565747,47.847522,GPS - Surveyed,POINT (2443391.9343194175 315111.39713344455),Spiritwood,15651,14187,92,83
84,9352,15006106CCC2,,Nelson,Sheyenne River,Spiritwood,Observation Well,PVC,1.25,1470.3,1468.07,1471.47,1469.24,Global Position Survey,1983-09-07,320.0,291.0,198.0,203.0,-98.52524,47.831936,GPS - Surveyed,POINT (2453480.645400652 309680.45146797766),Spiritwood,14985,15598,101,99
89,5363,15006203DDD,,Eddy,Sheyenne River,Spiritwood,Observation Well,PVC,1.25,1476.74,1473.13,1477.92,1474.3100000000002,Global Position Survey,1983-08-31,200.0,182.0,168.0,173.0,-98.565772,47.832984,GPS - Surveyed,POINT (2443518.9997473937 309809.9283672416),Spiritwood,14985,15427,100,83
137,9372,15106130AAA,,Nelson,Devils Lake Basin,Spiritwood,Observation Well,PVC,1.25,1507.22,1505.66,1508.4,1506.84,Global Position Survey,1983-09-07,240.0,233.0,218.0,223.0,-98.505022,47.875145,GPS - Surveyed,POINT (2458036.504056363 325564.41397668154),Spiritwood,14984,11729,76,105
151,3384,15106214AAA,475414098325201,Benson,Sheyenne River,Spiritwood,Observation Well - Plugged,ABS,1.25,1511.78,1510.06,1512.98,1511.26,Global Position Survey,1969-09-11,300.0,280.0,218.0,224.0,-98.547162,47.903767,GPS - Surveyed,POINT (2447433.5609567123 335736.3925975352),Spiritwood,14980,9388,61,89
80,5366,15006210DDD,,Eddy,Sheyenne River,Spiritwood,Observation Well - Plugged,PVC,1.25,1475.57,1473.68,1476.74,1474.85,Global Position Survey,1983-08-31,200.0,192.0,168.0,173.0,-98.565702,47.818609,GPS - Surveyed,POINT (2443667.900124032 304568.4915747748),Spiritwood,14945,16668,108,84
120,3422,15106236AAA,,Benson,Sheyenne River,Spiritwood,Observation Well,PVC,1.25,1479.12,1476.81,1480.3,1477.99,Global Position Survey,1983-09-02,260.0,248.0,198.0,203.0,-98.525676,47.860622,GPS - Surveyed,POINT (2453105.314546128 320137.9885350056),Spiritwood,14839,13117,85,98
28,3418,15106227DDDA,475146098340501,Benson,Sheyenne River,Spiritwood,Observation Well,PVC,1.25,1466.45,1463.95,1467.63,1465.13,Global Position Survey,1983-09-01,220.0,197.0,188.0,193.0,-98.565438,47.864367,GPS - Surveyed,POINT (2443313.4160603373 321255.8797276788),Spiritwood,14838,12792,83,83
122,9375,15106132BBB,,Nelson,Devils Lake Basin,Spiritwood,Observation Well,PVC,1.25,1467.09,1465.16,1468.27,1466.34,Global Position Survey,1983-09-07,200.0,185.0,168.0,173.0,-98.499461,47.860568,GPS - Surveyed,POINT (2459538.9066843037 320284.38475896715),Spiritwood,14838,12972,84,108
70,5375,15006224CBB,,Eddy,Sheyenne River,Spiritwood,Observation Well - Plugged,PVC,1.25,1464.78,1462.86,1465.95,1464.03,Global Position Survey,1983-08-30,200.0,177.0,158.0,163.0,-98.543866,47.79568,GPS - Surveyed,POINT (2449243.268432668 296342.98192760686),Spiritwood,14723,18691,121,92
72,9307,14906105DDD,,Nelson,Sheyenne River,Spiritwood,Observation Well - Plugged,ABS,1.25,1479.0,1477.0,1480.17,1478.17,Topographic Map,1970-06-04,320.0,311.0,197.0,203.0,-98.484134,47.745779,Calculated,POINT (2464396.195082732 278525.7162781636),Spiritwood,13788,22899,148,115
153,9369,15106107CCC,,Nelson,Devils Lake Basin,Spiritwood,Observation Well - Plugged,PVC,1.25,1517.2,1515.14,1518.4,1516.34,Global Position Survey,1983-09-07,235.0,0.0,178.0,183.0,-98.525302,47.904268,GPS - Surveyed,POINT (2452788.8270041854 336055.8152686599),Spiritwood,13762,9397,61,98
65,9728,15206313ABD,,Ramsey,Devils Lake Basin,Spiritwood,Observation Well - Plugged,ABS,1.25,1473.82,1472.0,1475.04,1473.22,Global Position Survey,1973-08-21,360.0,340.0,297.0,303.0,-98.659876,47.988088,GPS - Surveyed,POINT (2419061.095239891 365804.67227309925),Spiritwood,13510,2370,16,46
67,9715,15206207ACA1,,Ramsey,Devils Lake Basin,Spiritwood,Observation Well - Plugged,ABS,1.25,1494.64,1492.58,1495.88,1493.82,Global Position Survey,1973-08-21,300.0,285.0,197.0,203.0,-98.639026,48.00172,GPS - Surveyed,POINT (2424045.0869967015 370898.52196242067),Spiritwood,13509,1138,8,54
170,9721,15206233CDA1,,Ramsey,Devils Lake Basin,Spiritwood,Observation Well - Plugged,PVC,1.25,1488.17,1486.46,1489.38,1487.67,Global Position Survey,1987-09-17,340.0,0.0,318.0,323.0,-98.599359,47.934687,GPS - Surveyed,POINT (2434356.6032372513 346691.3293709003),Spiritwood,13439,6734,44,70
171,9723,15206233CDA3,,Ramsey,Devils Lake Basin,Spiritwood,Observation Well - Plugged,PVC,1.25,1488.34,1486.77,1489.55,1487.98,Global Position Survey,1987-09-21,180.0,0.0,168.0,173.0,-98.599237,47.934685,GPS - Surveyed,POINT (2434386.5177274467 346691.33821056713),Spiritwood,13439,6734,44,70
95,9348,15006105DDD,,Nelson,Sheyenne River,Spiritwood,Observation Well - Plugged,ABS,1.25,1455.8,1454.2,1456.96,1455.36,Survey 0.1 ft,1968-06-25,200.0,170.0,167.0,170.0,-98.484314,47.832701,Calculated,POINT (2463521.989244292 310219.8527219435),Spiritwood,12802,15458,100,114
125,13276,15106225DAA2,,Benson,Sheyenne River,Spiritwood,Observation Well,PVC,2.0,1482.16,1482.17,1483.34,1483.35,Global Position Survey,1991-07-30,160.0,0.0,148.0,153.0,-98.525651,47.867808,GPS - Surveyed,POINT (2453044.243386197 322758.5089294881),Spiritwood,12156,12497,81,98
126,13275,15106225DAA1,,Benson,Sheyenne River,Spiritwood,Observation Well,PVC,2.0,1482.1,1482.17,1483.28,1483.35,Global Position Survey,1991-07-30,240.0,231.0,218.0,223.0,-98.525659,47.867848,GPS - Surveyed,POINT (2453041.906381135 322773.04452534515),Spiritwood,12156,12497,81,98
180,13279,15206234AAD2,,Ramsey,Devils Lake Basin,Spiritwood,Observation Well,PVC,2.0,1461.37,1459.65,1462.59,1460.87,Global Position Survey,1991-07-23,140.0,0.0,128.0,133.0,-98.5689,47.943996,GPS - Surveyed,POINT (2441735.4848969514 350271.68209144496),Spiritwood,12156,5970,39,81
181,13278,15206234AAD1,,Ramsey,Devils Lake Basin,Spiritwood,Observation Well,PVC,2.0,1461.42,1459.61,1462.64,1460.83,Global Position Survey,1991-07-22,200.0,175.0,158.0,163.0,-98.568899,47.944033,GPS - Surveyed,POINT (2441735.391441087 350285.1805482564),Spiritwood,12156,5970,39,81
167,13267,15106203ADDA,,Ramsey,Devils Lake Basin,Spiritwood,Observation Well,PVC,1.25,1609.43,1607.64,1610.64,1608.85,Global Position Survey,1991-07-23,400.0,0.0,350.0,355.0,-98.568876,47.927621,GPS - Surveyed,POINT (2441891.1592066 344300.57692877116),Spiritwood,12155,7365,48,81
179,13280,15206234DDA,,Ramsey,Devils Lake Basin,Spiritwood,Observation Well,PVC,2.0,1531.53,1529.62,1532.75,1530.84,Global Position Survey,1991-07-23,280.0,267.0,238.0,243.0,-98.568841,47.936905,GPS - Surveyed,POINT (2441814.808087443 347686.26287174795),Spiritwood,12155,6590,43,81
128,13273,15106224DDC2,,Benson,Sheyenne River,Spiritwood,Observation Well,PVC,2.0,1486.8,1484.88,1487.99,1486.0700000000002,Global Position Survey,1991-07-25,160.0,0.0,148.0,153.0,-98.529311,47.875406,GPS - Surveyed,POINT (2452075.2830733866 325506.10165770864),Spiritwood,12149,11875,77,96
129,13272,15106224DDC1,,Benson,Sheyenne River,Spiritwood,Observation Well,PVC,2.0,1486.55,1484.53,1487.74,1485.72,Global Position Survey,1991-07-25,240.0,231.0,218.0,223.0,-98.52926,47.875408,GPS - Surveyed,POINT (2452087.7761451607 325507.15126177703),Spiritwood,12149,11875,77,96
131,13270,15106224CCC2,,Benson,Sheyenne River,Spiritwood,Observation Well,PVC,2.0,1481.44,1479.26,1482.63,1480.45,Global Position Survey,1991-07-25,160.0,0.0,148.0,153.0,-98.546958,47.87609,GPS - Surveyed,POINT (2447739.634189438 325645.1887465716),Spiritwood,12149,11714,76,90
134,13268,15106223ABB2,,Benson,Sheyenne River,Spiritwood,Observation Well,PVC,2.0,1478.1,1476.26,1479.3,1477.46,Global Position Survey,1991-07-31,160.0,0.0,148.0,153.0,-98.55742,47.889633,GPS - Surveyed,POINT (2445048.4024262032 330518.7411528392),Spiritwood,12149,10625,69,86
176,13265,15106106CCC,,Nelson,Devils Lake Basin,Spiritwood,Observation Well,PVC,2.0,1514.44,1514.49,1515.65,1515.7,Global Position Survey,1991-07-24,250.0,237.0,223.0,228.0,-98.52541,47.919295,GPS - Surveyed,POINT (2452621.790403566 341534.7364141132),Spiritwood,12149,8001,52,97
177,13266,15106201AAD,,Ramsey,Devils Lake Basin,Spiritwood,Observation Well,PVC,2.0,1497.57,1495.85,1498.78,1497.06,Global Position Survey,1991-07-30,220.0,193.0,178.0,183.0,-98.525712,47.92961,GPS - Surveyed,POINT (2452451.2967581972 345294.21212248324),Spiritwood,12149,7226,47,97
183,9719,15206227AAA,,Ramsey,Undifferen,Spiritwood,Observation Well - Plugged,ABS,4.0,1451.3,1450.3,1452.53,1451.53,Survey 0.1 ft,1973-08-24,200.0,190.0,138.0,143.0,-98.569948,47.961332,Calculated,POINT (2441320.2204341847 356586.9467208874),Spiritwood,10904,4419,29,80
66,3506,15206310DAC,475944098415901,Benson,Devils Lake Basin,Spiritwood,Observation Well,ABS,1.25,1445.94,1443.6,1447.14,1444.8,Survey 0.1 ft,1968-07-18,240.0,210.0,171.0,174.0,-98.69929,47.99657,Calculated,POINT (2409339.943501155 368669.6739435668),Spiritwood,9586,1581,11,32
123,9373,15106130BBB,,Nelson,Devils Lake Basin,Spiritwood,Observation Well - Plugged,ABS,1.25,1455.0,1453.2,1456.18,1454.38,Survey 0.1 ft,1968-06-25,280.0,245.0,197.0,200.0,-98.524239,47.874408,Calculated,POINT (2453328.9274231973 325174.0776239556),Spiritwood,8416,11877,77,98
62,30254,15106208ABB,,Ramsey,Sheyenne River,Spiritwood,Observation Well - PRESENS,PVC,2.0,1503.99,1501.94,1505.19,1503.14,Global Position Survey,2003-08-19,240.0,224.0,170.0,175.0,-98.616079,47.920613,GPS - Surveyed,POINT (2430384.9025727813 341458.3629702206),Spiritwood,7915,7968,52,64
101,30216,15006201CDC,,Eddy,Sheyenne River,Spiritwood,Observation Well - PRESENS,PVC,2.0,1474.31,1472.52,1475.48,1473.69,Global Position Survey,2003-07-28,300.0,279.0,258.0,263.0,-98.538511,47.832966,GPS - Surveyed,POINT (2450212.5887100725 309972.73076510726),Spiritwood,7915,15438,100,94
164,30228,15106117CCC,,Nelson,Sheyenne River,Spiritwood,Observation Well,PVC,2.0,1482.75,1481.01,1483.94,1482.2,Global Position Survey,2003-08-06,240.0,230.0,186.0,191.0,-98.50453,47.889833,GPS - Surveyed,POINT (2458018.368149184 330923.47038514534),Spiritwood,7768,10489,68,105
92,30215,15006203CCC,,Eddy,Sheyenne River,Spiritwood,Observation Well,PVC,2.0,1477.48,1475.74,1478.66,1476.92,Global Position Survey,2003-07-28,190.0,169.0,155.0,160.0,-98.587131,47.833059,GPS - Surveyed,POINT (2438273.981002597 309706.23487445025),Spiritwood,7767,15574,101,75
121,30226,15106131BCC,,Nelson,Sheyenne River,Spiritwood,Observation Well,PVC,2.0,1467.42,1465.08,1468.6,1466.26,Global Position Survey,2003-08-05,310.0,303.0,198.0,203.0,-98.525309,47.853634,GPS - Surveyed,POINT (2453260.7412173357 317592.13812362094),Spiritwood,7767,13737,89,98
81,30220,15006117AAA,,Nelson,Sheyenne River,Spiritwood,Observation Well,PVC,2.0,1465.88,1463.81,1467.0400000000002,1464.97,Global Position Survey,2003-07-30,200.0,188.0,158.0,163.0,-98.482969,47.815747,GPS - Surveyed,POINT (2464014.209121771 304046.36867434165),Spiritwood,7762,16854,109,115
82,30218,15006118BBB3,,Nelson,Sheyenne River,Spiritwood,Observation Well,PVC,2.0,1459.44,1457.37,1460.61,1458.54,Global Position Survey,2003-07-29,339.0,0.0,292.0,302.0,-98.525348,47.816585,GPS - Surveyed,POINT (2453597.7173773837 304082.0778016071),Spiritwood,7762,16838,109,99
54,30242,15106216BBB,,Benson,Sheyenne River,Spiritwood,Observation Well,PVC,2.0,1523.26,1521.68,1524.46,1522.88,Global Position Survey,2003-08-13,240.0,228.0,208.0,218.0,-98.608064,47.905512,GPS - Surveyed,POINT (2432484.88256506 335999.81106985774),Spiritwood,7761,9366,61,67
61,30240,15106217BBB2,,Benson,Sheyenne River,Spiritwood,Observation Well,PVC,2.0,1497.13,1495.22,1498.3200000000002,1496.41,Global Position Survey,2003-08-14,220.0,203.0,178.0,188.0,-98.62971,47.905471,GPS - Surveyed,POINT (2427177.80161019 335855.1673983072),Spiritwood,7761,9358,61,59
63,30239,15206216BBB,,Ramsey,Sheyenne River,Spiritwood,Observation Well,PVC,2.0,1496.32,1492.86,1497.56,1494.1,Global Position Survey,2003-08-14,200.0,184.0,168.0,173.0,-98.611694,47.990936,GPS - Surveyed,POINT (2430830.7206680533 367128.87095785415),Spiritwood,7761,2078,14,64
73,30221,15006116DDD,,Nelson,Sheyenne River,Spiritwood,Observation Well,PVC,2.0,1465.94,1463.05,1467.09,1464.2,Global Position Survey,2003-07-31,180.0,165.0,148.0,153.0,-98.461853,47.802955,GPS - Surveyed,POINT (2469323.927439851 299518.5159762007),Spiritwood,7761,17947,116,123
87,30217,15006212CAC,,Eddy,Sheyenne River,Spiritwood,Observation Well,PVC,2.0,1472.82,1470.45,1473.99,1471.62,Global Position Survey,2003-07-29,260.0,0.0,226.0,231.0,-98.538293,47.823701,GPS - Surveyed,POINT (2450352.208908913 306595.6260069),Spiritwood,7761,16213,105,94
109,30231,15106131CDD,,Nelson,Sheyenne River,Spiritwood,Observation Well,PVC,2.0,1458.57,1457.03,1459.74,1458.2,Global Position Survey,2003-08-07,220.0,202.0,158.0,163.0,-98.51536,47.846338,GPS - Surveyed,POINT (2455771.121196801 314994.47175240645),Spiritwood,7761,14361,93,102
110,30232,15106131DDD,,Nelson,Sheyenne River,Spiritwood,Observation Well,PVC,2.0,1464.88,1462.86,1466.0500000000002,1464.03,Global Position Survey,2003-08-07,220.0,204.0,113.0,118.0,-98.504657,47.846275,GPS - Surveyed,POINT (2458398.921738626 315039.4147952154),Spiritwood,7761,14210,92,106
147,30244,15106214DDD,,Benson,Sheyenne River,Spiritwood,Observation Well,PVC,2.0,1486.49,1484.1,1487.69,1485.3,Global Position Survey,2003-08-11,340.0,312.0,218.0,223.0,-98.547241,47.889837,GPS - Surveyed,POINT (2447543.0451469054 330656.2946259445),Spiritwood,7761,10629,69,90
175,30243,15106211AAD,,Ramsey,Sheyenne River,Spiritwood,Observation Well,PVC,2.0,1522.22,1522.21,1523.43,1523.42,Global Position Survey,2003-08-12,260.0,240.0,218.0,223.0,-98.547199,47.915071,GPS - Surveyed,POINT (2447319.9225924737 339858.19827362726),Spiritwood,7761,8458,55,89
111,30222,15106133CCC,,Nelson,Sheyenne River,Spiritwood,Observation Well,PVC,2.0,1459.39,1457.83,1460.5600000000002,1459.0,Global Position Survey,2003-07-31,180.0,171.0,158.0,163.0,-98.482976,47.846212,GPS - Surveyed,POINT (2463721.4139351994 315155.13803415885),Spiritwood,7760,14218,92,114
85,30250,15006105DDD2,,Nelson,Sheyenne River,Spiritwood,Observation Well,PVC,2.0,1456.08,1454.12,1457.24,1455.28,Global Position Survey,2003-08-20,175.0,0.0,158.0,163.0,-98.48318,47.832184,GPS - Surveyed,POINT (2463805.3557437425 310038.6254732106),Spiritwood,7748,15458,100,114
156,30238,15106209DAA,,Benson,Sheyenne River,Spiritwood,Observation Well,PVC,2.0,1520.36,1518.31,1521.57,1519.52,Global Position Survey,2003-08-13,320.0,292.0,198.0,208.0,-98.586992,47.91275,GPS - Surveyed,POINT (2437585.9607755197 338766.8891820534),Spiritwood,7748,8598,56,74
165,30230,15106107DDD,,Nelson,Sheyenne River,Spiritwood,Observation Well,PVC,2.0,1502.62,1499.78,1503.82,1500.98,Global Position Survey,2003-08-06,210.0,197.0,177.0,182.0,-98.504771,47.904292,GPS - Surveyed,POINT (2457822.6048213732 336194.37154194823),Spiritwood,7748,9249,60,105
184,9717,15206221DBD,,Ramsey,Undifferen,Spiritwood,Observation Well - Plugged,ABS,1.25,1446.7,1444.6,1447.93,1445.83,Survey 0.1 ft,1973-08-22,180.0,158.0,124.0,130.0,-98.596911,47.966705,Calculated,POINT (2434667.8515308644 358381.8556478854),Spiritwood,7719,4099,27,70
107,30796,15006201AAD,,Eddy,Sheyenne River,Spiritwood,Observation Well,PVC,2.0,1463.35,1461.51,1464.52,1462.68,Global Position Survey,2003-09-30,290.0,0.0,265.0,270.0,-98.526,47.842772,GPS - Surveyed,POINT (2453192.715617283 313626.9843347),Spiritwood,7712,14667,95,98
116,30797,15006201AAC,,Eddy,Sheyenne River,Spiritwood,Observation Well,PVC,2.0,1463.21,1461.44,1464.38,1462.61,Global Position Survey,2003-09-30,290.0,287.0,265.0,270.0,-98.52874,47.843092,GPS - Surveyed,POINT (2452517.105015035 313726.435516788),Spiritwood,7712,14511,94,97
182,9720,15206228DBD,,Ramsey,Undifferen,Spiritwood,Observation Well - Plugged,ABS,1.25,1446.8,1444.8,1448.02,1446.02,Survey 0.1 ft,1973-08-22,240.0,215.0,137.0,143.0,-98.596876,47.952163,Calculated,POINT (2434807.5214458588 353079.16579018114),Spiritwood,7278,5339,35,70
90,31745,15006201DDDD,,Eddy,Sheyenne River,Spiritwood,Observation Well,PVC,2.0,1472.25,1469.76,1473.42,1470.93,Global Position Survey,2005-05-26,315.0,307.0,238.0,243.0,-98.526713,47.832483,GPS - Surveyed,POINT (2453113.861018106 309870.6390407733),Spiritwood,7090,15442,100,98
94,31747,15006201DDDA2,,Eddy,Sheyenne River,Spiritwood,Observation Well,PVC,2.0,1470.16,1468.68,1471.3300000000002,1469.85,Global Position Survey,2005-05-31,260.0,0.0,238.0,243.0,-98.526213,47.833414,GPS - Surveyed,POINT (2453227.9221352576 310213.27297337505),Spiritwood,7090,15442,100,98
96,31738,15006201DDA1,,Eddy,Sheyenne River,Spiritwood,Observation Well,PVC,2.0,1471.11,1469.0,1472.28,1470.17,Global Position Survey,2005-05-23,314.0,311.0,215.0,225.0,-98.525835,47.834135,GPS - Surveyed,POINT (2453313.988890529 310478.5635064497),Spiritwood,7090,15287,99,98
97,31739,15006201DDA2,,Eddy,Sheyenne River,Spiritwood,Observation Well,PVC,2.0,1471.25,1469.49,1472.42,1470.66,Global Position Survey,2005-05-24,151.0,0.0,141.0,146.0,-98.525836,47.834165,GPS - Surveyed,POINT (2453313.462823219 310489.496627035),Spiritwood,7090,15287,99,98
102,31746,15006201DDDA1,,Eddy,Sheyenne River,Spiritwood,Observation Well,PVC,2.0,1471.23,1469.25,1472.4,1470.42,Global Position Survey,2005-05-26,260.0,0.0,238.0,243.0,-98.526435,47.833002,GPS - Surveyed,POINT (2453177.266794566 310061.64079787506),Spiritwood,7090,15442,100,98
103,31744,15006201DDB,,Eddy,Sheyenne River,Spiritwood,Observation Well,PVC,2.0,1474.21,1472.68,1475.38,1473.85,Global Position Survey,2005-05-25,320.0,303.0,258.0,263.0,-98.530635,47.834757,GPS - Surveyed,POINT (2452129.6728941994 310675.1879506521),Spiritwood,7090,15286,99,97
104,31748,15006201DCBB1,,Eddy,Sheyenne River,Spiritwood,Observation Well,PVC,2.0,1474.79,1472.84,1475.96,1474.01,Global Position Survey,2005-06-01,320.0,317.0,298.0,308.0,-98.536415,47.835342,GPS - Surveyed,POINT (2450705.1194288954 310852.2557039132),Spiritwood,7090,15283,99,94
105,31749,15006201DCBB2,,Eddy,Sheyenne River,Spiritwood,Observation Well,PVC,2.0,1475.16,1472.92,1476.3300000000002,1474.09,Global Position Survey,2005-06-01,240.0,0.0,217.0,222.0,-98.536356,47.835341,GPS - Surveyed,POINT (2450719.6143278736 310852.2605558144),Spiritwood,7090,15283,99,94
113,31750,15006201DCBB3,,Eddy,Sheyenne River,Spiritwood,Observation Well,PVC,2.0,1474.98,1473.34,1476.15,1474.51,Global Position Survey,2005-06-01,160.0,0.0,146.0,151.0,-98.536292,47.835341,GPS - Surveyed,POINT (2450735.3275181795 310852.66138242115),Spiritwood,7090,15283,99,94
83,31754,15006212AADA,,Eddy,Sheyenne River,Spiritwood,Observation Well,PVC,2.0,1473.49,1471.77,1474.66,1472.94,Global Position Survey,2005-06-03,300.0,0.0,218.0,223.0,-98.526022,47.829389,GPS - Surveyed,POINT (2453312.4538497194 308746.7706313831),Spiritwood,7088,15752,102,98
64,127031,15206207ACA3,,Ramsey,Devils Lake Basin,Spiritwood,Observation Well,PVC,2.0,1495.69,1492.97,1496.93,1494.21,Global Position Survey,2010-10-13,203.0,0.0,199.0,204.0,-98.639023,48.001711,GPS - Surveyed,POINT (2424045.9005532945 370895.2576978219),Spiritwood,5130,1138,8,54
150,127030,15106214AAA1,,Benson,Sheyenne River,Spiritwood,Observation Well,PVC,2.0,1513.53,1510.7,1514.73,1511.9,Global Position Survey,2010-10-12,230.0,0.0,220.0,225.0,-98.547162,47.903767,GPS - Surveyed,POINT (2447433.5609567123 335736.3925975352),Spiritwood,5130,9388,61,89
119,127032,15106234DDD1,,Benson,Sheyenne River,Spiritwood,Observation Well,PVC,2.0,1469.1699999999998,1466.09,1470.35,1467.27,Global Position Survey,2010-10-13,175.0,0.0,166.0,171.0,-98.565711,47.847527,GPS - Surveyed,POINT (2443400.72518449 315113.4424333441),Spiritwood,4913,14187,92,83
86,5369,15006212CCCB,,Eddy,Sheyenne River,Spiritwood,Observation Well - Destroyed,PVC,1.25,1475.16,1472.66,1476.3300000000002,1473.8300000000002,Survey 0.01 ft,1983-09-01,230.0,214.0,198.0,203.0,-98.543438,47.819654,Calculated,POINT (2449126.238155348 305087.7364048695),Spiritwood,4225,16676,108,92
69,5373,15006222AAC,,Eddy,Sheyenne River,Spiritwood,Observation Well,PVC,4.0,1465.6,1464.0,1466.77,1465.17,Topographic Map,1979-02-20,0.0,0.0,145.0,160.0,-98.569915,47.800927,Calculated,POINT (2442794.8466932145 298094.7494367195),Spiritwood,3088,18216,118,82
157,30798,15106203DDD4,,Ramsey,Sheyenne River,Spiritwood,Observation Well - Plugged,PVC,2.0,1537.92,1535.2,1539.13,1536.41,Global Position Survey,2003-10-01,280.0,0.0,258.0,268.0,-98.56899,47.919255,GPS - Surveyed,POINT (2441939.744916181 341249.16323551093),Spiritwood,2539,8140,53,81
162,30802,15106203DDD3,,Ramsey,Sheyenne River,Spiritwood,Observation Well - Plugged,PVC,2.0,1538.51,1535.82,1539.72,1537.03,Global Position Survey,2003-09-23,270.0,0.0,258.0,263.0,-98.568876,47.91985,GPS - Surveyed,POINT (2441962.2461403687 341466.8344753869),Spiritwood,2539,7985,52,81
163,30801,15106203DDAD,,Ramsey,Sheyenne River,Spiritwood,Observation Well - Plugged,PVC,2.0,1541.26,1538.42,1542.47,1539.63,Global Position Survey,2003-09-24,270.0,0.0,258.0,263.0,-98.568861,47.920509,GPS - Surveyed,POINT (2441959.8945635045 341707.2349646196),Spiritwood,2539,7985,52,81
166,30800,15106203DDAA,,Ramsey,Sheyenne River,Spiritwood,Observation Well - Plugged,PVC,2.0,1547.48,1544.75,1548.69,1545.96,Global Position Survey,2003-09-24,280.0,0.0,258.0,263.0,-98.568865,47.922008,GPS - Surveyed,POINT (2441945.2015856174 342253.82967042807),Spiritwood,2539,7830,51,81
29,3417,15106227BAD,,Benson,Sheyenne River,Spiritwood,Observation Well,PVC,1.25,1470.0,1468.0,1471.19,1469.19,Topographic Map,1976-01-01,200.0,187.0,157.0,187.0,-98.577502,47.873901,Calculated,POINT (2440266.279585903 324658.335974291),Spiritwood,1618,12013,78,79
51,12308,15106216BCA2,,Benson,Sheyenne River,Spiritwood,Irrigation Well,Steel,12.0,1506.0,1505.0,1507.2,1506.2,Topographic Map,1977-05-31,220.0,219.0,176.0,218.0,-98.604405,47.901105,Calculated,POINT (2433421.6119059725 334414.8277139368),Spiritwood,1594,9677,63,68
88,5367,15006212BBB,,Eddy,Sheyenne River,Spiritwood,Observation Well - Destroyed,PVC,1.25,1479.0,1477.0,1480.17,1478.17,Topographic Map,1983-09-01,240.0,232.0,218.0,223.0,-98.543004,47.831903,Calculated,POINT (2449119.275666103 309557.03156286094),Spiritwood,1358,15591,101,92
49,3390,15106217ACA,,Benson,Devils Lake Basin,Spiritwood,Irrigation Well,Steel,12.0,1508.5,1504.0,1509.7,1505.2,Topographic Map,1977-01-01,201.0,0.0,175.0,197.0,-98.615202,47.901082,Calculated,POINT (2430774.252462629 334341.4321971861),Spiritwood,1336,9673,63,64
174,131312,15106107CCC2,,Nelson,Devils Lake Basin,Spiritwood,Observation Well,PVC,2.0,1516.22,1513.21,1517.42,1514.41,Global Position Survey,2021-07-21,299.0,298.0,228.0,233.0,-98.525266,47.904302,GPS - Surveyed,POINT (2452797.335845853 336068.4397985724),Spiritwood,1190,9397,61,98
91,131155,15006201CDC2,,Eddy,Sheyenne River,Spiritwood,Observation Well,,0.0,1474.31,1472.52,1475.48,1473.69,Global Position Survey,2020-11-17,300.0,279.0,258.0,263.0,-98.53851,47.83296,GPS - Surveyed,POINT (2450212.8899887255 309970.54912897217),Spiritwood,950,15438,100,94
149,130511,15106213BCD2,,Benson,Sheyenne River,Spiritwood,Irrigation Well,,0.0,1499.2,1499.0,1500.4,1500.2,Survey 0.1 ft,,0.0,0.0,160.0,205.0,-98.54302,47.897883,Calculated,POINT (2448503.7052273904 333616.5715290851),Spiritwood,862,9855,64,91
173,132768,15206233DCC1,,Ramsey,,Spiritwood,Observation Well - PRESENS,PVC,2.0,1487.6,1485.3,1488.81,1486.51,Global Position Survey,2024-07-15,330.0,0.0,324.0,329.0,-98.598846,47.934685,GPS - Handheld,POINT (2434482.3334985496 346693.7042722129),Spiritwood,273,6734,44,70
4,132772,15006209DDD,,Eddy,,Spiritwood,Observation Well - PRESENS,PVC,2.0,1475.27,1472.9,1476.45,1474.08,Global Position Survey,2024-07-23,160.0,0.0,149.0,154.0,-98.587603,47.818389,GPS - Handheld,POINT (2438290.983691923 304353.87658292765),Spiritwood,238,16815,109,76
79,132771,15006214CBA2,,Eddy,,Spiritwood,Observation Well - PRESENS,PVC,2.0,1470.74,1468.29,1471.91,1469.46,Global Position Survey,2024-07-19,260.0,256.0,174.0,179.0,-98.562375,47.809815,GPS - Handheld,POINT (2444565.7264240705 301382.30058802164),Spiritwood,238,17444,113,85
143,132779,15106222BBB3,,Benson,,Spiritwood,Observation Well - PRESENS,PVC,2.0,1478.01,1475.19,1479.21,1476.39,Global Position Survey,2024-08-01,190.0,187.0,175.0,180.0,-98.586744,47.890682,GPS - Handheld,POINT (2437846.763362913 330721.1447192964),Spiritwood,238,10614,69,75
71,132877,15006223BDC,,Eddy,,Spiritwood,Observation Well - PRESENS,PVC,2.0,1462.09,1459.9299999999998,1463.26,1461.1,Global Position Survey,2024-10-16,440.0,397.0,190.0,195.0,-98.557556,47.797153,GPS - Handheld,POINT (2445865.978075492 296794.93465255876),Spiritwood,154,18531,120,87
168,9724,15206233CDA4,,Ramsey,Devils Lake Basin,Clay Sediments,Observation Well - Plugged,PVC,1.25,1487.79,1486.73,1489.0,1487.94,Global Position Survey,1987-09-21,140.0,0.0,133.0,138.0,-98.599194,47.934683,GPS - Surveyed,POINT (2434397.0730206207 346690.86907268275),Clay Sediments,13439,6734,44,70
172,9722,15206233CDA2,,Ramsey,Devils Lake Basin,Clay Sediments,Observation Well - Plugged,PVC,1.25,1487.92,1486.4,1489.13,1487.61,Global Position Survey,1987-09-18,0.0,0.0,45.0,50.0,-98.599323,47.934688,Digitized - Heads Up,POINT (2434365.4161466546 346691.9118438714),Clay Sediments,13439,6734,44,70
112,31752,15006201DCBB5,,Eddy,Sheyenne River,Clay Sediments,Observation Well,PVC,2.0,1475.43,1473.58,1476.6,1474.75,Global Position Survey,2005-06-02,46.0,0.0,38.0,43.0,-98.536202,47.835339,GPS - Surveyed,POINT (2450757.4427962303 310852.49576987),Clay Sediments,7089,15283,99,94
115,31751,15006201DCBB4,,Eddy,Sheyenne River,Clay Sediments,Observation Well,PVC,2.0,1475.33,1473.59,1476.5,1474.76,Global Position Survey,2005-06-02,110.0,0.0,98.0,103.0,-98.536242,47.835341,GPS - Surveyed,POINT (2450747.603447879 310852.97453729756),Clay Sediments,7089,15283,99,94
50,3507,15206318CCC,,Benson,Devils Lake Basin,Lake Clay Sed.,Observation Well - Plugged,PVC,2.0,1457.87,1456.4,1459.02,1457.5500000000002,Survey 0.1 ft,1986-09-29,40.0,0.0,33.0,38.0,-98.779581,47.978751,Calculated,POINT (2389832.286881158 361721.9383212312),Lake Clay Sed.,1478,3256,22,2
154,9388,15206135BAA1,475650098255101,Nelson,Devils Lake Basin,McVille,Observation Well - Destroyed,ABS,1.25,1429.0,1427.0,1430.18,1428.18,Topographic Map,1969-07-24,220.0,210.0,157.0,163.0,-98.430609,47.946837,Calculated,POINT (2475589.0673347367 352188.0061576546),McVille,9247,5556,36,132
155,9366,15106007BDD,,Nelson,Devils Lake Basin,McVille,Observation Well - Destroyed,ABS,1.25,1402.0,1400.0,1403.16,1401.16,Topographic Map,1969-07-24,180.0,170.0,137.0,143.0,-98.387859,47.912266,Calculated,POINT (2486407.841237406 339866.700055227),McVille,7021,8518,55,149
139,32419,15106119BDB,,Nelson,Sheyenne River,Sand Sediments,Observation Well - Plugged,PVC,1.25,1461.42,1459.77,1462.61,1460.96,Global Position Survey,2006-08-23,21.0,0.0,6.0,11.0,-98.519509,47.8843,GPS - Surveyed,POINT (2454396.5481765247 328810.99679933564),Sand Sediments,5034,11104,72,100
142,32421,15106119AAD,,Nelson,Devils Lake Basin,Sand Sediments,Observation Well,PVC,1.25,1458.11,1456.4,1459.3,1457.59,Global Position Survey,2006-08-23,17.0,0.0,7.0,12.0,-98.504748,47.886878,GPS - Surveyed,POINT (2457992.8307674914 329844.55325962015),Sand Sediments,4923,10799,70,105
138,32417,15106119CCC,,Nelson,Sheyenne River,Sand Sediments,Observation Well,PVC,2.0,1451.18,1449.09,1452.37,1450.28,Global Position Survey,2006-09-08,35.0,20.0,8.0,18.0,-98.523868,47.875838,GPS - Surveyed,POINT (2453406.5598344407 325697.8613760551),Sand Sediments,4915,11722,76,98
141,126754,15106119ACA2,,Nelson,Devils Lake Basin,Sand Sediments,Observation Well - Plugged,PVC,2.0,1463.71,1460.81,1464.9,1462.0,Global Position Survey,2010-06-01,16.0,0.0,4.0,9.0,-98.512317,47.88517,GPS - Surveyed,POINT (2456152.4468513606 329173.7081702828),Sand Sediments,3641,10952,71,103
140,32420,15106119ACA,,Nelson,Devils Lake Basin,Sand Sediments,Observation Well - Plugged,PVC,1.25,1461.59,1460.03,1462.78,1461.22,Global Position Survey,2006-08-23,22.0,0.0,7.0,12.0,-98.512656,47.884655,GPS - Surveyed,POINT (2456074.1448810953 328983.76782220084),Sand Sediments,2508,10952,71,103
169,9725,15206233CDA5,,Ramsey,Devils Lake Basin,Till,Observation Well - Plugged,PVC,2.0,1488.31,1486.61,1489.52,1487.82,Global Position Survey,1987-09-22,35.0,0.0,18.0,23.0,-98.59915,47.934683,GPS - Surveyed,POINT (2434407.8553589005 346691.1353119946),Till,13439,6734,44,70
57,9729,15206313ACB1,,Ramsey,Devils Lake Basin,Till,Observation Well - Plugged,PVC,1.25,1462.61,1461.2,1463.83,1462.42,Global Position Survey,1987-09-09,256.0,0.0,248.0,253.0,-98.660466,47.987445,GPS - Surveyed,POINT (2418922.2634487227 365566.7376206713),Till,8392,2370,16,46
58,9730,15206313ACB2,,Ramsey,Devils Lake Basin,Till,Observation Well - Plugged,PVC,2.0,1463.33,1461.49,1464.55,1462.71,Global Position Survey,1987-09-10,75.0,0.0,62.0,67.0,-98.660442,47.987469,GPS - Surveyed,POINT (2418927.9297013404 365575.63009454217),Till,8392,2370,16,46
59,9731,15206313ACB3,,Ramsey,Devils Lake Basin,Till,Observation Well - Plugged,PVC,1.25,1463.5,1462.18,1464.72,1463.4,Global Position Survey,1987-09-16,320.0,0.0,308.0,313.0,-98.660415,47.987494,GPS - Surveyed,POINT (2418934.321657478 365584.9047899971),Till,8392,2370,16,46
60,9732,15206313ACB4,,Ramsey,Devils Lake Basin,Till,Observation Well - Plugged,PVC,2.0,1465.04,1462.6,1466.26,1463.82,Global Position Survey,1987-09-16,25.0,0.0,15.0,25.0,-98.660377,47.987539,GPS - Surveyed,POINT (2418943.232202351 365601.53723595006),Till,8392,2370,16,46
98,31740,15006201DDA3,,Eddy,Sheyenne River,Till,Observation Well,PVC,2.0,1471.29,1469.4499999999998,1472.46,1470.62,Global Position Survey,2005-05-25,132.0,0.0,125.0,130.0,-98.525836,47.834198,GPS - Surveyed,POINT (2453313.1542249788 310501.5299858769),Till,7090,15287,99,98
100,31742,15006201DDA5,,Eddy,Sheyenne River,Till,Observation Well,PVC,2.0,1471.3,1469.49,1472.47,1470.66,Global Position Survey,2005-05-25,34.0,0.0,25.0,30.0,-98.525832,47.834264,GPS - Surveyed,POINT (2453313.51911987 310525.6218896571),Till,7090,15287,99,98
99,31741,15006201DDA4,,Eddy,Sheyenne River,Till,Observation Well,PVC,2.0,1471.35,1469.35,1472.52,1470.52,Global Position Survey,2005-05-25,75.0,0.0,66.0,71.0,-98.525834,47.834231,GPS - Surveyed,POINT (2453313.336672736 310513.57593775075),Till,7089,15287,99,98
21,12351,15106320DCC1,,Benson,Devils Lake Basin,Undefined,Observation Well,PVC,1.25,1483.9,1481.98,1485.0700000000002,1483.15,Global Position Survey,1978-05-11,60.0,0.0,37.0,40.0,-98.748202,47.877406,GPS - Surveyed,POINT (2398356.65134559 324937.05573130393),Undefined,16972,11794,77,15
56,12320,15106314AAA4,475409098402304,Benson,Devils Lake Basin,Undefined,Observation Well,Steel,1.25,1492.0,1489.0,1493.18,1490.18,Topographic Map,1950-10-10,100.0,97.0,0.0,31.0,-98.674623,47.904571,Calculated,POINT (2416173.113926521 335262.6289686863),Undefined,15293,9496,62,42
68,9716,15206207ACA2,,Ramsey,Devils Lake Basin,Undefined,Observation Well,PVC,1.25,1494.66,1492.71,1495.9,1493.95,Global Position Survey,1973-08-21,80.0,0.0,57.0,60.0,-98.639028,48.001752,GPS - Surveyed,POINT (2424044.3154209233 370910.17951189633),Undefined,13927,1138,8,54
20,12348,15106320CDD11,475232098445511,Benson,Devils Lake Basin,Undefined,Production Well,Steel,14.0,1484.45,1482.45,1485.62,1483.62,Topographic Map,1960-06-06,145.0,0.0,0.0,136.0,-98.750264,47.87738,Calculated,POINT (2397850.9845356047 324916.0693437541),Undefined,9682,11793,77,14
10,12316,15106232CCB,475055098374001,Benson,Sheyenne River,Undefined,Observation Well,ABS,1.25,1470.0,1468.0,1471.18,1469.18,Topographic Map,1967-01-01,19.0,0.0,15.0,19.0,-98.628798,47.850188,Calculated,POINT (2427891.4401988676 315701.04122934566),Undefined,6881,14009,91,60
47,3425,15106316DDA,475330098425801,Benson,Devils Lake Basin,Undefined,Observation Well,Steel,1.25,1471.0,1470.0,1472.17,1471.17,Topographic Map,1968-01-01,33.0,0.0,20.0,25.0,-98.717809,47.893768,Calculated,POINT (2405674.9715878 331074.9576261062),Undefined,6780,10410,68,26
19,12360,15106329ABB1,475225098444501,Benson,Devils Lake Basin,Undefined,Observation Well,Steel,1.25,1482.0,1480.0,1483.17,1481.17,Topographic Map,,70.0,0.0,0.0,70.0,-98.747506,47.875601,Calculated,POINT (2398542.389449878 324282.7050230808),Undefined,4773,11949,78,15
42,3399,15106220ACA,,Benson,Devils Lake Basin,Undefined,Observation Well,PVC,1.25,1491.7,1490.0,1492.89,1491.19,Topographic Map,1977-07-22,200.0,185.0,168.0,183.0,-98.615354,47.886657,Calculated,POINT (2430865.760149294 329080.2960125371),Undefined,965,10913,71,64
74,9359,15006129AAA,,Nelson,Sheyenne River,Unknown,Observation Well - Plugged,PVC,2.0,1459.0,1457.0,1460.16,1458.16,Topographic Map,1985-09-25,110.0,0.0,65.0,70.0,-98.484183,47.787429,Calculated,POINT (2463986.4421159406 293712.65425704035),Unknown,2884,19334,125,115
