Permit,Well,Year,permit_holder_name,x_2266,y_2266,x_2265,y_2265,use_acft,days,cfd
4862,13304707CBB1,1999,CARGILL INCORPORATED,2939783.0,272112.0,2940172.5129029583,-213720.09753989126,0.3866798015043686,365,46.14732096857615
4862,13304707CBB1,2006,CARGILL INCORPORATED,2939783.0,272112.0,2940172.5129029583,-213720.09753989126,0.15139844080065223,365,18.068263236373728
4862,13304707CBB1,2007,CARGILL INCORPORATED,2939783.0,272112.0,2940172.5129029583,-213720.09753989126,0.9329417433121273,365,111.33956805116784
4862,13304707CBB1,2009,CARGILL INCORPORATED,2939783.0,272112.0,2940172.5129029583,-213720.09753989126,2.0622922746899657,365,246.11904516573946
4862,13304707CBB1,2011,CARGILL INCORPORATED,2939783.0,272112.0,2940172.5129029583,-213720.09753989126,0.8132551380845847,365,97.05587346565619
4862,13304707CBB1,2012,CARGILL INCORPORATED,2939783.0,272112.0,2940172.5129029583,-213720.09753989126,1.8863427353810995,366,224.50570916175053
4862,13304707CBB1,2013,CARGILL INCORPORATED,2939783.0,272112.0,2940172.5129029583,-213720.09753989126,0.7968877390791088,365,95.10254771037255
4862,13304707CBB1,2014,CARGILL INCORPORATED,2939783.0,272112.0,2940172.5129029583,-213720.09753989126,0.567744153002446,365,67.75598713640149
4862,13304707CBB1,2016,CARGILL INCORPORATED,2939783.0,272112.0,2940172.5129029583,-213720.09753989126,0.0,366,0.0
4862,13304707CBB1,2017,CARGILL INCORPORATED,2939783.0,272112.0,2940172.5129029583,-213720.09753989126,0.0,365,0.0
4862,13304707CBB1,2018,CARGILL INCORPORATED,2939783.0,272112.0,2940172.5129029583,-213720.09753989126,0.0,365,0.0
4862,13304707CBB1,2019,CARGILL INCORPORATED,2939783.0,272112.0,2940172.5129029583,-213720.09753989126,0.0,365,0.0
4862,13304707CBB1,2020,CARGILL INCORPORATED,2939783.0,272112.0,2940172.5129029583,-213720.09753989126,0.0,366,0.0
4862,13304707CBB1,2021,CARGILL INCORPORATED,2939783.0,272112.0,2940172.5129029583,-213720.09753989126,0.0,365,0.0
4862,13304707CBB1,2022,CARGILL INCORPORATED,2939783.0,272112.0,2940172.5129029583,-213720.09753989126,0.0,365,0.0
4862,13304707CBB1,2023,CARGILL INCORPORATED,2939783.0,272112.0,2940172.5129029583,-213720.09753989126,0.0,365,0.0
4862,13304707CDD1,1999,CARGILL INCORPORATED,2941917.0,269930.0,2942309.5695643234,-215900.89279380668,0.3866798015043686,365,46.14732096857615
4862,13304707CDD1,2006,CARGILL INCORPORATED,2941917.0,269930.0,2942309.5695643234,-215900.89279380668,0.15139844080065223,365,18.068263236373728
4862,13304707CDD1,2007,CARGILL INCORPORATED,2941917.0,269930.0,2942309.5695643234,-215900.89279380668,0.9329417433121273,365,111.33956805116784
4862,13304707CDD1,2009,CARGILL INCORPORATED,2941917.0,269930.0,2942309.5695643234,-215900.89279380668,2.0622922746899657,365,246.11904516573946
4862,13304707CDD1,2011,CARGILL INCORPORATED,2941917.0,269930.0,2942309.5695643234,-215900.89279380668,0.8132551380845847,365,97.05587346565619
4862,13304707CDD1,2012,CARGILL INCORPORATED,2941917.0,269930.0,2942309.5695643234,-215900.89279380668,1.8863427353810995,366,224.50570916175053
4862,13304707CDD1,2013,CARGILL INCORPORATED,2941917.0,269930.0,2942309.5695643234,-215900.89279380668,0.7968877390791088,365,95.10254771037255
4862,13304707CDD1,2014,CARGILL INCORPORATED,2941917.0,269930.0,2942309.5695643234,-215900.89279380668,0.567744153002446,365,67.75598713640149
4862,13304707CDD1,2016,CARGILL INCORPORATED,2941917.0,269930.0,2942309.5695643234,-215900.89279380668,0.0,366,0.0
4862,13304707CDD1,2017,CARGILL INCORPORATED,2941917.0,269930.0,2942309.5695643234,-215900.89279380668,0.0,365,0.0
4862,13304707CDD1,2018,CARGILL INCORPORATED,2941917.0,269930.0,2942309.5695643234,-215900.89279380668,0.0,365,0.0
4862,13304707CDD1,2019,CARGILL INCORPORATED,2941917.0,269930.0,2942309.5695643234,-215900.89279380668,0.0,365,0.0
4862,13304707CDD1,2020,CARGILL INCORPORATED,2941917.0,269930.0,2942309.5695643234,-215900.89279380668,0.0,366,0.0
4862,13304707CDD1,2021,CARGILL INCORPORATED,2941917.0,269930.0,2942309.5695643234,-215900.89279380668,0.0,365,0.0
4862,13304707CDD1,2022,CARGILL INCORPORATED,2941917.0,269930.0,2942309.5695643234,-215900.89279380668,0.0,365,0.0
4862,13304707CDD1,2023,CARGILL INCORPORATED,2941917.0,269930.0,2942309.5695643234,-215900.89279380668,0.0,365,0.0
4862,13304707CDD3,1999,CARGILL INCORPORATED,2942179.0,269978.0,2942571.6317211976,-215852.61246234342,0.3866798015043686,365,46.14732096857615
4862,13304707CDD3,2006,CARGILL INCORPORATED,2942179.0,269978.0,2942571.6317211976,-215852.61246234342,0.15139844080065223,365,18.068263236373728
4862,13304707CDD3,2007,CARGILL INCORPORATED,2942179.0,269978.0,2942571.6317211976,-215852.61246234342,0.9329417433121273,365,111.33956805116784
4862,13304707CDD3,2009,CARGILL INCORPORATED,2942179.0,269978.0,2942571.6317211976,-215852.61246234342,2.0622922746899657,365,246.11904516573946
4862,13304707CDD3,2011,CARGILL INCORPORATED,2942179.0,269978.0,2942571.6317211976,-215852.61246234342,0.8132551380845847,365,97.05587346565619
4862,13304707CDD3,2012,CARGILL INCORPORATED,2942179.0,269978.0,2942571.6317211976,-215852.61246234342,1.8863427353810995,366,224.50570916175053
4862,13304707CDD3,2013,CARGILL INCORPORATED,2942179.0,269978.0,2942571.6317211976,-215852.61246234342,0.7968877390791088,365,95.10254771037255
4862,13304707CDD3,2014,CARGILL INCORPORATED,2942179.0,269978.0,2942571.6317211976,-215852.61246234342,0.567744153002446,365,67.75598713640149
4862,13304707CDD3,2016,CARGILL INCORPORATED,2942179.0,269978.0,2942571.6317211976,-215852.61246234342,0.0,366,0.0
4862,13304707CDD3,2017,CARGILL INCORPORATED,2942179.0,269978.0,2942571.6317211976,-215852.61246234342,0.0,365,0.0
4862,13304707CDD3,2018,CARGILL INCORPORATED,2942179.0,269978.0,2942571.6317211976,-215852.61246234342,0.0,365,0.0
4862,13304707CDD3,2019,CARGILL INCORPORATED,2942179.0,269978.0,2942571.6317211976,-215852.61246234342,0.0,365,0.0
4862,13304707CDD3,2020,CARGILL INCORPORATED,2942179.0,269978.0,2942571.6317211976,-215852.61246234342,0.0,366,0.0
4862,13304707CDD3,2021,CARGILL INCORPORATED,2942179.0,269978.0,2942571.6317211976,-215852.61246234342,0.0,365,0.0
4862,13304707CDD3,2022,CARGILL INCORPORATED,2942179.0,269978.0,2942571.6317211976,-215852.61246234342,0.0,365,0.0
4862,13304707CDD3,2023,CARGILL INCORPORATED,2942179.0,269978.0,2942571.6317211976,-215852.61246234342,0.0,365,0.0
2115,13304718ABC,1976,FROEDTERT MALT CORP,2942688.0,268653.0,2943082.161858797,-217177.6630751477,0.0,366,0.0
2115,13304718ABC,1977,FROEDTERT MALT CORP,2942688.0,268653.0,2943082.161858797,-217177.6630751477,0.0,365,0.0
2115,13304718ABC,1978,FROEDTERT MALT CORP,2942688.0,268653.0,2943082.161858797,-217177.6630751477,0.0,365,0.0
2115,13304718ABC,1979,FROEDTERT MALT CORP,2942688.0,268653.0,2943082.161858797,-217177.6630751477,0.0,365,0.0
2115,13304718ABC,1981,FROEDTERT MALT CORP,2942688.0,268653.0,2943082.161858797,-217177.6630751477,0.2209598865739249,365,26.369897696329232
2115,13304718ABC,1982,FROEDTERT MALT CORP,2942688.0,268653.0,2943082.161858797,-217177.6630751477,0.3314398298608873,365,39.55484654449384
2115,13304718ABC,1983,FROEDTERT MALT CORP,2942688.0,268653.0,2943082.161858797,-217177.6630751477,0.3314398298608873,365,39.55484654449384
2115,13304718ABC,1984,FROEDTERT MALT CORP,2942688.0,268653.0,2943082.161858797,-217177.6630751477,0.3314398298608873,366,39.44677319327938
"(1822, 1898)",13304720ABD,1976,"WAHPETON, CITY OF",2949035.0,263562.0,2949436.92357064,-222264.49100068051,112.23333333333333,366,13357.606557377048
"(1822, 1898)",13304720ABD,1977,"WAHPETON, CITY OF",2949035.0,263562.0,2949436.92357064,-222264.49100068051,373.3333333333333,365,44554.520547945205
"(1822, 1898)",13304720ABD,1978,"WAHPETON, CITY OF",2949035.0,263562.0,2949436.92357064,-222264.49100068051,229.36666666666667,365,27373.183561643837
"(1822, 1898)",13304720ABD,1979,"WAHPETON, CITY OF",2949035.0,263562.0,2949436.92357064,-222264.49100068051,407.7,365,48655.923287671234
1822,13304720ABD,1980,"WAHPETON, CITY OF",2949035.0,263562.0,2949436.92357064,-222264.49100068051,798.1592813893467,366,94994.03906371568
1822,13304720ABD,1981,"WAHPETON, CITY OF",2949035.0,263562.0,2949436.92357064,-222264.49100068051,1125.532835559811,365,134323.8638821517
1822,13304720ABD,1982,"WAHPETON, CITY OF",2949035.0,263562.0,2949436.92357064,-222264.49100068051,1198.0874694262102,365,142982.7127896047
1822,13304720ABD,1983,"WAHPETON, CITY OF",2949035.0,263562.0,2949436.92357064,-222264.49100068051,1135.7368858772875,365,135541.64040771135
1822,13304720ABD,1984,"WAHPETON, CITY OF",2949035.0,263562.0,2949436.92357064,-222264.49100068051,1098.6800715664522,366,130760.939665122
1822,13304720ABD,1985,"WAHPETON, CITY OF",2949035.0,263562.0,2949436.92357064,-222264.49100068051,1103.869560013626,365,131738.5151621741
1822,13304720ABD,1986,"WAHPETON, CITY OF",2949035.0,263562.0,2949436.92357064,-222264.49100068051,1157.1945459734663,365,138102.45047288822
1822,13304720ABD,1987,"WAHPETON, CITY OF",2949035.0,263562.0,2949436.92357064,-222264.49100068051,1124.256178437384,365,134171.5044732396
1822,13304720ABD,1988,"WAHPETON, CITY OF",2949035.0,263562.0,2949436.92357064,-222264.49100068051,1147.5244820485436,366,136574.2252405316
1822,13304720ABD,1989,"WAHPETON, CITY OF",2949035.0,263562.0,2949436.92357064,-222264.49100068051,1153.2970590852874,365,137637.3147774113
1822,13304720ABD,1990,"WAHPETON, CITY OF",2949035.0,263562.0,2949436.92357064,-222264.49100068051,1155.0493937413112,365,137846.44271608634
1822,13304720ABD,1991,"WAHPETON, CITY OF",2949035.0,263562.0,2949436.92357064,-222264.49100068051,1090.5966223826226,365,130154.49005749874
1822,13304720ABD,1992,"WAHPETON, CITY OF",2949035.0,263562.0,2949436.92357064,-222264.49100068051,1078.5113441419544,366,128360.53046673097
1822,13304720ABD,1993,"WAHPETON, CITY OF",2949035.0,263562.0,2949436.92357064,-222264.49100068051,1132.3334898465864,365,135135.47073347206
1822,13304720ABD,1994,"WAHPETON, CITY OF",2949035.0,263562.0,2949436.92357064,-222264.49100068051,1002.8233763284446,365,119679.41444621109
1822,13304720ABD,1995,"WAHPETON, CITY OF",2949035.0,263562.0,2949436.92357064,-222264.49100068051,1097.1793856701377,365,130940.09325970191
1822,13304720ABD,1996,"WAHPETON, CITY OF",2949035.0,263562.0,2949436.92357064,-222264.49100068051,1112.7417132370317,366,132434.5055426369
1822,13304720ABD,1997,"WAHPETON, CITY OF",2949035.0,263562.0,2949436.92357064,-222264.49100068051,1021.0986002804963,365,121860.42473484499
1822,13304720ABD,1998,"WAHPETON, CITY OF",2949035.0,263562.0,2949436.92357064,-222264.49100068051,868.4920408407523,365,103647.98164115938
1822,13304720ABD,1999,"WAHPETON, CITY OF",2949035.0,263562.0,2949436.92357064,-222264.49100068051,811.5703189494585,365,96854.80299572166
1822,13304720ABD,2000,"WAHPETON, CITY OF",2949035.0,263562.0,2949436.92357064,-222264.49100068051,888.1789529570264,366,105707.85571259035
1822,13304720ABD,2001,"WAHPETON, CITY OF",2949035.0,263562.0,2949436.92357064,-222264.49100068051,1053.7791812822425,365,125760.6058538479
1822,13304720ABD,2002,"WAHPETON, CITY OF",2949035.0,263562.0,2949436.92357064,-222264.49100068051,827.9428327671237,365,98808.73916530386
1822,13304720ABD,2003,"WAHPETON, CITY OF",2949035.0,263562.0,2949436.92357064,-222264.49100068051,424.95803296598757,365,50715.53949588608
1822,13304720ABD,2004,"WAHPETON, CITY OF",2949035.0,263562.0,2949436.92357064,-222264.49100068051,434.8613323267383,366,51755.627421182304
1822,13304720ABD,2005,"WAHPETON, CITY OF",2949035.0,263562.0,2949436.92357064,-222264.49100068051,247.08225538666449,365,29487.40560176193
1822,13304720ABD,2006,"WAHPETON, CITY OF",2949035.0,263562.0,2949436.92357064,-222264.49100068051,164.07806021770688,365,19581.48028242003
1822,13304720ABD,2007,"WAHPETON, CITY OF",2949035.0,263562.0,2949436.92357064,-222264.49100068051,261.73312342144106,365,31235.8763184602
1822,13304720ABD,2008,"WAHPETON, CITY OF",2949035.0,263562.0,2949436.92357064,-222264.49100068051,200.67761031882674,366,23883.925424830857
1822,13304720ABD,2009,"WAHPETON, CITY OF",2949035.0,263562.0,2949436.92357064,-222264.49100068051,247.9568882710196,365,29591.7864468099
1822,13304720ABD,2010,"WAHPETON, CITY OF",2949035.0,263562.0,2949436.92357064,-222264.49100068051,323.67247607035114,365,38627.87139075204
1822,13304720ABD,2011,"WAHPETON, CITY OF",2949035.0,263562.0,2949436.92357064,-222264.49100068051,229.83203979733068,365,27428.72233855267
1822,13304720ABD,2012,"WAHPETON, CITY OF",2949035.0,263562.0,2949436.92357064,-222264.49100068051,273.4593418464267,366,32546.144619755043
1822,13304720ABD,2013,"WAHPETON, CITY OF",2949035.0,263562.0,2949436.92357064,-222264.49100068051,238.0290378117606,365,28406.97229337066
1822,13304720ABD,2014,"WAHPETON, CITY OF",2949035.0,263562.0,2949436.92357064,-222264.49100068051,237.617806911748,365,28357.894983769158
1822,13304720ABD,2015,"WAHPETON, CITY OF",2949035.0,263562.0,2949436.92357064,-222264.49100068051,277.8447818174564,365,33158.681358817536
1822,13304720ABD,2016,"WAHPETON, CITY OF",2949035.0,263562.0,2949436.92357064,-222264.49100068051,337.12954694016594,366,40123.942799764016
1822,13304720ABD,2017,"WAHPETON, CITY OF",2949035.0,263562.0,2949436.92357064,-222264.49100068051,281.31876225636864,365,33573.274750376484
1822,13304720ABD,2018,"WAHPETON, CITY OF",2949035.0,263562.0,2949436.92357064,-222264.49100068051,301.27266756891953,365,35954.62301178667
1822,13304720ABD,2019,"WAHPETON, CITY OF",2949035.0,263562.0,2949436.92357064,-222264.49100068051,277.0192511301177,365,33060.16049103542
1822,13304720ABD,2020,"WAHPETON, CITY OF",2949035.0,263562.0,2949436.92357064,-222264.49100068051,273.1524531150741,366,32509.619829761275
1822,13304720ABD,2021,"WAHPETON, CITY OF",2949035.0,263562.0,2949436.92357064,-222264.49100068051,196.09269267241777,303,28190.751461420852
1822,13304720ABD,2022,"WAHPETON, CITY OF",2949035.0,263562.0,2949436.92357064,-222264.49100068051,245.593845039604,365,29309.77504089082
1822,13304720ABD,2023,"WAHPETON, CITY OF",2949035.0,263562.0,2949436.92357064,-222264.49100068051,52.23859985085208,365,6234.283313707169
1822,13304720ABD,2024,"WAHPETON, CITY OF",2949035.0,263562.0,2949436.92357064,-222264.49100068051,223.60526743818497,366,26612.692485265947
"(4121, 3898)",13304720ABDAC1,1987,MINN-DAK FARMERS COOPERATIVE,2948846.0,263809.0,2949247.5961020547,-222017.5747763097,768.1685801179067,365,91675.13246557812
"(4121, 3898)",13304720ABDAC1,1988,MINN-DAK FARMERS COOPERATIVE,2948846.0,263809.0,2949247.5961020547,-222017.5747763097,332.6980736594333,366,39596.52483225386
"(4121, 3898)",13304720ABDAC1,1989,MINN-DAK FARMERS COOPERATIVE,2948846.0,263809.0,2949247.5961020547,-222017.5747763097,57.69508149430261,365,6885.473287374854
"(4121, 3898)",13304720ABDAC1,1990,MINN-DAK FARMERS COOPERATIVE,2948846.0,263809.0,2949247.5961020547,-222017.5747763097,88.53739899524629,365,10566.271507487476
"(4121, 3898)",13304720ABDAC1,1991,MINN-DAK FARMERS COOPERATIVE,2948846.0,263809.0,2949247.5961020547,-222017.5747763097,311.46137344982833,365,37170.56829445074
"(4121, 3898)",13304720ABDAC1,1992,MINN-DAK FARMERS COOPERATIVE,2948846.0,263809.0,2949247.5961020547,-222017.5747763097,156.8508305943514,366,18667.82016581953
"(4121, 3898)",13304720ABDAC1,1993,MINN-DAK FARMERS COOPERATIVE,2948846.0,263809.0,2949247.5961020547,-222017.5747763097,109.88151026082474,365,13113.530375237056
"(4121, 3898)",13304720ABDAC1,1994,MINN-DAK FARMERS COOPERATIVE,2948846.0,263809.0,2949247.5961020547,-222017.5747763097,107.22692273462411,365,12796.72535430199
"(4121, 3898)",13304720ABDAC1,1995,MINN-DAK FARMERS COOPERATIVE,2948846.0,263809.0,2949247.5961020547,-222017.5747763097,119.60988304470449,365,14274.538371033776
"(4121, 3898)",13304720ABDAC1,1996,MINN-DAK FARMERS COOPERATIVE,2948846.0,263809.0,2949247.5961020547,-222017.5747763097,135.67550813101693,366,16147.6096562489
"(4121, 3898)",13304720ABDAC1,1997,MINN-DAK FARMERS COOPERATIVE,2948846.0,263809.0,2949247.5961020547,-222017.5747763097,111.83025370491421,365,13346.098222975514
"(4121, 3898)",13304720ABDAC1,1998,MINN-DAK FARMERS COOPERATIVE,2948846.0,263809.0,2949247.5961020547,-222017.5747763097,150.69771153073032,365,17984.63647747565
"(4121, 3898)",13304720ABDAC1,1999,MINN-DAK FARMERS COOPERATIVE,2948846.0,263809.0,2949247.5961020547,-222017.5747763097,125.82437985459612,365,15016.191743743031
"(4121, 3898)",13304720ABDAC1,2000,MINN-DAK FARMERS COOPERATIVE,2948846.0,263809.0,2949247.5961020547,-222017.5747763097,146.36444264403053,366,17419.76809173216
"(4121, 3898)",13304720ABDAC1,2001,MINN-DAK FARMERS COOPERATIVE,2948846.0,263809.0,2949247.5961020547,-222017.5747763097,121.1473955887814,365,14458.028909170733
"(4121, 3898)",13304720ABDAC1,2002,MINN-DAK FARMERS COOPERATIVE,2948846.0,263809.0,2949247.5961020547,-222017.5747763097,152.92112038938043,365,18249.983573044963
"(4121, 3898)",13304720ABDAC1,2003,MINN-DAK FARMERS COOPERATIVE,2948846.0,263809.0,2949247.5961020547,-222017.5747763097,159.42869593771385,365,19026.61368505977
"(4121, 3898)",13304720ABDAC1,2004,MINN-DAK FARMERS COOPERATIVE,2948846.0,263809.0,2949247.5961020547,-222017.5747763097,156.3598086241871,366,18609.38050182948
"(4121, 3898)",13304720ABDAC1,2005,MINN-DAK FARMERS COOPERATIVE,2948846.0,263809.0,2949247.5961020547,-222017.5747763097,176.8446314419781,365,21105.074371541275
"(4121, 3898)",13304720ABDAC1,2006,MINN-DAK FARMERS COOPERATIVE,2948846.0,263809.0,2949247.5961020547,-222017.5747763097,199.86128629342863,365,23851.938714908905
"(4121, 3898)",13304720ABDAC1,2007,MINN-DAK FARMERS COOPERATIVE,2948846.0,263809.0,2949247.5961020547,-222017.5747763097,187.9846923900801,365,22434.556713731203
"(4121, 3898)",13304720ABDAC1,2008,MINN-DAK FARMERS COOPERATIVE,2948846.0,263809.0,2949247.5961020547,-222017.5747763097,176.27688728897562,366,20979.839372425624
"(4121, 3898)",13304720ABDAC1,2009,MINN-DAK FARMERS COOPERATIVE,2948846.0,263809.0,2949247.5961020547,-222017.5747763097,158.0016633369239,365,18856.308095770975
"(4121, 3898)",13304720ABDAC1,2010,MINN-DAK FARMERS COOPERATIVE,2948846.0,263809.0,2949247.5961020547,-222017.5747763097,174.94192130759154,365,20878.000252489554
"(4121, 3898)",13304720ABDAC1,2011,MINN-DAK FARMERS COOPERATIVE,2948846.0,263809.0,2949247.5961020547,-222017.5747763097,190.0255024535754,365,22678.112018843134
"(4121, 3898)",13304720ABDAC1,2012,MINN-DAK FARMERS COOPERATIVE,2948846.0,263809.0,2949247.5961020547,-222017.5747763097,191.9435570245296,366,22844.42990160795
"(4121, 3898)",13304720ABDAC1,2013,MINN-DAK FARMERS COOPERATIVE,2948846.0,263809.0,2949247.5961020547,-222017.5747763097,182.98700940000185,365,21838.120902641316
"(4121, 3898)",13304720ABDAC1,2014,MINN-DAK FARMERS COOPERATIVE,2948846.0,263809.0,2949247.5961020547,-222017.5747763097,188.37444107889803,365,22481.0702832789
"(4121, 3898)",13304720ABDAC1,2015,MINN-DAK FARMERS COOPERATIVE,2948846.0,263809.0,2949247.5961020547,-222017.5747763097,219.37940960745863,365,26181.27967808465
"(4121, 3898)",13304720ABDAC1,2016,MINN-DAK FARMERS COOPERATIVE,2948846.0,263809.0,2949247.5961020547,-222017.5747763097,250.17109046772916,366,29774.460931077272
"(4121, 3898)",13304720ABDAC1,2017,MINN-DAK FARMERS COOPERATIVE,2948846.0,263809.0,2949247.5961020547,-222017.5747763097,212.32710656097422,365,25339.640443276814
"(4121, 3898)",13304720ABDAC1,2018,MINN-DAK FARMERS COOPERATIVE,2948846.0,263809.0,2949247.5961020547,-222017.5747763097,206.37960294735942,365,24629.85069695062
"(4121, 3898)",13304720ABDAC1,2019,MINN-DAK FARMERS COOPERATIVE,2948846.0,263809.0,2949247.5961020547,-222017.5747763097,207.69093849642934,365,24786.348714806747
"(4121, 3898)",13304720ABDAC1,2020,MINN-DAK FARMERS COOPERATIVE,2948846.0,263809.0,2949247.5961020547,-222017.5747763097,225.53375622600512,366,26842.214265586837
"(4121, 3898)",13304720ABDAC1,2021,MINN-DAK FARMERS COOPERATIVE,2948846.0,263809.0,2949247.5961020547,-222017.5747763097,241.91777837109598,365,28871.0641803971
"(4121, 3898)",13304720ABDAC1,2022,MINN-DAK FARMERS COOPERATIVE,2948846.0,263809.0,2949247.5961020547,-222017.5747763097,199.30366946856077,365,23785.391348083584
"(4121, 3898)",13304720ABDAC1,2023,MINN-DAK FARMERS COOPERATIVE,2948846.0,263809.0,2949247.5961020547,-222017.5747763097,169.57627872862136,365,20237.65123676369
"(4121, 3898)",13304720ABDAC1,2024,MINN-DAK FARMERS COOPERATIVE,2948846.0,263809.0,2949247.5961020547,-222017.5747763097,0.0002415674648842569,366,0.02875048844360172
"(4121, 3898)",13304720ABDB7,1987,MINN-DAK FARMERS COOPERATIVE,2948794.0,263843.0,2949195.5399701395,-221983.61228789913,768.1685801179067,365,91675.13246557812
"(4121, 3898)",13304720ABDB7,1988,MINN-DAK FARMERS COOPERATIVE,2948794.0,263843.0,2949195.5399701395,-221983.61228789913,332.6980736594333,366,39596.52483225386
"(4121, 3898)",13304720ABDB7,1989,MINN-DAK FARMERS COOPERATIVE,2948794.0,263843.0,2949195.5399701395,-221983.61228789913,57.69508149430261,365,6885.473287374854
"(4121, 3898)",13304720ABDB7,1990,MINN-DAK FARMERS COOPERATIVE,2948794.0,263843.0,2949195.5399701395,-221983.61228789913,88.53739899524629,365,10566.271507487476
"(4121, 3898)",13304720ABDB7,1991,MINN-DAK FARMERS COOPERATIVE,2948794.0,263843.0,2949195.5399701395,-221983.61228789913,311.46137344982833,365,37170.56829445074
"(4121, 3898)",13304720ABDB7,1992,MINN-DAK FARMERS COOPERATIVE,2948794.0,263843.0,2949195.5399701395,-221983.61228789913,156.8508305943514,366,18667.82016581953
"(4121, 3898)",13304720ABDB7,1993,MINN-DAK FARMERS COOPERATIVE,2948794.0,263843.0,2949195.5399701395,-221983.61228789913,109.88151026082474,365,13113.530375237056
"(4121, 3898)",13304720ABDB7,1994,MINN-DAK FARMERS COOPERATIVE,2948794.0,263843.0,2949195.5399701395,-221983.61228789913,107.22692273462411,365,12796.72535430199
"(4121, 3898)",13304720ABDB7,1995,MINN-DAK FARMERS COOPERATIVE,2948794.0,263843.0,2949195.5399701395,-221983.61228789913,119.60988304470449,365,14274.538371033776
"(4121, 3898)",13304720ABDB7,1996,MINN-DAK FARMERS COOPERATIVE,2948794.0,263843.0,2949195.5399701395,-221983.61228789913,135.67550813101693,366,16147.6096562489
"(4121, 3898)",13304720ABDB7,1997,MINN-DAK FARMERS COOPERATIVE,2948794.0,263843.0,2949195.5399701395,-221983.61228789913,111.83025370491421,365,13346.098222975514
"(4121, 3898)",13304720ABDB7,1998,MINN-DAK FARMERS COOPERATIVE,2948794.0,263843.0,2949195.5399701395,-221983.61228789913,150.69771153073032,365,17984.63647747565
"(4121, 3898)",13304720ABDB7,1999,MINN-DAK FARMERS COOPERATIVE,2948794.0,263843.0,2949195.5399701395,-221983.61228789913,125.82437985459612,365,15016.191743743031
"(4121, 3898)",13304720ABDB7,2000,MINN-DAK FARMERS COOPERATIVE,2948794.0,263843.0,2949195.5399701395,-221983.61228789913,146.36444264403053,366,17419.76809173216
"(4121, 3898)",13304720ABDB7,2001,MINN-DAK FARMERS COOPERATIVE,2948794.0,263843.0,2949195.5399701395,-221983.61228789913,121.1473955887814,365,14458.028909170733
"(4121, 3898)",13304720ABDB7,2002,MINN-DAK FARMERS COOPERATIVE,2948794.0,263843.0,2949195.5399701395,-221983.61228789913,152.92112038938043,365,18249.983573044963
"(4121, 3898)",13304720ABDB7,2003,MINN-DAK FARMERS COOPERATIVE,2948794.0,263843.0,2949195.5399701395,-221983.61228789913,159.42869593771385,365,19026.61368505977
"(4121, 3898)",13304720ABDB7,2004,MINN-DAK FARMERS COOPERATIVE,2948794.0,263843.0,2949195.5399701395,-221983.61228789913,156.3598086241871,366,18609.38050182948
"(4121, 3898)",13304720ABDB7,2005,MINN-DAK FARMERS COOPERATIVE,2948794.0,263843.0,2949195.5399701395,-221983.61228789913,176.8446314419781,365,21105.074371541275
"(4121, 3898)",13304720ABDB7,2006,MINN-DAK FARMERS COOPERATIVE,2948794.0,263843.0,2949195.5399701395,-221983.61228789913,199.86128629342863,365,23851.938714908905
"(4121, 3898)",13304720ABDB7,2007,MINN-DAK FARMERS COOPERATIVE,2948794.0,263843.0,2949195.5399701395,-221983.61228789913,187.9846923900801,365,22434.556713731203
"(4121, 3898)",13304720ABDB7,2008,MINN-DAK FARMERS COOPERATIVE,2948794.0,263843.0,2949195.5399701395,-221983.61228789913,176.27688728897562,366,20979.839372425624
"(4121, 3898)",13304720ABDB7,2009,MINN-DAK FARMERS COOPERATIVE,2948794.0,263843.0,2949195.5399701395,-221983.61228789913,158.0016633369239,365,18856.308095770975
"(4121, 3898)",13304720ABDB7,2010,MINN-DAK FARMERS COOPERATIVE,2948794.0,263843.0,2949195.5399701395,-221983.61228789913,174.94192130759154,365,20878.000252489554
"(4121, 3898)",13304720ABDB7,2011,MINN-DAK FARMERS COOPERATIVE,2948794.0,263843.0,2949195.5399701395,-221983.61228789913,190.0255024535754,365,22678.112018843134
"(4121, 3898)",13304720ABDB7,2012,MINN-DAK FARMERS COOPERATIVE,2948794.0,263843.0,2949195.5399701395,-221983.61228789913,191.9435570245296,366,22844.42990160795
"(4121, 3898)",13304720ABDB7,2013,MINN-DAK FARMERS COOPERATIVE,2948794.0,263843.0,2949195.5399701395,-221983.61228789913,182.98700940000185,365,21838.120902641316
"(4121, 3898)",13304720ABDB7,2014,MINN-DAK FARMERS COOPERATIVE,2948794.0,263843.0,2949195.5399701395,-221983.61228789913,188.37444107889803,365,22481.0702832789
"(4121, 3898)",13304720ABDB7,2015,MINN-DAK FARMERS COOPERATIVE,2948794.0,263843.0,2949195.5399701395,-221983.61228789913,219.37940960745863,365,26181.27967808465
"(4121, 3898)",13304720ABDB7,2016,MINN-DAK FARMERS COOPERATIVE,2948794.0,263843.0,2949195.5399701395,-221983.61228789913,250.17109046772916,366,29774.460931077272
"(4121, 3898)",13304720ABDB7,2017,MINN-DAK FARMERS COOPERATIVE,2948794.0,263843.0,2949195.5399701395,-221983.61228789913,212.32710656097422,365,25339.640443276814
"(4121, 3898)",13304720ABDB7,2018,MINN-DAK FARMERS COOPERATIVE,2948794.0,263843.0,2949195.5399701395,-221983.61228789913,206.37960294735942,365,24629.85069695062
"(4121, 3898)",13304720ABDB7,2019,MINN-DAK FARMERS COOPERATIVE,2948794.0,263843.0,2949195.5399701395,-221983.61228789913,207.69093849642934,365,24786.348714806747
"(4121, 3898)",13304720ABDB7,2020,MINN-DAK FARMERS COOPERATIVE,2948794.0,263843.0,2949195.5399701395,-221983.61228789913,225.53375622600512,366,26842.214265586837
"(4121, 3898)",13304720ABDB7,2021,MINN-DAK FARMERS COOPERATIVE,2948794.0,263843.0,2949195.5399701395,-221983.61228789913,241.91777837109598,365,28871.0641803971
"(4121, 3898)",13304720ABDB7,2022,MINN-DAK FARMERS COOPERATIVE,2948794.0,263843.0,2949195.5399701395,-221983.61228789913,199.30366946856077,365,23785.391348083584
"(4121, 3898)",13304720ABDB7,2023,MINN-DAK FARMERS COOPERATIVE,2948794.0,263843.0,2949195.5399701395,-221983.61228789913,169.57627872862136,365,20237.65123676369
"(4121, 3898)",13304720ABDB7,2024,MINN-DAK FARMERS COOPERATIVE,2948794.0,263843.0,2949195.5399701395,-221983.61228789913,0.0002415674648842569,366,0.02875048844360172
"(1822, 1898)",13304720ADD,1976,"WAHPETON, CITY OF",2950418.0,262207.0,2950821.8696633107,-223618.68539094756,112.23333333333333,366,13357.606557377048
"(1822, 1898)",13304720ADD,1977,"WAHPETON, CITY OF",2950418.0,262207.0,2950821.8696633107,-223618.68539094756,373.3333333333333,365,44554.520547945205
"(1822, 1898)",13304720ADD,1978,"WAHPETON, CITY OF",2950418.0,262207.0,2950821.8696633107,-223618.68539094756,229.36666666666667,365,27373.183561643837
"(1822, 1898)",13304720ADD,1979,"WAHPETON, CITY OF",2950418.0,262207.0,2950821.8696633107,-223618.68539094756,407.7,365,48655.923287671234
1898,13304720ADD,1980,"WAHPETON, CITY OF",2950418.0,262207.0,2950821.8696633107,-223618.68539094756,199.39941875274283,366,23731.79967450677
1898,13304720ADD,1981,"WAHPETON, CITY OF",2950418.0,262207.0,2950821.8696633107,-223618.68539094756,55.519240389012154,365,6625.803044781834
1898,13304720ADD,1982,"WAHPETON, CITY OF",2950418.0,262207.0,2950821.8696633107,-223618.68539094756,39.93389616726663,365,4765.809635742834
1898,13304720ADD,1983,"WAHPETON, CITY OF",2950418.0,262207.0,2950821.8696633107,-223618.68539094756,45.13719460735121,365,5386.784101633476
1898,13304720ADD,1984,"WAHPETON, CITY OF",2950418.0,262207.0,2950821.8696633107,-223618.68539094756,56.0409512323117,366,6669.791900763655
1898,13304720ADD,1985,"WAHPETON, CITY OF",2950418.0,262207.0,2950821.8696633107,-223618.68539094756,51.51127355754624,365,6147.482400456751
1898,13304720ADD,1986,"WAHPETON, CITY OF",2950418.0,262207.0,2950821.8696633107,-223618.68539094756,135.25200168175024,365,16141.307378786412
1898,13304720ADD,1987,"WAHPETON, CITY OF",2950418.0,262207.0,2950821.8696633107,-223618.68539094756,123.19741231421723,365,14702.682960020009
1898,13304720ADD,1988,"WAHPETON, CITY OF",2950418.0,262207.0,2950821.8696633107,-223618.68539094756,42.54858815839141,366,5063.97950868724
1898,13304720ADD,1989,"WAHPETON, CITY OF",2950418.0,262207.0,2950821.8696633107,-223618.68539094756,36.83431998060463,365,4395.898570835994
1898,13304720ADD,1990,"WAHPETON, CITY OF",2950418.0,262207.0,2950821.8696633107,-223618.68539094756,20.25158738196292,365,2416.874373584397
1898,13304720ADD,1991,"WAHPETON, CITY OF",2950418.0,262207.0,2950821.8696633107,-223618.68539094756,41.73840190762036,365,4981.163800262857
1898,13304720ADD,1992,"WAHPETON, CITY OF",2950418.0,262207.0,2950821.8696633107,-223618.68539094756,8.829188801016416,366,1050.8182081209702
1898,13304720ADD,1993,"WAHPETON, CITY OF",2950418.0,262207.0,2950821.8696633107,-223618.68539094756,4.776723103504362,365,570.0659133935617
1898,13304720ADD,1994,"WAHPETON, CITY OF",2950418.0,262207.0,2950821.8696633107,-223618.68539094756,95.72626752718267,365,11424.208804065966
1898,13304720ADD,1995,"WAHPETON, CITY OF",2950418.0,262207.0,2950821.8696633107,-223618.68539094756,56.314082203215584,365,6720.661426772797
1898,13304720ADD,1996,"WAHPETON, CITY OF",2950418.0,262207.0,2950821.8696633107,-223618.68539094756,71.33014782830189,366,8489.456938253634
1898,13304720ADD,1997,"WAHPETON, CITY OF",2950418.0,262207.0,2950821.8696633107,-223618.68539094756,114.87458991993273,365,13709.416813458272
1898,13304720ADD,1998,"WAHPETON, CITY OF",2950418.0,262207.0,2950821.8696633107,-223618.68539094756,188.20718672031083,365,22461.109735717095
1898,13304720ADD,1999,"WAHPETON, CITY OF",2950418.0,262207.0,2950821.8696633107,-223618.68539094756,168.39751911149574,365,20096.975157525354
1898,13304720ADD,2000,"WAHPETON, CITY OF",2950418.0,262207.0,2950821.8696633107,-223618.68539094756,149.66503094972856,366,17812.592208115235
1898,13304720ADD,2001,"WAHPETON, CITY OF",2950418.0,262207.0,2950821.8696633107,-223618.68539094756,46.60258829956023,365,5561.667798161216
1898,13304720ADD,2002,"WAHPETON, CITY OF",2950418.0,262207.0,2950821.8696633107,-223618.68539094756,179.30281018011306,365,21398.439483412945
1898,13304720ADD,2003,"WAHPETON, CITY OF",2950418.0,262207.0,2950821.8696633107,-223618.68539094756,422.51519866442027,365,50424.005626909995
1898,13304720ADD,2004,"WAHPETON, CITY OF",2950418.0,262207.0,2950821.8696633107,-223618.68539094756,366.60314069927665,366,43631.78363076637
1898,13304720ADD,2005,"WAHPETON, CITY OF",2950418.0,262207.0,2950821.8696633107,-223618.68539094756,455.28784628557224,365,54335.17420328637
1898,13304720ADD,2006,"WAHPETON, CITY OF",2950418.0,262207.0,2950821.8696633107,-223618.68539094756,317.15109052910685,365,37849.59316013122
1898,13304720ADD,2007,"WAHPETON, CITY OF",2950418.0,262207.0,2950821.8696633107,-223618.68539094756,403.18120858920184,365,48116.63957848118
1898,13304720ADD,2008,"WAHPETON, CITY OF",2950418.0,262207.0,2950821.8696633107,-223618.68539094756,444.1938186471731,366,52866.346284893065
1898,13304720ADD,2009,"WAHPETON, CITY OF",2950418.0,262207.0,2950821.8696633107,-223618.68539094756,412.53517712083135,365,49232.96524762578
1898,13304720ADD,2010,"WAHPETON, CITY OF",2950418.0,262207.0,2950821.8696633107,-223618.68539094756,267.40749606415204,365,31913.069941245107
1898,13304720ADD,2011,"WAHPETON, CITY OF",2950418.0,262207.0,2950821.8696633107,-223618.68539094756,812.4111940733648,365,96955.15510639937
1898,13304720ADD,2012,"WAHPETON, CITY OF",2950418.0,262207.0,2950821.8696633107,-223618.68539094756,409.18395217446005,366,48699.59824240295
1898,13304720ADD,2013,"WAHPETON, CITY OF",2950418.0,262207.0,2950821.8696633107,-223618.68539094756,402.23906018394905,365,48004.20126469266
1898,13304720ADD,2014,"WAHPETON, CITY OF",2950418.0,262207.0,2950821.8696633107,-223618.68539094756,182.81361726678756,365,21817.427857921277
1898,13304720ADD,2015,"WAHPETON, CITY OF",2950418.0,262207.0,2950821.8696633107,-223618.68539094756,287.6222567983526,365,34325.54933188011
1898,13304720ADD,2016,"WAHPETON, CITY OF",2950418.0,262207.0,2950821.8696633107,-223618.68539094756,374.161810152493,366,44531.3892083131
1898,13304720ADD,2017,"WAHPETON, CITY OF",2950418.0,262207.0,2950821.8696633107,-223618.68539094756,314.64074070664196,365,37550.00182241458
1898,13304720ADD,2018,"WAHPETON, CITY OF",2950418.0,262207.0,2950821.8696633107,-223618.68539094756,523.6258289831857,365,62490.79756303443
1898,13304720ADD,2019,"WAHPETON, CITY OF",2950418.0,262207.0,2950821.8696633107,-223618.68539094756,353.02945211154787,365,42131.405298572674
1898,13304720ADD,2020,"WAHPETON, CITY OF",2950418.0,262207.0,2950821.8696633107,-223618.68539094756,356.74587464822883,366,42458.607376166256
1898,13304720ADD,2021,"WAHPETON, CITY OF",2950418.0,262207.0,2950821.8696633107,-223618.68539094756,407.3733086594793,365,48616.9351375532
1898,13304720ADD,2022,"WAHPETON, CITY OF",2950418.0,262207.0,2950821.8696633107,-223618.68539094756,387.474643318572,365,46242.179350567116
1898,13304720ADD,2023,"WAHPETON, CITY OF",2950418.0,262207.0,2950821.8696633107,-223618.68539094756,498.9304927712359,365,59543.5952468905
1898,13304720ADD,2024,"WAHPETON, CITY OF",2950418.0,262207.0,2950821.8696633107,-223618.68539094756,533.0687952469073,366,63443.92546709093
"(1822, 1898)",13304720BBA,1976,"WAHPETON, CITY OF",2946167.0,264261.0,2946567.0049190572,-221568.05726585604,112.23333333333333,366,13357.606557377048
"(1822, 1898)",13304720BBA,1977,"WAHPETON, CITY OF",2946167.0,264261.0,2946567.0049190572,-221568.05726585604,373.3333333333333,365,44554.520547945205
"(1822, 1898)",13304720BBA,1978,"WAHPETON, CITY OF",2946167.0,264261.0,2946567.0049190572,-221568.05726585604,229.36666666666667,365,27373.183561643837
"(1822, 1898)",13304720BBA,1979,"WAHPETON, CITY OF",2946167.0,264261.0,2946567.0049190572,-221568.05726585604,407.7,365,48655.923287671234
1898,13304720BBA,1980,"WAHPETON, CITY OF",2946167.0,264261.0,2946567.0049190572,-221568.05726585604,199.39941875274283,366,23731.79967450677
1898,13304720BBA,1981,"WAHPETON, CITY OF",2946167.0,264261.0,2946567.0049190572,-221568.05726585604,55.519240389012154,365,6625.803044781834
1898,13304720BBA,1982,"WAHPETON, CITY OF",2946167.0,264261.0,2946567.0049190572,-221568.05726585604,39.93389616726663,365,4765.809635742834
1898,13304720BBA,1983,"WAHPETON, CITY OF",2946167.0,264261.0,2946567.0049190572,-221568.05726585604,45.13719460735121,365,5386.784101633476
1898,13304720BBA,1984,"WAHPETON, CITY OF",2946167.0,264261.0,2946567.0049190572,-221568.05726585604,56.0409512323117,366,6669.791900763655
1898,13304720BBA,1985,"WAHPETON, CITY OF",2946167.0,264261.0,2946567.0049190572,-221568.05726585604,51.51127355754624,365,6147.482400456751
1898,13304720BBA,1986,"WAHPETON, CITY OF",2946167.0,264261.0,2946567.0049190572,-221568.05726585604,135.25200168175024,365,16141.307378786412
1898,13304720BBA,1987,"WAHPETON, CITY OF",2946167.0,264261.0,2946567.0049190572,-221568.05726585604,123.19741231421723,365,14702.682960020009
1898,13304720BBA,1988,"WAHPETON, CITY OF",2946167.0,264261.0,2946567.0049190572,-221568.05726585604,42.54858815839141,366,5063.97950868724
1898,13304720BBA,1989,"WAHPETON, CITY OF",2946167.0,264261.0,2946567.0049190572,-221568.05726585604,36.83431998060463,365,4395.898570835994
1898,13304720BBA,1990,"WAHPETON, CITY OF",2946167.0,264261.0,2946567.0049190572,-221568.05726585604,20.25158738196292,365,2416.874373584397
1898,13304720BBA,1991,"WAHPETON, CITY OF",2946167.0,264261.0,2946567.0049190572,-221568.05726585604,41.73840190762036,365,4981.163800262857
1898,13304720BBA,1992,"WAHPETON, CITY OF",2946167.0,264261.0,2946567.0049190572,-221568.05726585604,8.829188801016416,366,1050.8182081209702
1898,13304720BBA,1993,"WAHPETON, CITY OF",2946167.0,264261.0,2946567.0049190572,-221568.05726585604,4.776723103504362,365,570.0659133935617
1898,13304720BBA,1994,"WAHPETON, CITY OF",2946167.0,264261.0,2946567.0049190572,-221568.05726585604,95.72626752718267,365,11424.208804065966
1898,13304720BBA,1995,"WAHPETON, CITY OF",2946167.0,264261.0,2946567.0049190572,-221568.05726585604,56.314082203215584,365,6720.661426772797
1898,13304720BBA,1996,"WAHPETON, CITY OF",2946167.0,264261.0,2946567.0049190572,-221568.05726585604,71.33014782830189,366,8489.456938253634
1898,13304720BBA,1997,"WAHPETON, CITY OF",2946167.0,264261.0,2946567.0049190572,-221568.05726585604,114.87458991993273,365,13709.416813458272
1898,13304720BBA,1998,"WAHPETON, CITY OF",2946167.0,264261.0,2946567.0049190572,-221568.05726585604,188.20718672031083,365,22461.109735717095
1898,13304720BBA,1999,"WAHPETON, CITY OF",2946167.0,264261.0,2946567.0049190572,-221568.05726585604,168.39751911149574,365,20096.975157525354
1898,13304720BBA,2000,"WAHPETON, CITY OF",2946167.0,264261.0,2946567.0049190572,-221568.05726585604,149.66503094972856,366,17812.592208115235
1898,13304720BBA,2001,"WAHPETON, CITY OF",2946167.0,264261.0,2946567.0049190572,-221568.05726585604,46.60258829956023,365,5561.667798161216
1898,13304720BBA,2002,"WAHPETON, CITY OF",2946167.0,264261.0,2946567.0049190572,-221568.05726585604,179.30281018011306,365,21398.439483412945
1898,13304720BBA,2003,"WAHPETON, CITY OF",2946167.0,264261.0,2946567.0049190572,-221568.05726585604,362.0703941371977,365,43210.37361264748
1898,13304720BBA,2004,"WAHPETON, CITY OF",2946167.0,264261.0,2946567.0049190572,-221568.05726585604,372.6273664957296,366,44348.76525834421
1898,13304720BBA,2005,"WAHPETON, CITY OF",2946167.0,264261.0,2946567.0049190572,-221568.05726585604,332.28991164673425,365,39656.29740090889
1898,13304720BBA,2006,"WAHPETON, CITY OF",2946167.0,264261.0,2946567.0049190572,-221568.05726585604,568.3303104793295,365,67825.94061501257
1898,13304720BBA,2007,"WAHPETON, CITY OF",2946167.0,264261.0,2946567.0049190572,-221568.05726585604,449.6625758398778,365,53663.840557767326
1898,13304720BBA,2008,"WAHPETON, CITY OF",2946167.0,264261.0,2946567.0049190572,-221568.05726585604,396.14118109197153,366,47147.29466766743
1898,13304720BBA,2009,"WAHPETON, CITY OF",2946167.0,264261.0,2946567.0049190572,-221568.05726585604,331.64544531089365,365,39579.38519929459
1898,13304720BBA,2010,"WAHPETON, CITY OF",2946167.0,264261.0,2946567.0049190572,-221568.05726585604,420.6431774031689,365,50200.59399364942
1898,13304720BBA,2011,"WAHPETON, CITY OF",2946167.0,264261.0,2946567.0049190572,-221568.05726585604,0.21482211194687142,365,25.63740053809786
1898,13304720BBA,2012,"WAHPETON, CITY OF",2946167.0,264261.0,2946567.0049190572,-221568.05726585604,374.5945232637003,366,44582.88916220433
1898,13304720BBA,2013,"WAHPETON, CITY OF",2946167.0,264261.0,2946567.0049190572,-221568.05726585604,293.20456282165776,365,34991.75549729154
1898,13304720BBA,2014,"WAHPETON, CITY OF",2946167.0,264261.0,2946567.0049190572,-221568.05726585604,497.2610180726774,365,59344.356019851584
1898,13304720BBA,2015,"WAHPETON, CITY OF",2946167.0,264261.0,2946567.0049190572,-221568.05726585604,378.51042347576043,365,45172.36725097021
1898,13304720BBA,2016,"WAHPETON, CITY OF",2946167.0,264261.0,2946567.0049190572,-221568.05726585604,260.806319452756,366,31040.227528311614
1898,13304720BBA,2017,"WAHPETON, CITY OF",2946167.0,264261.0,2946567.0049190572,-221568.05726585604,352.0811659316682,365,42018.23448762594
1898,13304720BBA,2018,"WAHPETON, CITY OF",2946167.0,264261.0,2946567.0049190572,-221568.05726585604,90.80530671994255,365,10836.929207453966
1898,13304720BBA,2019,"WAHPETON, CITY OF",2946167.0,264261.0,2946567.0049190572,-221568.05726585604,237.8080779251867,365,28380.602395674337
1898,13304720BBA,2020,"WAHPETON, CITY OF",2946167.0,264261.0,2946567.0049190572,-221568.05726585604,247.49962406130408,366,29456.51263418144
1898,13304720BBA,2021,"WAHPETON, CITY OF",2946167.0,264261.0,2946567.0049190572,-221568.05726585604,326.2073769913243,365,38930.392717101604
1898,13304720BBA,2022,"WAHPETON, CITY OF",2946167.0,264261.0,2946567.0049190572,-221568.05726585604,273.13097090387936,365,32596.12354129585
1898,13304720BBA,2023,"WAHPETON, CITY OF",2946167.0,264261.0,2946567.0049190572,-221568.05726585604,397.1078805957324,365,47391.83364041124
1898,13304720BBA,2024,"WAHPETON, CITY OF",2946167.0,264261.0,2946567.0049190572,-221568.05726585604,116.3752758162473,366,13850.565613540251
130574,13304727CCCBBD,1988,City of Breckenridge,2956039.0,255001.0,2956452.5287930747,-230822.14990972876,311.0624180990698,366,37021.52713769257
130574,13304727CCCBBD,1989,City of Breckenridge,2956039.0,255001.0,2956452.5287930747,-230822.14990972876,170.9339544761256,365,20399.679608164468
130574,13304727CCCBBD,1990,City of Breckenridge,2956039.0,255001.0,2956452.5287930747,-230822.14990972876,222.72449677920275,365,26580.490629320746
130574,13304727CCCBBD,1991,City of Breckenridge,2956039.0,255001.0,2956452.5287930747,-230822.14990972876,172.23823158437446,365,20555.33525428863
130574,13304727CCCBBD,1992,City of Breckenridge,2956039.0,255001.0,2956452.5287930747,-230822.14990972876,139.6405105400935,366,16619.509942968503
130574,13304727CCCBBD,1993,City of Breckenridge,2956039.0,255001.0,2956452.5287930747,-230822.14990972876,119.4165431439523,365,14251.464710549484
130574,13304727CCCBBD,1994,City of Breckenridge,2956039.0,255001.0,2956452.5287930747,-230822.14990972876,173.9874973530847,365,20764.096944384575
130574,13304727CCCBBD,1995,City of Breckenridge,2956039.0,255001.0,2956452.5287930747,-230822.14990972876,0.0,365,0.0
130574,13304727CCCBBD,1996,City of Breckenridge,2956039.0,255001.0,2956452.5287930747,-230822.14990972876,210.95733939745466,366,25107.381705336404
130574,13304727CCCBBD,1997,City of Breckenridge,2956039.0,255001.0,2956452.5287930747,-230822.14990972876,113.61229519013291,365,13558.771447896408
130574,13304727CCCBBD,1998,City of Breckenridge,2956039.0,255001.0,2956452.5287930747,-230822.14990972876,144.76279035510095,365,17276.348350323828
130574,13304727CCCBBD,1999,City of Breckenridge,2956039.0,255001.0,2956452.5287930747,-230822.14990972876,53.79922111639983,365,6420.531703644867
130574,13304727CCCBBD,2000,City of Breckenridge,2956039.0,255001.0,2956452.5287930747,-230822.14990972876,63.841356939214556,366,7598.168055388486
130574,13304727CCCBBD,2001,City of Breckenridge,2956039.0,255001.0,2956452.5287930747,-230822.14990972876,72.02614078213662,365,8595.777239643483
130574,13304727CCCBBD,2002,City of Breckenridge,2956039.0,255001.0,2956452.5287930747,-230822.14990972876,190.57836250310723,365,22744.091700370824
130574,13304727CCCBBD,2003,City of Breckenridge,2956039.0,255001.0,2956452.5287930747,-230822.14990972876,152.48892898901644,365,18198.4047856481
130574,13304727CCCBBD,2004,City of Breckenridge,2956039.0,255001.0,2956452.5287930747,-230822.14990972876,153.79845389457145,366,18304.537299583422
130574,13304727CCCBBD,2005,City of Breckenridge,2956039.0,255001.0,2956452.5287930747,-230822.14990972876,349.05748332826965,365,41657.38075008062
130574,13304727CCCBBD,2006,City of Breckenridge,2956039.0,255001.0,2956452.5287930747,-230822.14990972876,373.6204891192599,365,44588.79042749304
130574,13304727CCCBBD,2007,City of Breckenridge,2956039.0,255001.0,2956452.5287930747,-230822.14990972876,295.5417353330203,365,35270.67942768867
130574,13304727CCCBBD,2008,City of Breckenridge,2956039.0,255001.0,2956452.5287930747,-230822.14990972876,160.61831941592936,366,19116.213097699136
130574,13304727CCCBBD,2009,City of Breckenridge,2956039.0,255001.0,2956452.5287930747,-230822.14990972876,90.91649250731164,365,10850.19839347533
130574,13304727CCCBBD,2010,City of Breckenridge,2956039.0,255001.0,2956452.5287930747,-230822.14990972876,199.9763388788127,365,23865.66937413995
130574,13304727CCCBBD,2011,City of Breckenridge,2956039.0,255001.0,2956452.5287930747,-230822.14990972876,156.65537316135286,365,18695.638506598716
130574,13304727CCCBBD,2012,City of Breckenridge,2956039.0,255001.0,2956452.5287930747,-230822.14990972876,196.279250332207,366,23360.44848216103
130574,13304727CCCBBD,2013,City of Breckenridge,2956039.0,255001.0,2956452.5287930747,-230822.14990972876,160.1575321235779,365,19113.594792611108
130574,13304727CCCBBD,2014,City of Breckenridge,2956039.0,255001.0,2956452.5287930747,-230822.14990972876,207.18316040153329,365,24725.74922490627
130574,13304727CCCBBD,2015,City of Breckenridge,2956039.0,255001.0,2956452.5287930747,-230822.14990972876,291.10160779006355,365,34740.783658452514
130574,13304727CCCBBD,2016,City of Breckenridge,2956039.0,255001.0,2956452.5287930747,-230822.14990972876,249.55022387532946,366,29700.56762844085
130574,13304727CCCBBD,2017,City of Breckenridge,2956039.0,255001.0,2956452.5287930747,-230822.14990972876,327.02983879134945,365,39028.547336304604
130574,13304727CCCBBD,2018,City of Breckenridge,2956039.0,255001.0,2956452.5287930747,-230822.14990972876,251.68865524426812,365,30037.144719014574
130574,13304727CCCBBD,2019,City of Breckenridge,2956039.0,255001.0,2956452.5287930747,-230822.14990972876,196.60519685377665,365,23463.348972467156
130574,13304727CCCBBD,2020,City of Breckenridge,2956039.0,255001.0,2956452.5287930747,-230822.14990972876,313.0212581824209,366,37254.661219743866
130574,13304727CCCBBD,2021,City of Breckenridge,2956039.0,255001.0,2956452.5287930747,-230822.14990972876,272.02402324989026,365,32464.017678808825
130574,13304727CCCBBD,2022,City of Breckenridge,2956039.0,255001.0,2956452.5287930747,-230822.14990972876,288.6503340483841,365,34448.24260588386
130574,13304727CCCBBD,2023,City of Breckenridge,2956039.0,255001.0,2956452.5287930747,-230822.14990972876,372.2406866942253,365,44424.12140383686
130573,13304728DDAADB,1988,City of Breckenridge,2955656.0,255566.0,2956068.7935903575,-230257.28972828493,206.26298522944535,366,24548.676602717595
130573,13304728DDAADB,1989,City of Breckenridge,2955656.0,255566.0,2956068.7935903575,-230257.28972828493,333.23206005198693,365,39768.735714697395
130573,13304728DDAADB,1990,City of Breckenridge,2955656.0,255566.0,2956068.7935903575,-230257.28972828493,280.2968227809643,365,33451.313973530974
130573,13304728DDAADB,1991,City of Breckenridge,2955656.0,255566.0,2956068.7935903575,-230257.28972828493,292.1243144872963,365,34862.83599744282
130573,13304728DDAADB,1992,City of Breckenridge,2955656.0,255566.0,2956068.7935903575,-230257.28972828493,320.74475757324666,366,38173.88426199624
130573,13304728DDAADB,1993,City of Breckenridge,2955656.0,255566.0,2956068.7935903575,-230257.28972828493,308.9295414161687,365,36868.413216680296
130573,13304728DDAADB,1994,City of Breckenridge,2955656.0,255566.0,2956068.7935903575,-230257.28972828493,270.10504801274203,365,32235.002442287787
130573,13304728DDAADB,1995,City of Breckenridge,2955656.0,255566.0,2956068.7935903575,-230257.28972828493,445.1758625875016,365,53128.38513510019
130573,13304728DDAADB,1996,City of Breckenridge,2955656.0,255566.0,2956068.7935903575,-230257.28972828493,219.8837505485636,366,26169.770966927405
130573,13304728DDAADB,1997,City of Breckenridge,2955656.0,255566.0,2956068.7935903575,-230257.28972828493,274.1346504997683,365,32715.905139095637
130573,13304728DDAADB,1998,City of Breckenridge,2955656.0,255566.0,2956068.7935903575,-230257.28972828493,311.39572995019194,365,37162.73423734346
130573,13304728DDAADB,1999,City of Breckenridge,2955656.0,255566.0,2956068.7935903575,-230257.28972828493,287.148693728115,365,34269.03314738819
130573,13304728DDAADB,2000,City of Breckenridge,2955656.0,255566.0,2956068.7935903575,-230257.28972828493,272.55705828737666,366,32438.758084694335
130573,13304728DDAADB,2001,City of Breckenridge,2955656.0,255566.0,2956068.7935903575,-230257.28972828493,254.93477080015103,365,30424.544153574192
130573,13304728DDAADB,2002,City of Breckenridge,2955656.0,255566.0,2956068.7935903575,-230257.28972828493,146.74498467090788,365,17512.90830757465
130573,13304728DDAADB,2003,City of Breckenridge,2955656.0,255566.0,2956068.7935903575,-230257.28972828493,219.9198406633707,365,26245.776052866928
130573,13304728DDAADB,2004,City of Breckenridge,2955656.0,255566.0,2956068.7935903575,-230257.28972828493,200.89878502751264,366,23910.248840979373
130573,13304728DDAADB,2005,City of Breckenridge,2955656.0,255566.0,2956068.7935903575,-230257.28972828493,8.713184860565105,365,1039.8529658252494
130573,13304728DDAADB,2006,City of Breckenridge,2955656.0,255566.0,2956068.7935903575,-230257.28972828493,1.1213714243626691,365,133.82723080887087
130573,13304728DDAADB,2007,City of Breckenridge,2955656.0,255566.0,2956068.7935903575,-230257.28972828493,95.73845100981735,365,11425.662810925052
130573,13304728DDAADB,2008,City of Breckenridge,2955656.0,255566.0,2956068.7935903575,-230257.28972828493,245.0059076080785,366,29159.71949565
130573,13304728DDAADB,2009,City of Breckenridge,2955656.0,255566.0,2956068.7935903575,-230257.28972828493,219.98536140751443,365,26253.59546003104
130573,13304728DDAADB,2010,City of Breckenridge,2955656.0,255566.0,2956068.7935903575,-230257.28972828493,99.83737966125621,365,11914.839063135123
130573,13304728DDAADB,2011,City of Breckenridge,2955656.0,255566.0,2956068.7935903575,-230257.28972828493,141.06653040806992,365,16835.227574179524
130573,13304728DDAADB,2012,City of Breckenridge,2955656.0,255566.0,2956068.7935903575,-230257.28972828493,114.84157483021382,366,13668.030053563152
130573,13304728DDAADB,2013,City of Breckenridge,2955656.0,255566.0,2956068.7935903575,-230257.28972828493,146.17143418310823,365,17444.45937812656
130573,13304728DDAADB,2014,City of Breckenridge,2955656.0,255566.0,2956068.7935903575,-230257.28972828493,94.12308079459632,365,11232.880546335933
130573,13304728DDAADB,2015,City of Breckenridge,2955656.0,255566.0,2956068.7935903575,-230257.28972828493,5.2825984882661094,365,630.438329174991
130573,13304728DDAADB,2016,City of Breckenridge,2955656.0,255566.0,2956068.7935903575,-230257.28972828493,52.04525995009988,366,6194.239135044674
130573,13304728DDAADB,2017,City of Breckenridge,2955656.0,255566.0,2956068.7935903575,-230257.28972828493,0.0,365,0.0
130573,13304728DDAADB,2018,City of Breckenridge,2955656.0,255566.0,2956068.7935903575,-230257.28972828493,0.0,365,0.0
130573,13304728DDAADB,2019,City of Breckenridge,2955656.0,255566.0,2956068.7935903575,-230257.28972828493,105.58506802188732,365,12600.782364475102
130573,13304728DDAADB,2020,City of Breckenridge,2955656.0,255566.0,2956068.7935903575,-230257.28972828493,0.0,366,0.0
130573,13304728DDAADB,2021,City of Breckenridge,2955656.0,255566.0,2956068.7935903575,-230257.28972828493,37.47053100957186,365,4471.825563772466
130573,13304728DDAADB,2022,City of Breckenridge,2955656.0,255566.0,2956068.7935903575,-230257.28972828493,59.34000509435294,365,7081.782525780861
130573,13304728DDAADB,2023,City of Breckenridge,2955656.0,255566.0,2956068.7935903575,-230257.28972828493,0.0,365,0.0
5721,permit_5721,2005,"WAHPETON, CITY OF",2951465.9313910706,250820.09836635573,2951881.6598386676,-235009.47159535383,17.171774829600032,365,2049.3219495270614
5721,permit_5721,2006,"WAHPETON, CITY OF",2951465.9313910706,250820.09836635573,2951881.6598386676,-235009.47159535383,13.404899785484778,365,1599.7737935773066
5721,permit_5721,2010,"WAHPETON, CITY OF",2951465.9313910706,250820.09836635573,2951881.6598386676,-235009.47159535383,19.07313465356865,365,2276.2349192039737
5721,permit_5721,2011,"WAHPETON, CITY OF",2951465.9313910706,250820.09836635573,2951881.6598386676,-235009.47159535383,19.116099075958033,365,2281.3623993115943
5721,permit_5721,2012,"WAHPETON, CITY OF",2951465.9313910706,250820.09836635573,2951881.6598386676,-235009.47159535383,14.420701486262125,366,1716.2998818075905
5721,permit_5721,2013,"WAHPETON, CITY OF",2951465.9313910706,250820.09836635573,2951881.6598386676,-235009.47159535383,6.742345427818236,365,804.6481283171571
5721,permit_5721,2014,"WAHPETON, CITY OF",2951465.9313910706,250820.09836635573,2951881.6598386676,-235009.47159535383,13.714857404150978,365,1636.7649000679908
5721,permit_5721,2015,"WAHPETON, CITY OF",2951465.9313910706,250820.09836635573,2951881.6598386676,-235009.47159535383,13.150182138462057,365,1569.3751615107046
5721,permit_5721,2016,"WAHPETON, CITY OF",2951465.9313910706,250820.09836635573,2951881.6598386676,-235009.47159535383,5.612994896440399,366,668.0384089861852
5721,permit_5721,2017,"WAHPETON, CITY OF",2951465.9313910706,250820.09836635573,2951881.6598386676,-235009.47159535383,4.026380155347075,365,480.51813579977704
5721,permit_5721,2018,"WAHPETON, CITY OF",2951465.9313910706,250820.09836635573,2951881.6598386676,-235009.47159535383,0.024551098508213878,365,2.9299886329254696
5721,permit_5721,2019,"WAHPETON, CITY OF",2951465.9313910706,250820.09836635573,2951881.6598386676,-235009.47159535383,0.0,365,0.0
5721,permit_5721,2020,"WAHPETON, CITY OF",2951465.9313910706,250820.09836635573,2951881.6598386676,-235009.47159535383,0.0,366,0.0
5721,permit_5721,2021,"WAHPETON, CITY OF",2951465.9313910706,250820.09836635573,2951881.6598386676,-235009.47159535383,0.0,365,0.0
