start_datetime,grp.17_k.0-1_WW-CS,grp.17_k.0-2_WW-SW,grp.17_k.1-2_CS-SW,grp.18_k.0-1_WW-CS,grp.83_k.0-2_WW-SW,grp.116_k.0-2_WW-SW,grp.121_k.0-2_WW-SW,grp.123_k.0-2_WW-SW,grp.124_k.0-2_WW-SW,grp.126_k.0-2_WW-SW,grp.127_k.0-2_WW-SW,grp.215_k.1-2_CS-SW,grp.220_k.0-2_WW-SW
1970-01-01,,,,,,,,,,,14.294216867469913,,
1971-01-01,,,,,,,,,,,13.945959595959494,,
1972-01-01,,,,,,,,,,,15.504111111111115,,
1973-01-01,,,,,,,,,,,13.0689422860994,,
1974-01-01,,,,,,,,,,,15.970000000000027,,
1975-01-01,,,,,,,,,,,15.170000000000073,,
1976-01-01,,,,,,,,,,,13.660000000000082,,
1977-01-01,,,,,,,,,,,24.550508474576418,,
1978-01-01,,,,,,,,,,,16.470000000000027,,
1979-01-01,,,,,41.10357526881717,,,,,,17.1099999999999,,
1980-01-01,,,,,37.11198924731184,-0.19000000000005457,,,,,13.220000000000027,,
1981-01-01,,,,,37.061739130434944,0.10000000000013642,,,,,14.25,,
1982-01-01,,,,,34.71527472527464,-0.029999999999972715,,,,,11.36999999999989,,
1983-01-01,,,,,34.19895604395606,-0.009999999999990905,,,,,9.870107526881839,,
1984-01-01,,,,,33.71527173913046,0.049999999999954525,,,,,12.099999999999909,,
1985-01-01,,,,,34.63107784431145,0.08000000000015461,,,,,11.139999999999873,,
1986-01-01,,,,,34.46539325842696,0.16000000000008185,,,,,12.090000000000146,,
1987-01-01,,,,,34.83393939393932,-0.049999999999954525,,,,,11.059999999999945,,42.39790249433122
1988-01-01,,,,,34.088753623188495,0.03999999999996362,,,,,7.4066666666667516,10.551666666666733,39.826303854875505
1989-01-01,,,,,36.178225806451564,0.03999999999996362,,,,,10.579999999999927,9.426470588235361,40.44197278911565
1990-01-01,,,,,36.95773638968467,0.029999999999972715,,,,,11.309999999999945,8.652608695652361,40.415975056689376
1991-01-01,,,,,37.214413793103404,-0.3127586206896922,,,,,14.400000000000091,8.046382978723386,39.679977324263064
1992-01-01,,,,,35.42000000000007,0.029999999999972715,10.950000000000045,16.15000000000009,12.080176991150665,13.829999999999927,12.509999999999991,8.289999999999964,38.786153617147875
1993-01-01,,,,,34.79281979977759,-0.010967741935473896,10.820000000000164,16.24580645161268,11.75,12.460000000000036,11.49163934426224,8.129687500000045,39.04022529746749
1994-01-01,,,,,34.73999999999978,0.03999999999996362,8.829999999999927,15.089999999999918,10.269999999999982,11.794743589743575,9.049999999999955,14.084574468085066,35.32286328603095
1995-01-01,,,,,35.13033333333351,-0.009999999999990905,8.410000000000082,15.210000000000036,9.350000000000136,11.669999999999845,7.879999999999882,11.768918918918871,33.68288478713907
1996-01-01,,,,,35.78258064516126,0.060000000000172804,7.990000000000009,15.910000000000082,8.839999999999918,10.970000000000027,10.319999999999936,8.522000000000162,33.47381958916344
1997-01-01,,,,,36.73000000000002,-0.01999999999998181,8.700000000000045,15.429999999999836,9.730000000000018,10.960000000000036,7.5499999999999545,6.736097560975622,32.692729979160276
1998-01-01,,,,,36.63452674897121,0.10975308641968695,10.07385245901628,15.382131147541031,9.52983606557359,11.760163934426146,9.31139344262283,5.256635071089931,31.680164959321246
1999-01-01,,,,,35.77999999999997,-0.13444444444462533,8.41148148148136,14.458571428571531,8.495555555555484,11.277037037036962,6.789285714285825,4.523076923076815,31.46055075915433
2000-01-01,,,,,37.17934426229499,-0.028305785124075555,8.797172131147363,14.355409836065519,9.496680327869171,12.359142857142842,6.855000000000246,8.982662721893348,32.636058164632004
2000-02-01,,,,,37.219918032786836,-0.023533057851182093,8.858709016393504,14.474426229508481,9.547397540983866,12.44467346938768,6.9375,8.783491124260536,32.59727346308409
2000-03-01,,,,,37.29122950819669,-0.01514462809905126,8.966864754098424,14.683606557377288,9.63653688524596,12.595000000000027,7.082499999999982,8.433431952662204,32.5291064118785
2000-04-01,,,,,37.36745901639347,-0.0061776859504334425,9.082479508196684,14.907213114754086,9.731823770491928,12.755693877551266,7.2374999999999545,8.05923076923068,32.456238184727454
2000-05-01,,,,,37.441229508196784,0.0025000000000545697,9.194364754098615,15.123606557377116,9.82403688524596,12.911204081632377,7.3875000000000455,7.838939137785246,32.38572054554879
2000-06-01,,,,,37.51745901639333,0.011466942148672388,9.309979508196875,15.347213114754595,9.919323770491928,13.071897959183616,7.542499999999791,8.721022219538554,32.3128523183982
2000-07-01,,,,,37.712172131147554,-0.0020971074379758647,11.4554610655739,17.11770491803304,11.707715163934608,15.007159863945617,9.028749999999945,10.648571428571586,32.35175374973255
2000-08-01,,,,,38.71663940092162,-0.02719941348982502,14.345564516129343,19.46484318996454,14.204578853046769,18.357874999999922,10.894938844086028,12.712648853355859,32.63335465414457
2000-09-01,,,,,39.006992283950694,-0.030819191919135847,12.51959876543242,17.985015432098862,12.798564814814881,17.758233024691435,9.920831481481628,13.315691142436208,33.0285302304128
2000-10-01,,,,,37.64677091377098,-0.025246969696809174,9.49857424242441,15.142597811447786,10.038939057239077,14.059756565656471,7.732755429293093,12.238776978575288,33.21328111242428
2000-11-01,,,,,36.6171156156156,-0.0028749999999035936,8.435348484848419,14.012053030302923,8.728056818182267,11.705674242424266,6.610613636363496,11.256822864911555,32.96551255497434
2000-12-01,,,,,36.313108108108054,0.0027499999998781277,8.081863636363323,13.80027272727284,8.269113636363954,11.205181818181927,6.320727272727254,10.876846740351539,32.49149971809811
2001-01-01,,,,,36.10923423423401,-0.012750000000096406,7.769045454545221,13.557909090909106,7.9717954545456,10.940272727272713,5.881090909090744,10.731442307692305,32.002351061830495
2001-02-01,,,,,35.905360360359964,-0.02825000000007094,7.456227272727119,13.3155454545456,7.674477272727245,10.675363636363727,5.441454545454235,10.669839743589591,31.51320240556288
2001-03-01,,,,,35.72121621621636,-0.04224999999996726,7.173681818181649,13.096636363636435,7.405931818182125,10.436090909091035,5.0443636363636415,10.614198717948511,31.07139071603092
2001-04-01,,,,,35.51734234234232,-0.05774999999971442,6.860863636363547,12.854272727272473,7.108613636363771,10.171181818181594,4.604727272727587,10.552596153845798,30.582242059763303
2001-05-01,,,,,35.32004504504471,-0.07274999999981446,6.558136363636095,12.619727272727005,6.8208863636364185,9.914818181818191,4.179272727272746,10.696308302808347,30.10887239240742
2001-06-01,,,,,35.14280405405384,-0.1123250000000553,6.370349999999917,12.530899999999747,6.655174999999872,9.87796666666668,3.900327777777875,11.317806122448928,29.752130153251983
2001-07-01,,,,,35.402810810810934,-0.047783333333427436,6.747577718360162,12.920478787878892,7.139718894831049,10.542790819964466,4.294536868686919,12.159642857142671,29.801765833489753
2001-08-01,,,,,36.623931034482894,0.09197222222201162,8.090235294117292,14.193600000000288,8.836176470588043,12.269152941176344,5.5135666666667476,12.902431264172492,30.169306793978194
2001-09-01,,,,,37.74157142857143,0.029444196428357827,9.049897759103715,14.891770562770489,10.12883403361343,13.457691876750687,5.808504545454525,13.180491071428833,30.63059615550651
2001-10-01,,,,,37.45990476190468,-0.024071428571460274,8.233476190476267,13.644119047619142,9.167142857142835,12.48680952380937,4.595874999999978,13.128541666666706,30.924155591273347
2001-11-01,,,,,36.63039818763332,0.04417751060827868,6.9976272210376464,12.266212153518154,7.548694385216777,11.089884683724222,3.811004477611732,13.02966053921591,30.86268561248471
2001-12-01,,,,,36.257973702914114,0.07801060820406747,6.505937455579215,11.77903909026304,6.835872778962312,10.441633972991895,3.6792512437812093,12.765585784313771,30.65111696183203
2002-01-01,,,,,36.14805970149246,0.066608910891091,6.328358208955478,11.554776119402959,6.5429104477607325,9.97164179104493,3.5209701492535714,12.34117647058838,30.432496022824353
2002-02-01,,,,,36.05243781094532,0.05279702970278777,6.167960199004938,11.34502487562213,6.2730099502487064,9.512039800994899,3.3621144278604334,11.903529411764566,30.213875083816447
2002-03-01,,,,,35.966069651741236,0.040321782178352805,6.023084577114332,11.155572139303331,6.029228855721385,9.096915422885559,3.218631840795979,11.50823529411764,30.016411009873764
2002-04-01,,,,,35.8704477611941,0.026509900990049573,5.862686567164019,10.945820895522502,5.759328358208904,8.637313432835754,3.0597761194028408,11.070588235294053,29.79779007086563
2002-05-01,,,,,35.7777434665752,0.013143564356369097,5.708054669182729,10.743914107622913,5.498072539600571,8.193497054954832,2.906894550237439,11.210702973497291,29.586221420213406
2002-06-01,,,,,35.61914251324038,0.00033381700245627144,5.883177660086631,11.1191752527684,5.224818488204164,8.257725565719966,3.2098642272508187,12.580604395604723,29.548075243475523
2002-07-01,,,,,37.594461624026735,0.02612652329753473,8.73448275862097,13.988764738598547,7.566749721913084,10.841233036707536,5.5697068965519065,14.489395604395213,29.84467209643344
2002-08-01,,,,,41.78927419354818,0.06179310344828082,13.117403225806356,18.01553225806424,12.498016129032067,15.614629032258108,9.295129032258046,15.697458791208419,30.47843321085361
2002-09-01,,,,,43.006973286290304,0.04504989919360014,13.258234375000256,17.989347782258164,13.667012600806402,17.046690524193536,9.106198660714199,15.327499999999873,31.409075131985674
2002-10-01,,,,,41.109169354838514,0.02175000000011096,10.424508064516203,14.909274193548526,11.102991935483715,14.373499999999922,5.761056451612831,14.277500000000146,31.99937591419939
2002-11-01,,,,,39.39874718915348,0.010717647707224387,8.480799768518636,12.695332341269932,9.039166170635099,11.850688161375501,3.27125183823523,13.19250000000011,31.85858304540784
2002-12-01,,,,,38.720000000000255,0.01666666666665151,7.899999999999864,12.030000000000427,8.304999999999609,10.850000000000136,2.1692151802658373,12.191948717949117,31.43000975814266
2003-01-01,,,,,38.296825396825625,0.0330687830687566,7.62444444444418,11.734761904761854,7.847380952380718,10.220158730158573,2.0439985135985808,11.273076923077042,30.987150694635147
2003-02-01,,,,,37.873650793650995,0.049470899470861696,7.348888888888723,11.439523809523735,7.389761904761599,9.590317460317692,2.4270322580644006,10.414615384615445,30.544291631127862
2003-03-01,,,,,37.491428571428514,0.06428571428546093,7.100000000000136,11.172857142857083,6.976428571428642,9.021428571428714,2.44124423963126,9.639230769230608,30.144289896346663
2003-04-01,,,,,37.068253968253885,0.08068783068802077,6.8244444444444525,10.877619047619191,6.518809523809523,8.391587301587379,2.4772442396310907,8.780769230769238,29.701430832839606
2003-05-01,,,,,36.71330952380981,0.0694841269837525,6.598666666666986,10.724428571428234,6.181642857142606,7.9970952380951985,2.5141338709677257,8.219677948718072,29.503808958393392
2003-06-01,,,,,36.65833412698453,0.05377486772476914,6.931779365079137,11.475195238095239,6.595240476190384,8.712836507936345,3.0494731566816426,8.542523076922862,30.072617496692146
2003-07-01,,,,,37.6296547619047,0.09203571428565738,9.012538461538497,13.94395604395595,8.650486263736184,11.2399682539683,5.120259083658311,9.650702380952453,31.150298582995674
2003-08-01,,,,,41.354641666666566,0.08357368421047795,13.92757500000016,18.84706666666648,13.79362500000002,16.79424166666672,10.143612863753106,12.709278571428285,32.661526315789615
2003-09-01,,,,,43.9519623015874,-0.00855729166664787,15.753368708451944,20.740363010446117,16.528958926875703,19.70724999999993,12.588552638877445,15.479325396825288,34.322428355957754
2003-10-01,,,,,42.93991666666648,-0.04466666666689889,13.133749999999736,17.951416666666773,14.214666666666744,17.27249999999981,10.213986904761896,15.255166666666582,34.973906862745025
2003-11-01,,,,,42.61835119047623,-0.026328124999736247,11.191259259259141,15.411148148148186,11.738212962962962,14.271250000000236,7.843621164021215,14.880745370370732,34.706176470588616
2003-12-01,,,,,41.876567099566955,-0.02876623376596399,10.031672077922394,14.15794047619056,10.457349567099754,12.655779220779323,6.454982575757867,14.490287037036978,34.225889992360635
2004-01-01,,,,,40.576655844155766,-0.04584415584417911,9.119448051947984,13.511071428571313,9.60834415584418,11.860519480519088,5.693470129869866,13.283805555555773,33.616720779220714
2004-02-01,,,,,40.095551948051934,-0.06194805194786568,8.763149350649655,13.400357142857274,9.159448051948175,11.393506493506266,5.5445090909090595,12.128194444444489,32.92224025974019
2004-03-01,,,,,39.64548701298736,-0.07701298701317683,8.429837662338059,13.296785714285988,8.739512987012859,10.956623376623611,4.679935064934853,11.04713888888864,32.27256493506479
2004-04-01,,,,,39.16438311688307,-0.09311688311709077,8.073538961039048,13.186071428571495,8.290616883116627,10.489610389610334,4.909415584415683,9.89152777777781,31.5780844155845
2004-05-01,,,,,38.71197142857159,-0.11442857142878893,7.851542857142704,13.265228571428452,7.999628571428275,10.341371428571392,5.180257142857272,9.116044444444697,31.17134285714269
2004-06-01,,,,,38.6374348484851,-0.1336437229438161,8.33443917748923,13.998121428571267,8.386408008658009,11.142517748917498,5.789357575757549,9.519078439153418,31.517701948052036
2004-07-01,,,,,40.101253571428515,-0.09419642857142208,10.52237857142859,15.886989285714435,10.389671428571319,13.34798928571422,7.318325000000186,11.774553571428669,32.5767249999999
2004-08-01,,,,,43.28921428571425,0.01673809523822456,13.881154761904781,18.961309523809177,14.113583333333736,17.017416666666804,9.651571428571742,15.466035714285681,33.96797619047629
2004-09-01,,,,,44.03127777777763,0.03617592592559049,13.766675925925938,19.0640833333332,14.640703703703366,17.429861111110995,9.651796296296197,16.700685185185193,34.837111111111426
2004-10-01,,,,,42.089023809523724,-0.022250000000212822,11.047583333333478,16.51666666666665,11.790666666666539,14.344333333333225,7.603833333333341,15.081833333333407,34.552285714285745
2004-11-01,,,,,40.62675859788396,-0.03021340388045246,9.323292548501058,14.890898809523833,9.703140432098735,12.0267665343913,5.952210758377532,13.443188271604868,33.666974867725
2004-12-01,,,,,39.871253023431564,-0.016616024187214862,8.407349395313986,13.558246220710544,8.644648337112585,10.834717876039122,4.8235873015871675,12.32601851851814,32.98787490551763
2005-01-01,7.8133290816326735,14.516326530612332,6.702997448979659,2.662653061224546,39.47414682539693,-0.006626984126796742,7.965456349206306,12.651091269841118,8.114940476190668,10.235972222222017,4.374404761904771,11.476944444444598,32.373174603174675
2005-02-01,7.8133290816326735,14.516326530612332,6.702997448979659,2.662653061224546,39.25411564625847,-0.0023129251699174347,7.757176870748481,12.420272108843392,7.832653061224619,9.917312925169881,4.410714285714448,10.751666666666779,31.687006802721044
2005-03-01,7.8133290816326735,14.516326530612332,6.702997448979659,2.662653061224546,39.0579251700683,0.0014965986395054642,7.572414965986582,12.222176870747944,7.581224489796114,9.633503401360485,4.450714285714184,10.09833333333313,31.066054421768513
2005-04-01,7.8133290816326735,14.516326530612332,6.702997448979659,2.662653061224546,38.840714285714284,0.005714285714248035,7.367857142857247,12.00285714285701,7.302857142856965,9.319285714285797,4.495000000000346,9.374999999999773,30.37857142857115
2005-05-01,7.8133290816326735,14.516326530612332,6.702997448979659,2.662653061224546,38.651339569160655,-0.008041383219733689,7.272548752834382,12.039068594104265,7.132897959183538,9.204624716553326,4.663523809523895,8.806305555555582,30.027662131519037
2005-06-01,7.8133290816326735,14.516326530612332,6.702997448979659,2.662653061224546,38.96369444444463,-0.043083333333015617,8.164730158730208,13.482115079364803,8.45612698412674,11.142722222222346,5.785428571428383,9.048646825396645,30.504154471544553
2005-07-01,7.95100127551018,15.605102040816291,7.6541007653061115,2.5902040816326917,40.74293650793652,-0.022678571428059513,11.562281746031658,17.467301587301336,12.924742063491976,16.725158730158682,9.006726190476002,10.86793650793652,31.572636669470057
2005-08-01,8.453312712585102,19.049374149659798,10.596061437074695,2.314170918367381,44.583648809523766,0.1091249999997217,17.559160714285554,23.239934523809552,19.329726190476094,23.413107142857143,14.055577380952627,14.566160714285843,32.916032375145505
2005-09-01,8.540302083333245,19.3976726190474,10.857370535714153,1.82907738095264,46.02923214285738,0.12375595238108872,17.462488095238086,22.80891666666639,19.14814285714283,22.44490476190458,13.478505952380829,16.6397619047616,34.079962233169
2005-10-01,8.270919047618918,15.587069047619025,7.316150000000107,1.3044952380951145,43.97292857142838,0.047416666666549645,12.725680952380799,17.834973809524172,14.21006428571377,16.875661904761955,8.845716666666476,15.417197619047784,34.31667380952399
2005-11-01,8.463585076295658,12.54500286108896,4.081417784793302,1.3409070512821017,42.021020224940685,0.03697893772891803,10.3758466117215,15.03637016574612,11.28518419494867,13.656641015522155,6.736299450549268,13.51999756643022,33.78236615364381
2005-12-01,8.670775690608025,11.554188397789858,2.883412707181833,1.651309890110042,41.101038674033134,0.024274725274835873,9.490965934066026,14.056312707182315,10.069266850828853,12.351114364640807,6.192059340659171,12.3178546961326,33.20920828729254
2006-01-01,8.637734806630078,11.230055248618783,2.5923204419887043,1.7736263736264846,40.64314917127081,0.0040659340659203735,9.109175824175963,13.772320441988768,9.538729281768155,11.84088397790083,5.946758241758062,11.467596685082754,32.7128176795577
2006-02-01,8.596629834254372,10.9286187845305,2.331988950276127,1.8894505494508849,40.20127071823208,-0.01637362637370643,8.74467032967027,13.511988950276418,9.031767955801115,11.357900552486171,5.7117032967030354,10.630082872927915,32.21955801104946
2006-03-01,8.559502762430839,10.656353591160041,2.0968508287292025,1.9940659340659295,39.80215469613222,-0.03483516483515814,8.415439560439609,13.276850828729494,8.573867403314807,10.921657458563232,5.499395604395431,9.873618784530663,31.774033149171146
2006-04-01,8.51839779005536,10.354917127071985,1.8365193370166253,2.109890109890557,39.36027624309395,-0.05527472527478494,8.050934065934143,13.016519337016689,8.066906077347767,10.438674033149255,5.2643406593406326,9.036104972375824,31.2807734806629
2006-05-01,8.230925128596255,10.092071632692068,1.8611465040958137,2.168574633699336,39.00615202895801,-0.07076877289387085,7.7974638278385555,12.896801676509995,7.7451110687750315,10.133353019622291,5.109501373626472,8.452987426176378,30.933722232806076
2006-06-01,7.22104577742698,11.173859510654893,3.952813733227913,2.0345851648353346,40.244992107340295,-0.029852564102611723,9.84791300366328,14.95328992370446,9.942778873980387,12.567585503815053,6.602784798534458,9.564135096027258,31.120406471980914
2006-07-01,6.046862068965311,16.1047413793101,10.057879310344788,1.8000714285710728,45.22837931034451,0.10477380952374915,17.15161904761885,21.797359195402123,17.47460919540231,20.625057471264427,12.134809523809508,13.765347701149722,32.11493103448265
2006-08-01,5.185014285714487,22.265857142857385,17.080842857142898,1.719664285714316,50.47838571428565,0.15984285714262114,23.57323571428583,27.997492857142788,24.269900000000007,27.21900000000028,17.743621428571487,18.41992142857157,34.01317142857147
2006-09-01,4.552703781512491,20.83726470588249,16.28456092437,1.7840136554623314,49.561436974789785,0.06186428571413671,19.645275000000083,24.601475840336207,21.293031512604784,23.82207142857169,14.961767857142604,18.3545367647057,35.25630672268903
2006-10-01,4.290517857143186,14.85919642857175,10.568678571428563,1.7502738095240602,45.66257142857171,0.02241798941804518,13.271591269841338,18.234571428571144,15.203035714285761,17.560452380952256,9.12451984126983,15.22783333333291,34.70785714285671
2006-11-01,4.477530542986642,12.228464932126826,7.750934389140184,1.6327829131651015,43.190029867138264,0.05724262295120752,10.750777231329494,15.224944926604621,12.415132145224561,14.526921921184794,6.4997012750454815,12.760493544412157,33.513234276223784
2006-12-01,4.783301948051758,11.429649350649242,6.646347402597485,1.6112449424210809,42.168054905022245,0.07816838696635386,9.962598664237703,14.268519385896525,11.780677390730261,13.837474719569173,5.900850030358697,11.518814077543539,32.67838147280759
2007-01-01,5.262712287712475,10.63438986013989,5.371677572427416,1.6931465919699349,41.589535519125775,0.0885245901640701,9.668224043715554,13.951174863387905,11.341768757566797,13.308592487156602,5.904699453551757,10.651584699453451,32.03603825136611
2007-02-01,5.961948051948184,10.72613636363667,4.7641883116884856,1.811732026144,41.01866120218597,0.09868852459021582,9.381939890710555,13.644562841529932,10.603706848597994,12.468384051569046,5.91825136612033,9.791038251366444,31.3974043715848
2007-03-01,6.594675324675336,10.81522727272727,4.220551948051934,1.9197058823526731,40.50303278688534,0.1078688524592053,9.123360655737542,13.367622950819396,9.937070285658137,11.709486109747786,5.9304918032787555,9.013770491803143,30.82057377049182
2007-04-01,7.295194805194569,10.913863636363885,3.618668831169316,2.039248366012771,39.932158469945534,0.11803278688535102,8.837076502732316,13.06101092896165,9.199008376689108,10.869277674159775,5.944043715847101,8.153224043715682,30.181939890710282
2007-05-01,7.974311688311445,11.137610389610245,3.1632987012987996,2.2456246498600194,39.43155269320846,0.0984320843090245,8.643579625292432,12.914929742388722,8.632059494593932,10.29749168407875,6.009361826698068,7.428416861826463,29.7375292740046
2007-06-01,8.200364935064954,12.086125974026118,3.8857610389611636,2.592778804855243,40.0188038251365,0.06698231850100456,9.924630171740773,14.403086963309988,9.73808782645483,11.632968731623578,7.359326424668325,7.781311319281485,30.116835987509603
2007-07-01,7.2444642857140025,14.772517857142702,7.5280535714287,2.6825178571430115,43.07008928571395,0.1304821428575451,14.407857142856983,19.27358928571448,14.802428571428209,17.240089285714248,11.643071428571147,10.395053571428662,31.637535714285377
2007-08-01,5.923338095238023,18.691307142856886,12.767969047618863,2.5178071428570092,46.315007142856985,0.11399761904772276,18.650357142857274,24.190835714285868,20.944176190476128,24.394707142856987,15.557966666666744,13.722802380952771,33.758538095238464
2007-09-01,5.346595238095233,17.947166666666817,12.600571428571584,2.4508690476188804,45.60429761904766,0.028619047619031335,16.498571428571722,21.996107142857,19.196892857142757,22.61829761904778,12.851142857142804,14.118928571428341,35.1371071428573
2007-10-01,5.0995238095238165,13.843654761904872,8.744130952381056,2.3362142857138224,43.15148809523794,0.04197619047636181,12.403363095238547,17.244190476190624,14.126136904762006,16.740238095238055,8.321291666666411,12.50489285714275,35.19422023809534
2007-11-01,5.378884479717499,11.69530357142844,6.316419091710941,2.156317019400376,41.58430820105832,0.042381172839441206,10.622943121693197,15.080042328042055,11.945083112874727,14.258925044091939,6.403758818341885,11.144694223986107,34.59847552910037
2007-12-01,5.804003527336818,11.1400000000001,5.3359964726632825,2.094003527336781,40.79912962962976,0.030006172839421197,9.964657407407458,14.267685185185428,11.026743827160772,13.23756790123457,5.738830246913494,10.328747795414984,34.04892195767229
2008-01-01,5.862671957672092,10.784285714285716,4.921613756613624,2.085052910052582,40.36873015873016,0.0409259259256487,9.653968253968287,13.896349206349214,10.521216931216713,12.64875661375686,5.526322751322823,9.722883597883538,33.57007936507944
2008-02-01,5.913518518518231,10.429999999999836,4.516481481481605,2.076851851851643,39.94555555555576,0.052407407407372375,9.348888888889178,13.532222222222117,10.022592592592446,12.06648148148156,5.321296296296168,9.12092592592603,33.092777777777656
2008-03-01,5.961084656084722,10.098571428571631,4.137486772486909,2.0691798941800243,39.549682539682635,0.06314814814822967,9.063492063492049,13.191587301587106,9.55613756613775,11.521772486772534,5.129497354497289,8.557804232804301,32.64626984126994
2008-04-01,6.011931216931316,9.744285714285752,3.732354497354436,2.060978835978858,39.126507936508006,0.0746296296294986,8.758412698412712,12.827460317460464,9.05751322751371,10.939497354497462,4.924470899470634,7.955846560846794,32.16896825396793
2008-05-01,5.957730820105553,9.424839285713915,3.467108465608362,2.0425998677246753,38.76912103174641,0.07756018518534802,8.536007936508213,12.554359126983854,8.674761243386456,10.492644179894114,4.856871693121775,7.4561302910053655,31.776390873016
2008-06-01,5.511179805996335,9.590226190476187,4.079046384479852,2.008259171075906,39.04762989418009,0.053743827160360524,9.56535449735452,13.26381719576716,9.238627601410826,11.01265114638477,5.945995943562593,7.616849823632947,31.824030423280874
2008-07-01,5.105690476190375,11.111833333333152,6.006142857142777,2.0508333333334576,40.73369047619076,0.05550000000016553,13.280714285714566,15.964214285714206,11.52583333333314,13.195285714285774,8.93699999999967,9.058357142856948,32.55502380952407
2008-08-01,4.690521428571628,12.7325952380952,8.042073809523572,2.0723309523812077,42.332825925926045,0.09275000000002365,14.464988095237686,17.446135714285674,13.066861904761936,15.011223809523926,10.687997619047565,11.161471693121712,33.66676190476187
2008-09-01,4.2874821428574705,12.990607142857698,8.703125000000227,2.1028392857142535,42.395202380952014,0.05869642857123836,12.623125000000073,16.923017857143122,12.909249999999929,15.232607142857205,9.991767857142577,12.397333333333336,34.447000000000116
2008-10-01,5.694928571428818,12.97303571428597,7.278107142857152,2.5523928571426495,41.26467791005325,0.040982142857274084,11.723428571428258,16.484071428571724,11.959732142857092,14.231910714285732,9.29503571428586,12.373708994709204,34.585458333333236
2008-11-01,7.912783251231531,13.15716256157657,5.244379310345039,3.171274725274543,39.83667582417593,0.029920329670630963,10.77016758241757,15.907173076923073,10.625505494505205,12.683348901098952,8.539857142857045,12.059744505494564,34.483164835164644
2008-12-01,8.590775862068995,13.669685960591096,5.078910098522101,3.4465659340660295,39.32753434065944,-0.01989697802196133,10.462280219780041,16.021140109889984,10.35662774725256,12.424924450549497,8.132678571428869,12.199711538461543,34.25856456043948
2009-01-01,8.519729064039439,14.562167487684746,6.042438423645308,3.5569505494504483,39.34771978021968,-0.04112637362618443,10.580521978022034,16.628296703296428,10.66027472527503,13.039230769230926,8.230714285714384,12.6004395604391,33.84824175824201
2009-02-01,8.405197044334955,15.478423645320163,7.073226600985208,3.657445054944901,39.40052197802174,-0.05986263736235742,10.725302197801966,17.26532967032972,10.997527472527736,13.706923076923204,8.363571428571277,13.016043956044086,33.425824175824346
2009-03-01,8.30174876847309,16.30600985221713,8.00426108374404,3.7482142857143117,39.44821428571436,-0.07678571428596115,10.85607142857134,17.840714285714284,11.302142857142826,14.309999999999945,8.483571428571622,13.391428571428378,33.04428571428548
2009-04-01,8.187216748768378,17.222266009852092,9.035049261083714,3.848708791208537,39.50101648351665,-0.09552197802167939,11.0008516483515,18.477747252747122,11.639395604395986,14.977692307692223,8.616428571428742,13.807032967033138,32.62186813186827
2009-05-01,8.076379310344919,18.108965517241586,10.032586206896667,3.8889499389499633,39.61910256410238,-0.1192796092793742,11.195537240537078,19.13471306471297,12.100207570207886,15.772783882783642,8.849047619047269,14.326617826617849,32.3361477411479
2009-06-01,7.580561576354739,20.064150246305644,12.483588669950905,3.605187728937608,40.9907225274726,-0.08866575091542472,13.263602231102368,21.53646886446859,15.117793040292781,19.470131868132057,10.845857142857312,15.891754578754899,32.698695970696235
2009-07-01,6.325642857142384,24.35892857142835,18.033285714285967,3.1028571428571468,44.979357142857,0.03449999999997999,18.87853571428559,26.669714285714235,21.570000000000164,26.646499999999833,15.487071428571426,19.455285714285765,33.94064285714285
2009-08-01,4.96529761904776,27.990607142857016,23.025309523809256,2.9226428571428187,49.04366666666647,0.09910714285729227,22.79604112554125,29.786607142857292,25.306642857142606,29.96614285714304,18.606452380952078,23.363821428571555,35.90215476190474
2009-09-01,4.815517857142822,26.169601190475987,21.354083333333165,3.1906904761908663,48.40347023809545,0.08199404761899132,20.003315476190437,27.20323809523802,22.573119047619457,26.411470238095262,16.73010119047626,23.358738095238095,37.38604166666664
2009-10-01,5.310315476190681,22.547071428571144,17.236755952380463,3.5714642857144554,46.0801964285713,0.04492857142849971,16.530755952381014,23.985678571428934,19.026571428571515,22.61983333333319,14.145994047618842,21.53527976190503,37.75866666666661
2009-11-01,4.984773899371248,20.83452991913782,15.849756019766573,3.9124333333334107,45.41929493163593,-0.004018953324020913,15.512693281471002,23.312250070721348,17.62369490806259,21.14249137199431,13.149683380481065,20.80421190476204,37.6642190476191
2009-12-01,4.798747147349559,21.21081078167117,16.412063634321612,4.213440476190726,45.277331388495895,-0.025098302687183605,15.231004066478135,23.499515558698477,17.207986916548634,20.74617326732664,12.756968705799181,20.456601190476476,37.324690476190426
2010-01-01,5.284037735849097,22.55656603773582,17.272528301886723,4.532586206896667,44.850148514851526,-0.03158415841585338,14.892871287128628,23.21631188118795,16.76304455445529,20.374950495049234,12.439207920791887,20.03982758620714,36.840862068965635
2010-02-01,5.770679245282963,23.904188679245408,18.133509433962445,4.851748768473044,44.40509900990105,-0.037722772276993055,14.555247524752758,22.901707920791978,16.319529702970385,20.0066336633663,12.126138613861713,19.62293103448269,36.35677339901463
2010-03-01,6.210226415094212,25.1213962264153,18.911169811321088,5.14002463054203,44.003118811880995,-0.04326732673280276,14.250297029703006,22.617549504950375,15.918935643564055,19.67396039603932,11.843366336633608,19.246379310344764,35.919532019704775
2010-04-01,6.696867924528306,26.46901886792466,19.772150943396355,5.4591871921184065,43.558069306930975,-0.049405940594169806,13.912673267327136,22.302945544554404,15.475420792079149,19.305643564356387,11.530297029702751,18.82948275862077,35.43544334975377
2010-05-01,7.1678113207547085,27.77316981132094,20.605358490566232,5.753450738916399,43.139025990098844,-0.056402227722628595,13.594877475247586,22.00291707920792,15.065220297029782,18.973491336633742,11.235736386138797,18.44161637931029,34.97556096059134
2010-06-01,7.654452830188575,29.1207924528303,21.466339622641726,5.596111537718571,43.62161502855702,-0.09088560473719554,13.832978013977936,22.096680159192374,15.484950106775159,19.611417637351906,11.433716511357034,18.674221602434045,35.70376490529475
2010-07-01,8.111644111906344,30.364420299284347,22.252776187378004,4.799784482758923,47.244253568780096,-0.07857758620684763,18.65737068965518,26.28452586206913,20.32952586206875,24.464612068965835,15.4905603448276,21.681594827586196,35.977596403411326
2010-08-01,8.02062201257877,29.11636352201276,21.095741509433992,4.0534607843137564,50.49962839974705,-0.00498039215699464,22.288813725489945,29.38731372549023,24.39647058823516,28.457823529412053,18.404088235293784,24.437509803921557,36.29150656230263
2010-09-01,7.5773368910781755,24.92972933771216,17.352392446633985,3.759176108374504,48.83084876582461,0.010793240284556305,19.05273741105634,25.916805692392245,21.82310331143958,25.882097153803898,15.64327545155993,23.248463464696215,36.22460640614804
2010-10-01,7.9447420634921855,21.64146825396847,13.696726190476284,3.774107142857247,46.76552265744999,-0.008730158730259063,16.28263888888887,22.78218253968248,18.6726587301589,22.452301587301463,13.51994047619064,21.259166666666715,36.15094663603304
2010-11-01,8.807693932411667,20.09448540706603,11.286791474654365,3.961301843318097,45.632852022529505,-0.02450268817210599,14.98427035330269,21.379946236558908,16.854571812596078,20.395556835637535,12.586578341014047,19.768381336405355,36.27684346142996
2010-12-01,9.287903225806303,19.903456221198212,10.615552995391909,4.112834101382759,45.44831679894173,-0.0458294930874672,14.432096774193951,21.00126728110604,16.203179723502217,19.699884792626563,12.139377880184156,18.966036866359445,36.250001396871085
2011-01-01,9.53790322580653,20.274884792626835,10.736981566820305,4.231405529953918,45.73340873015877,-0.07297235023042958,14.182096774193496,21.03412442396325,16.048894009216838,19.584170506912415,11.8865207373276,18.457465437788187,36.045514128352806
2011-02-01,9.787903225806758,20.64631336405546,10.8584101382487,4.349976958525758,46.019051587301874,-0.1001152073731646,13.932096774193496,21.06698156682046,15.894608294931231,19.46845622119804,11.633663594470363,17.94889400921693,35.84100023946394
2011-03-01,10.013709677419229,20.981797235023123,10.968087557603894,4.457073732718982,46.27705158730146,-0.12463133640540036,13.706290322580571,21.096658986174816,15.755253456221226,19.363940092166104,11.40527649769615,17.489539170506987,35.65627801724145
2011-04-01,10.263709677419229,21.35322580645129,11.089516129032063,4.5756451612903675,47.17049999999995,-0.15177419354836275,13.456290322580571,21.129516129032027,15.600967741935392,19.2482258064515,11.152419354838912,16.9809677419355,33.932847222222335
2011-05-01,10.505645161290431,21.712672811059974,11.207027649769543,4.690391705069487,47.53859523809501,-0.17804147465449205,13.214354838709596,21.161313364055104,15.451658986175062,19.136244239631424,10.90771889400935,16.488801843318015,33.51201388888876
2011-06-01,10.585322580645197,22.34133640553,11.756013824884803,4.712695852534807,47.85840476190515,-0.18937788018411084,14.313248847925934,22.19887096774187,16.517972350230366,20.37490783410135,11.675645161290277,16.52797235023081,33.22729166666659
2011-07-01,10.22173783922176,24.36497286226313,14.14323502304137,4.5081072708653664,48.02590873015879,-0.13028904249881634,18.235920890936768,25.535441372247533,20.336236303123542,24.56771889400943,14.938880440348157,18.424672811059963,33.63685615079385
2011-08-01,9.57699999999977,27.119452380952225,17.542452380952454,4.310023809523273,48.238765873015836,-0.0242738095232653,19.965261904761974,27.380047619047673,22.612785714285792,26.853630952381536,17.08508333333316,21.21097619047623,34.92317857142848
2011-09-01,8.831809523809397,25.978261904761666,17.14645238095227,4.177119047618817,48.32318174603188,-0.02603571428539908,17.929976190476054,25.377500000000055,21.06388095238117,25.08241666666663,15.302630952380923,21.753976190476124,35.82448809523794
2011-10-01,8.511749999999893,22.404845238095277,13.893095238095384,3.956976190476098,47.4306063492063,-0.06565476190485242,15.874940476190432,22.6200238095239,18.66865476190469,22.51020238095225,12.775083333333214,20.397833333333438,35.76696428571404
2011-11-01,8.550624236874,20.146715201464986,11.596090964590985,3.7526095848593286,46.233779609279736,-0.06487759462766007,14.331757020757095,20.59828174603149,16.64998260073253,20.209191697191727,11.183206043956034,18.923072954823056,35.27105738705745
2011-12-01,8.557032967032683,19.435274725274667,10.878241758241984,3.6715659340659386,45.785549450549524,-0.059945054944819276,13.760082417582453,19.839642857142735,15.847637362637215,19.225247252747522,10.712527472527427,17.99414835164839,34.705192307692414
2012-01-01,8.625164835164924,19.17637362637356,10.551208791208637,3.652829670329538,45.57774725274726,-0.049725274725005875,13.465412087912,19.46321428571423,15.408186813187058,18.651236263736337,10.56263736263736,17.215741758241847,34.12096153846164
2012-02-01,8.693296703296937,18.91747252747291,10.224175824175973,3.63409340659382,45.36994505494522,-0.03950549450541985,13.170741758241547,19.086785714285725,14.968736263735991,18.077225274725606,10.412747252747067,16.437335164835304,33.53673076923087
2012-03-01,8.757032967032728,18.675274725274903,9.918241758242175,3.6165659340661023,45.1755494505494,-0.029945054945301308,12.895082417582444,18.734642857142717,14.557637362636797,17.54024725274735,10.272527472527372,15.70914835164831,32.990192307691814
2012-04-01,8.825164835164514,18.41637362637357,9.591208791209056,3.5978296703294745,44.9677472527469,-0.019725274725260533,12.600412087911991,18.35821428571421,14.118186813186867,16.966236263736164,10.122637362637533,14.930741758241538,32.4059615384615
2012-05-01,8.716913156288001,19.100271672771896,10.383358516483895,3.569312423687279,45.11352945665476,-0.025306776556590194,13.036900946275864,18.708035714285643,14.543330280830105,17.294800061049955,10.619985500610483,14.496907814407223,32.15024572649554
2012-06-01,8.211719276094072,23.025791245791424,14.814071969697352,3.514509680134779,47.205418771043696,-0.028851010101334396,16.122573653198742,21.86103535353527,18.047205387205395,20.813164983165052,13.59498947811403,15.75101430976406,32.684612794612804
2012-07-01,7.432293422732755,29.46383652618124,22.031543103448485,3.466364303958926,51.91985855683265,0.04377203065132562,21.487972860791615,27.58055172413765,24.2306143039591,27.19222924648784,18.782806832694405,19.437487228608006,34.10466538952733
2012-08-01,6.571365800866033,31.483878787878893,24.91251298701286,3.5402402597405853,54.744629870129984,0.12133766233728238,23.390069264069098,29.5607056277056,26.6727229437231,29.900538961039047,20.448683982683633,21.911645021644745,35.96215151515139
2012-09-01,6.000517241379157,27.702425287356164,21.701908045977007,3.7513419540227915,53.25029310344826,0.0714511494254566,20.546301724138175,26.40885632183904,23.82425862068976,27.027318965517225,17.075770114942316,20.600882183908197,36.63097988505774
2012-10-01,6.034398809523964,23.439797619047567,17.405398809523604,3.8583095238095666,50.70616071428549,0.053434523809755774,17.675732142857214,23.00863690476217,20.447017857142555,23.34813690476176,14.02892857142865,18.11608928571445,35.91666071428563
2012-11-01,6.869974867724977,20.62904056437378,13.759065696648804,3.880405864197428,48.66438977072312,0.12752932098783276,15.83381062610215,20.599932980599533,17.76753262786565,20.395289902998,12.84019576719561,16.041348985890636,34.89788293650781
2012-12-01,7.720403439153188,20.087826278659577,12.36742283950639,3.9371737213402866,47.77435405643723,0.15033289241591774,15.146757054673799,19.849468694885218,16.672211199294225,19.224129188712595,12.753624338624604,14.842259700175873,34.128115079365216
2013-01-01,8.23373015872994,20.371084656084577,12.137354497354636,3.9946296296295714,47.383465608465485,0.12814814814828424,14.930343915343883,19.844947089947254,16.36489417989401,18.939735449735508,12.84936507936527,13.968597883598022,33.476190476190595
2013-02-01,8.740555555555602,20.667962962962974,11.927407407407372,4.052037037037053,47.00129629629669,0.10518518518529163,14.722037037037126,19.853148148147966,16.071296296296396,18.67074074074071,12.947777777778128,13.100925925926049,32.826666666666824
2013-03-01,9.198333333333267,20.93611111111113,11.737777777777865,4.103888888888605,46.65611111111116,0.08444444444467081,14.533888888888896,19.860555555555493,15.80611111111125,18.42777777777792,13.036666666666633,12.317222222222199,32.24000000000024
2013-04-01,9.7051587301587,21.23298941798953,11.527830687830829,4.161296296296314,46.27394179894145,0.06148148148145083,14.325582010581911,19.86875661375643,15.512513227513182,18.158783068782895,13.135079365079491,11.449550264550453,31.59047619047601
2013-05-01,10.322999999999865,21.644148148147906,11.32114814814804,4.365129629629337,45.886425925926005,0.026981481481470837,14.18740740740759,20.016740740740943,15.280870370370394,18.009370370370334,13.183500000000095,10.703907407407314,31.08050000000003
2013-06-01,11.163099206349216,23.467160052910003,12.304060846560787,5.089921296296097,46.37256084656087,-0.03957407407415303,16.061447089946796,22.25251455026455,17.00759854497369,20.20122552910061,14.375910714285737,11.27028835978831,31.398255952381305
2013-07-01,10.643192810457322,28.9144150326797,18.271222222222377,5.343544117647298,50.932496732026266,-0.018509803921460843,24.1053071895426,29.92823202614386,25.188720588235583,29.284439542483597,20.52381209150326,15.644049019608019,33.061946078431674
2013-08-01,8.690210727969543,38.77397190293755,30.083761174968004,5.081213122605504,59.04032777777775,0.0998368454663705,34.09266219667961,40.45482982120029,37.2346914112386,42.20240788633464,29.566090197956555,23.224282758620575,36.12982231800743
2013-09-01,7.4096250000000055,41.13795833333302,33.72833333333301,5.191416666666328,61.40412500000002,0.116416666666737,32.42183333333355,40.396708333333436,37.939124999999876,42.72799999999984,29.36824999999999,26.78441666666663,39.04429166666637
2013-10-01,7.716838013136112,32.7188074712642,25.001969458128087,5.344323645319946,56.531207142857056,0.13602972085368492,23.387290311987044,31.223510755336292,28.562976929392562,32.43027093596061,21.912707224958922,23.897784400656974,39.50201371100161
2013-11-01,8.808947142857278,25.642078571428556,16.833131428571278,5.40578000000005,51.781701428571296,0.10956285714314618,17.934182857143014,24.796435714285508,21.76313571428568,25.076582857142967,16.35544285714286,19.907448571428404,38.28184999999985
2013-12-01,9.51406857142888,23.57190000000014,14.057831428571262,5.463508571428747,49.89736571428557,0.0063628571431308956,16.241368571428666,22.765942857142818,19.463771428571135,22.59722571428574,14.05761428571418,17.94969142857144,37.161971428571405
2014-01-01,9.98651428571452,23.178714285714477,13.192199999999957,5.581457142857289,49.1198857142856,-0.017457142857210783,15.769799999999577,22.252285714285108,18.67699999999968,21.66565714285707,13.573857142857378,16.924542857143024,36.17771428571427
2014-02-01,10.418742857143116,23.02814285714294,12.609399999999823,5.710771428571661,48.51405714285738,-0.022771428571559227,15.4846,21.968857142857132,18.118999999999915,20.96417142857149,13.405571428571193,16.05122857142851,35.221142857142695
2014-03-01,10.80914285714266,22.892142857142744,12.083000000000084,5.8275714285719005,47.96685714285718,-0.027571428571491197,15.22700000000009,21.71285714285682,17.61500000000001,20.330571428571375,13.253571428571377,15.262428571428927,34.35714285714289
2014-04-01,11.241371428571256,22.741571428571433,11.500200000000177,5.956885714286045,47.36102857142896,-0.032885714285612266,14.94179999999983,21.429428571428616,17.057000000000016,19.629085714285566,13.085285714285646,14.389114285714186,33.40057142857154
2014-05-01,11.610759285714039,22.875360714285762,11.264601428571723,6.098640000000387,46.84977928571425,-0.047718571428276846,14.787698571428564,21.380699999999706,16.724032142857368,19.27529142857111,13.026453571428647,13.659885000000031,32.61471071428559
2014-06-01,11.627469047619115,24.139302380952586,12.51183333333347,6.207142857142799,46.87063095238159,-0.09900952380939998,15.641599999999926,22.533747619047517,17.70914999999991,20.831509523809245,13.638226190476189,13.669607142857558,32.61283571428589
2014-07-01,11.011422398589275,26.37054056437387,15.359118165784594,5.9374444444442815,48.533101410934705,-0.12694356261022222,19.457857142857165,25.97112345679011,21.72393033509661,25.733723104056253,16.329986772486563,15.293351851851867,33.587022045855065
2014-08-01,10.08513095238095,31.44235873015873,21.35722777777778,5.455849999999828,53.3944095238096,-0.07313888888847941,27.35748412698399,33.59867777777754,30.351133333332882,34.54681507936516,23.294297619047484,19.44371746031743,35.114361904761836
2014-09-01,9.331615079365065,31.32106349206356,21.989448412698493,5.216321428571291,54.8030634920633,-0.04697222222239361,26.4425476190479,33.219007936508206,30.249079365079297,33.95776587301589,22.87022619047616,21.561809523809643,36.613492063492004
2014-10-01,8.838708333333443,25.249611111111335,16.410902777777892,4.995624999999791,51.74475000000007,-0.04284722222223536,19.07447222222231,25.820027777778023,22.737249999999904,26.08004722222222,15.906458333332921,19.941305555555346,36.82941666666625
2014-11-01,8.62794358766223,21.886500811688165,13.258557224025935,4.614030032467554,49.85121672077912,-0.032258522727488526,16.255127029220603,22.60174228896085,19.471411525973963,23.1033523809524,12.764224837662141,18.155170860389717,35.81815827922105
2014-12-01,8.710790441176414,21.006433823529278,12.295643382352864,4.381727941176223,49.02386029411764,-0.0335845588238044,15.359981617647009,21.52652573529417,18.30709558823537,22.23983333333331,11.73084558823507,17.03314338235282,34.84503676470581
2015-01-01,8.934176136363476,21.021306818181756,12.08713068181828,4.365852272727352,48.586420454545305,-0.011221590909144652,15.062017045454468,21.127585227272903,17.805056818181356,21.485499999999547,11.594488636363621,16.21508522727254,34.03732954545444
2015-02-01,9.175482954545487,21.151647727272803,11.976164772727316,4.383465909091001,48.2024431818179,0.01519886363621481,14.845369318181838,20.819346590909163,17.39289772727261,20.731166666666923,11.583920454545705,15.441846590909108,33.25880681818171
2015-03-01,9.39343749999989,21.269374999999854,11.875937499999964,4.399375000000191,47.85562499999969,0.0390625,14.6496874999998,20.5409374999997,17.02062499999988,20.049833333333027,11.574375000000146,14.743437500000027,32.55562500000019
2015-04-01,9.634744318182129,21.399715909091128,11.764971590909,4.416988636363612,47.47164772727251,0.06548295454558684,14.43303977272717,20.232698863636415,16.60846590909091,19.295499999999947,11.563806818182002,13.97019886363637,31.77710227272746
2015-05-01,10.095819805194651,21.850692640692614,11.754872835497963,4.572472943722914,47.15850649350659,0.06347132034647984,14.32354707792183,20.138925865800957,16.34104978354958,18.809936507936527,11.709599567099758,13.290711580086509,31.235541125540976
2015-06-01,11.089911931818278,23.47009659090918,12.3801846590909,5.16499291125524,47.26101120129897,-0.028448728354987907,15.571877442185041,20.966993100649688,16.80271206709972,19.527364285714384,12.535472348484973,13.208281195887594,31.668889989177615
2015-07-01,11.022833333333438,25.663666666666813,14.640833333333376,5.485333333333074,48.66255555555563,-0.07866666666677702,17.98438888888927,23.336833333333516,19.018555555555395,22.10827777777763,14.464222222222133,14.772333333333563,32.85883333333345
2015-08-01,9.881793103448217,29.556396551723992,19.674603448275775,5.1937325123155915,52.47280755336601,-0.01641625615798148,22.950188445250888,28.62657389162564,24.423564203612386,27.34023530377658,18.717997701149443,18.552638916256,34.20710640394077
2015-09-01,9.350481481481438,30.893382010581945,21.542900529100507,4.8851079365081205,54.27065855379192,0.02716825396828426,23.554217283950948,29.652770370370718,26.070431040564472,29.138127689594512,19.54101410934777,21.170702645502615,35.842044444444355
2015-10-01,9.065798029556163,27.237113300492183,18.17131527093602,4.769625615763289,52.526901477832325,0.024472906403843808,19.155716748768782,25.51012315270964,22.554591133005033,25.793241379310075,15.824123152709262,20.541088669950568,36.763605911329705
2015-11-01,8.992511904761841,23.892416666666577,14.899904761904736,4.716452380952433,50.804428571428616,0.021714285714324433,16.936369047618655,22.76779761904777,19.87022619047616,22.76754761904772,13.359083333333501,18.934440476190503,36.621916666666266
2015-12-01,9.224931122449107,23.011814909296845,13.786883786847739,4.683397959183594,49.95288888888899,0.021254535147591014,16.139900510203915,21.781944727891187,18.794311507936527,21.517839002267692,12.727676020407898,17.863381235827546,36.243795634920616
2016-01-01,9.448035714285652,23.09696428571442,13.648928571428769,4.708571428571304,49.465000000000146,0.011785714285679205,15.811607142856928,21.465892857142762,18.361249999999927,21.02285714285722,12.614464285714348,17.060892857142562,35.85624999999982
2016-02-01,9.671045918367554,23.18395408163269,13.512908163265138,4.733877551019987,48.97785714285692,0.0022959183675084205,15.484209183673329,21.151147959183618,17.929464285714175,20.52938775510188,12.50216836734694,16.259005102040646,35.46874999999977
2016-03-01,9.879668367346767,23.26533163265276,13.385663265305993,4.757551020408073,48.52214285714285,-0.006581632652796543,15.177933673469397,20.8567091836735,17.52553571428598,20.067755102040564,12.397117346939012,15.508852040816237,35.10624999999959
2016-04-01,10.102678571428442,23.352321428571486,13.249642857143044,4.782857142856983,48.034999999999854,-0.016071428571422075,14.850535714285797,20.54196428571413,17.093750000000227,19.574285714285452,12.284821428571604,14.706964285714093,34.71875
2016-05-01,10.371368575207953,23.752427721088452,13.3810591458805,4.826010959939595,47.657295261099534,-0.025552721088388353,14.651347789115789,20.387531610470432,16.816680900620895,19.284374445430103,12.317487244898075,14.015748771730841,34.41736413043486
2016-06-01,10.935350108225066,26.100839285714073,15.165489177489007,5.0072229437225815,47.95619523809546,-0.04002142857189028,15.3306964285714,21.28252976190447,17.587417857142782,20.344438095238274,13.299679761905054,14.037401190476203,34.672148809523605
2016-07-01,11.049060185184999,28.53004166666642,17.48098148148142,5.323245370370159,49.0346489533008,-0.04371428571448632,16.876291666666702,22.97836231884071,19.33341485507276,22.493599637681427,15.018422619047442,15.189523148147828,35.45649456521733
2016-08-01,10.659349268547658,30.598149425287374,19.938800156739717,5.669042058516197,51.221018062397434,-0.04813957307055716,19.556276272577406,25.91253530377662,22.37601847290648,25.75676477832485,18.055378078817512,17.74907183908067,36.47107348111649
2016-09-01,10.176160714285743,30.96080357142864,20.7846428571429,5.74025000000006,52.63780357142832,-0.03962499999988722,21.003107142857516,27.589410714285805,24.06089285714279,27.485910714285865,19.767035714285612,19.873071428571393,37.61337500000013
2016-10-01,9.6694224137932,27.764456896551792,18.095034482758592,5.483586206896234,51.22881896551712,-0.01614655172397761,19.072827586206813,25.42711206896547,21.863206896551674,25.13071551724147,17.51203448275851,19.483637931034536,38.14793965517242
2016-11-01,9.349290476190617,24.490677142857294,15.141386666666676,5.169127619047913,49.21540476190489,-0.010732380952049425,16.624611428571598,22.711023809523795,19.183297142856873,22.21065619047613,14.572009523809811,18.25534095238072,37.80021619047625
2016-12-01,9.256804761904732,23.400691428571236,14.143886666666504,5.068370476190466,48.35256190476184,-0.014118095238018213,15.654454285714337,21.723423809523865,18.158625714285563,21.072666694677764,13.338966666666693,17.642612380952187,37.214316190475984
2017-01-01,9.452857142857056,23.52985714285728,14.077000000000226,5.167285714285754,47.947142857143035,-0.02085714285681206,15.35257142857131,21.54428571428616,17.725428571428665,20.63045798319331,12.990000000000009,17.227428571428618,36.684714285714335
2017-02-01,9.683142857142911,23.797342857142894,14.114199999999983,5.289514285713949,47.592857142857156,-0.027942857142761568,15.125828571428656,21.455714285714294,17.35697142857157,20.265283193277355,12.74200000000019,16.834171428571608,36.16568571428593
2017-03-01,9.89114285714254,24.0389428571425,14.147799999999961,5.399914285714658,47.27285714285722,-0.034342857142974026,14.921028571428906,21.375714285714594,17.024171428571435,19.935447899159954,12.518000000000029,16.478971428571413,35.6968857142856
2017-04-01,10.121428571428396,24.30642857142857,14.185000000000173,5.522142857142853,46.91857142857134,-0.04142857142869616,14.694285714285797,21.287142857142953,16.65571428571411,19.570273109244,12.269999999999982,16.085714285714403,35.177857142856965
2017-05-01,10.110809943977756,25.136597983193496,15.02578803921574,5.525827366947169,46.86450280112035,-0.056003277310992416,14.841792184873839,21.6438242296922,16.873863893557427,19.879206638655432,12.325414705882395,15.962026442576871,34.8044596918769
2017-06-01,9.353719892473237,28.554748817204427,19.20102892473119,5.126746344085859,48.76104838709671,-0.08126677419318185,18.113132580645242,25.29304569892497,20.778323978494655,24.16764033523077,15.035845698924504,17.368020645161323,34.991937956989204
2017-07-01,8.542842953431318,35.51034528186278,26.967502328431465,4.609392769608121,54.92715441176438,-0.04776378676456261,28.165509191176398,35.57194607843121,31.389882965685956,35.24989031862765,23.91225857843142,22.00385202205871,36.252687806372705
2017-08-01,8.280865127919924,43.4240279013718,35.14316277345188,4.629138487208138,61.8129223210974,0.029962829069063446,34.65858750463485,42.70881201334828,39.14325750834223,43.33486436454427,30.709662588060382,28.086852335928597,39.136253522432526
2017-09-01,8.085916369047709,43.48944791666668,35.40353154761897,4.998627976190164,62.5350714285712,0.03270386904773659,30.601943452380965,39.48588095238097,36.810663690476304,40.95488007703079,28.197767857142708,29.58749851190464,41.4632723214288
2017-10-01,8.01459626436781,34.68981321839078,26.67521695402297,5.1509195402300065,57.74323020434235,0.008977660363370887,23.85617528735611,32.209136494253016,29.790048850575204,33.91858222098608,21.71841379310331,25.618803160919697,41.12066283524905
2017-11-01,7.957906084656088,27.171468253968442,19.213562169312354,5.11095238095254,53.201793859649115,0.01300844854040406,18.988722222221895,26.348567460317554,23.778044973544866,29.113920890937152,16.42001058201072,21.2957685185188,39.5208640350877
2017-12-01,8.041458333333367,26.010178571428696,17.96872023809533,5.112142857142999,51.96590773229377,0.017258064516227023,18.094107142857183,25.170446428571267,22.43869047619023,28.48612903225785,15.314523809523735,19.586755952381054,38.34873294346994
2018-01-01,8.454682539682608,27.119047619047706,18.664365079365098,5.198571428571086,51.742342105263106,0.021543778801969893,18.511666666666542,25.5095238095239,22.55134920634896,28.023271889400803,15.685317460317492,18.75055555555582,37.51828947368449
2018-02-01,8.876216931216959,28.28031746031752,19.40410052910056,5.287142857142953,51.53513157894736,0.025829493087712763,18.95944444444467,25.883492063491985,22.69732804232831,27.56041474654353,16.090449735450193,17.93537037037072,36.694342105263104
2018-03-01,9.256957671957707,29.329206349206515,20.07224867724881,5.3671428571428805,51.347973684210274,0.029700460829644726,19.36388888888905,26.22126984126976,22.829179894180015,27.14235023041465,16.45637566137566,17.199074074074133,35.95013157894732
2018-04-01,9.678492063492058,30.49047619047633,20.81198412698427,5.455714285714066,51.140763157894526,0.03398617511516022,19.811666666666724,26.5952380952383,22.975158730158682,26.679493087557603,16.861507936507905,16.383888888888805,35.126184210525935
2018-05-01,10.034559082892429,31.808661375661586,21.774102292769157,5.552761904761837,51.13429248120315,0.046725038402428254,20.351497354497496,27.19289417989421,23.37694532627893,26.56574347158221,17.527520282186742,15.819747795414514,34.47487092731785
2018-06-01,10.021469810146073,34.21456139122279,24.193091581076715,5.687011204481905,52.29937084623339,0.0779526294390962,21.759692810457636,29.21694000933735,25.390765561779972,28.441218961778304,19.716319405539707,16.542645969498835,34.74913106295139
2018-07-01,9.496040640393858,37.805343801313484,28.309303160919626,5.755484400656769,54.990838464696026,0.02753386699487237,25.511822660098687,33.45141728243016,29.954637725779776,33.110840517241286,23.545637315270824,18.55164819376023,36.062941297208454
2018-08-01,8.92433683473405,45.48479586834742,36.56045903361337,5.964584733893616,61.02507773109187,0.02640196078414192,34.11504691876735,43.33650490196078,40.567499299719884,44.255078781512566,31.963459733893615,23.03217366946774,38.26036694677873
2018-09-01,8.646775862069035,47.39983620689645,38.75306034482742,6.296793103448181,63.495120689655096,0.057396551723968514,34.226568965517345,44.435534482758385,42.40987931034488,46.17781896551719,32.797939655172286,25.552465517241444,40.74537931034433
2018-10-01,8.587321428571386,39.39438690476186,30.807065476190473,6.2884047619045305,58.8433214285717,0.04034523809514212,25.478273809524126,34.818226190476025,32.81465476190465,35.98106547619045,24.251029761904874,22.417916666666542,41.167761904761846
2018-11-01,8.505641975308436,33.137481305114534,24.6318393298061,6.241670017636807,54.731652733685905,0.054680070546737625,20.942193121693208,29.476371075837733,27.075428395061863,29.916189241622305,19.416770899470748,18.830099647266252,39.864437918871545
2018-12-01,8.689356261022795,31.831860670194146,23.14250440917135,6.352239858906387,53.449876543210166,0.04880070546732895,19.947089947089808,28.309250440916912,25.64561728395074,28.361225749559253,18.233597883597895,17.467425044091897,38.88704585537903
2019-01-01,9.256296296296341,32.24219576719565,22.985899470899312,6.430502645502656,52.98791005290991,0.04701058201067099,19.93896825396814,28.345661375661166,25.434259259259306,28.128386243386103,18.12063492063453,16.844947089947254,38.15568783068784
2019-02-01,9.830370370370474,32.67685185185178,22.846481481481305,6.507592592593028,52.53685185185191,0.04537037037061964,19.94388888888875,28.398148148148266,25.239074074074097,27.913518518518458,18.022222222222126,16.233148148148302,37.429074074073924
2019-03-01,10.348888888888723,33.06944444444434,22.72055555555562,6.5772222222219625,52.12944444444406,0.04388888888911424,19.948333333333267,28.44555555555553,25.062777777777683,27.719444444444207,17.933333333333167,15.68055555555543,36.77277777777772
2019-04-01,10.922962962962856,33.50410052910047,22.581137566137613,6.654312169312334,51.67838624338606,0.042248677248608146,19.953253968253875,28.498042328042402,24.867592592592473,27.50457671957679,17.83492063492099,15.068756613756705,36.04616402116403
2019-05-01,11.404851851851618,34.61053703703692,23.205685185185303,6.729185185185315,51.41974663299675,0.037018518518380006,20.222325396825454,29.41340740740725,25.523037037037057,28.16053703703733,18.612888888889074,14.620904882155173,35.4480925925925
2019-06-01,11.590462962962874,38.73191005291005,27.141447089947178,6.880597883597829,52.97867195767162,0.013974867724755313,24.17382539682535,33.91738756613768,29.84559259259254,32.83845767195771,23.000075396825423,11.701208994709077,35.5693664021162
2019-07-01,11.75830555555558,42.66880555555554,30.910499999999956,7.281123015872936,54.99781114718644,-0.014093253968212593,27.743708333333643,37.49870436507945,33.874224206349254,38.131543650793674,26.44058730158713,12.390282467532643,36.7616071428572
2019-08-01,11.53285555555567,44.11540793650806,32.58255238095239,7.562276190476041,56.778257936508,-0.021224654377874685,28.25423668714825,37.90690873015865,34.73025158730161,39.53476031746027,27.00708141321047,18.597600000000057,38.66389206349186
2019-09-01,11.235700980392267,42.571338235294206,31.33563725490194,7.408233193277283,57.31329201680683,0.00011640211641861242,27.312870129869907,36.530863445378145,33.25315406162463,37.28021778711491,26.66355411255404,20.66136904761902,40.08346148459373
2019-10-01,12.376499206349308,38.750981746031584,26.374482539682276,7.777653968253844,55.09744841269867,-0.0019832735961244907,24.514145161290344,33.65402777777763,30.07121507936472,33.551856349206446,24.693968509984416,19.069268253968403,40.161326984126845
2019-11-01,13.159788619151414,35.228890185703904,22.06910156655249,8.419209461562104,52.82288904450684,-0.045026455026572876,22.386994548661278,31.527624494242446,27.86503760763594,30.925561520904694,22.19870450537087,17.207777777777892,39.89579416951983
2019-12-01,12.854029982363272,33.52343033509692,20.669400352733646,8.466732804232606,51.83719576719591,-0.07046296296289256,21.439660493827205,30.617129629629744,27.062535273368667,29.9259700176367,20.71220017636665,16.45428571428556,39.85844356261009
2020-01-01,12.822751322751628,33.4234391534394,20.600687830687775,8.313492063492049,51.41674603174647,-0.07534391534363749,21.104391534391652,30.315158730158373,26.563068783068502,29.435820105820085,20.33843915343914,16.311666666666724,39.71280423280405
2020-02-01,12.848994708995178,33.456243386243614,20.607248677248435,8.156031746031886,51.02801587301633,-0.07862433862419493,20.81243386243409,30.054365079365198,26.06772486772502,28.966719576719242,20.06124338624295,16.208333333333485,39.54878306878277
2020-03-01,12.873544973544767,33.486931216931225,20.613386243386458,8.008730158730259,50.66436507936487,-0.0816931216932062,20.539312169312097,29.810396825396765,25.604338624338652,28.52788359788383,19.80193121693128,16.11166666666645,39.395343915344256
2020-04-01,12.899788359788317,33.519735449735435,20.619947089947118,7.851269841269641,50.27563492063473,-0.08497354497353626,20.24735449735431,29.549603174603135,25.108994708994715,28.058783068783214,19.524735449735317,16.008333333332985,39.23132275132298
2020-05-01,12.879451322751493,33.93143915343944,21.05198783068795,7.692925396825558,50.06351269841298,-0.08801058201061096,20.305958201058047,29.662625396825433,25.04083544973514,28.042653439153128,19.577939153439274,16.01839999999993,39.106337566137654
2020-06-01,12.493942239859052,37.89265696649068,25.398714726631624,7.494263227513102,51.49306216931245,-0.08820458553827848,23.447208553792052,33.12690211640188,28.742190917107337,32.051383156966494,22.605573633156837,17.26000000000022,39.38527072310421
2020-07-01,12.440929365079455,43.23217063492052,30.791241269841066,7.446101587301655,54.569605555555654,-0.07285057471267464,27.106464367816443,37.54559841269838,33.55812539682529,37.31838888888865,26.700605363984778,20.638751587301385,40.57998888888915
2020-08-01,12.252819407603738,47.57258510168003,35.319765694076295,7.328143236074311,59.16828094606558,0.012871794871671227,32.4118012820511,44.07721087533173,40.51809151193629,44.68210654288214,32.675785256410336,25.448835322723426,42.48229575596861
2020-09-01,11.169196428571468,46.99678571428581,35.82758928571434,7.094285714285434,60.70408928571419,0.05905644499171103,33.570725779967006,45.323767857143366,42.419964285714286,46.669374999999945,35.420713259441754,27.429428571428843,44.06451785714307
2020-10-01,10.439416256157301,39.826233990147784,29.386817733990483,7.124846059113452,57.33016625615778,0.022749999999632564,26.7520714285713,37.397278325123125,34.84430541871939,38.63515147783255,28.61589285714308,25.405950738916317,44.175188423645295
2020-11-01,10.196648809523595,33.9422410714285,23.745592261904903,7.132092343883642,54.24236136939999,0.018096259509547963,22.204571428571626,32.06316281512591,29.47334065934092,32.79797499999995,21.886635143702506,22.7699178571429,42.95310999577373
2020-12-01,10.233035714285734,32.383124999999836,22.150089285714103,7.034472711719445,52.942162299239044,0.02781065088743162,20.9075714285716,30.3654075630252,27.667252747252633,30.897228571428514,19.910646661031024,21.21805714285688,41.76962383770069
2021-01-01,10.429583333333312,32.379374999999754,21.949791666666442,6.969758083832403,52.45853846153841,0.04153846153826635,20.613000000000056,29.829911764705685,27.0799999999997,30.35660000000007,19.507692307692423,20.295399999999972,40.85653846153832
2021-02-01,10.647321428571331,32.52883928571441,21.88151785714308,6.915087767322348,52.082817413356,0.056213017751360894,20.444714285714326,29.441500000000133,26.65076923076913,29.986371428571374,19.24721893491119,19.461057142857044,39.98890532544374
2021-03-01,10.843988095238046,32.663839285714175,21.81985119047613,6.865708126603749,51.74345646661027,0.0694674556211794,20.292714285714283,29.090676470588278,26.26307692307705,29.651971428571414,19.011952662722024,18.707457142857493,39.20523668639066
2021-04-01,11.061726190476065,32.81330357142838,21.751577380952313,6.811037810094149,51.36773541842763,0.08414201183404657,20.124428571428325,28.70226470588227,25.83384615384648,29.28174285714249,18.751479289941017,17.873114285714564,38.33760355029585
2021-05-01,11.169190476190352,35.07057142857161,23.90138095238126,6.741824465354739,51.941615173288255,0.0759906311634495,21.249571428571016,29.95708333333323,27.01071153846192,30.351482633053365,20.543728796844334,17.840885714285832,37.86518934911237
2021-06-01,11.179005158730206,44.14456408730143,32.96555892857123,6.641611428571423,56.76166870010343,0.06081253825732347,28.30332380952359,37.82009738562101,34.59715341880337,38.04679349206344,28.158320118343227,21.161148571429067,38.89314385272883
2021-07-01,11.132224999999607,55.50391666666633,44.37169166666672,6.837016666666841,64.67306666666673,0.08803030303033665,40.26639166666655,50.98316666666642,47.32716666666647,51.075882352941335,40.015216666666674,26.8427750000003,41.56271666666703
2021-08-01,10.878327777777486,60.38978888888869,49.5114611111112,7.493011111110945,69.6183111111111,0.0938544061302764,45.69710555555548,57.342577777777706,54.04142222222208,57.629922222222376,46.60829999999987,30.653472222222263,44.625211111111184
2021-09-01,10.60942689043236,52.32599652777776,41.7165696373454,8.015611111111184,65.49351658950627,0.06427609427623793,36.27581385030862,47.92994675925934,45.55957175925914,48.964342592592175,38.410813657407516,27.899064621913567,45.47942399691328
2021-10-01,11.252685185184873,40.45075925925926,29.198074074074384,8.209685185184753,58.03404629629654,0.06237037037021764,24.806898148148093,35.92196296296288,33.7471481481482,37.10064814814791,27.37677777777776,22.04995370370375,43.89529629629601
2021-11-01,11.903837518633054,35.47015995872039,23.566322440087333,8.281812182741078,54.09429986839632,0.051608573039629846,20.175783605941206,30.798822899040943,28.360707839819497,31.698357586012435,22.499236322617207,18.494529422823916,42.111536191013556
2021-12-01,11.731762641898968,35.17878224974197,23.447019607843004,8.478834179357136,52.73455837563438,0.022506768189487047,19.257867174281046,29.77884263959413,27.012927241962643,30.487861252114953,20.924554991539935,17.086853637902095,41.17211336717446
2022-01-01,11.57171826625381,35.84642414860673,24.27470588235292,8.89418781725908,52.15895939086295,-0.0014974619289205293,19.417512690355352,30.05606598984764,26.844847715736023,30.47319796954298,20.79720812182768,16.375507614213575,40.5361675126901
2022-02-01,11.419117647058783,36.532647058823386,25.113529411764603,9.317487309644548,51.60662436548205,-0.02510152284276046,19.60949238578678,30.372360406091502,26.71109137055828,30.492081218274052,20.72167512690362,15.684695431472164,39.90829949238582
2022-03-01,11.281284829721244,37.15246130030937,25.871176470588125,9.699822335025146,51.107741116751185,-0.046421319796991156,19.782893401015144,30.65804568527915,26.59027918781726,30.509137055837527,20.653451776649717,15.0607360406093,39.34119289340083
2022-04-01,11.12868421052599,37.838684210526026,26.710000000000036,10.123121827411296,50.555406091370514,-0.07002538071060371,19.9748730964468,30.974340101523012,26.456522842639743,30.5280203045686,20.57791878172611,14.369923857868116,38.71332487309655
2022-05-01,10.981006191950428,38.50277089783276,27.521764705882333,10.508688364686122,50.05130108490107,-0.09306170996342189,20.197436548223095,31.314513188016463,26.37438887229996,30.6003630934606,20.52860644968655,13.755716830894698,38.13369184831254
2022-06-01,10.828405572755628,39.18899380804942,28.36058823529379,10.316766235597697,50.3086877165415,-0.11719551204578238,21.362454979453787,32.539880972524315,27.488000564015692,32.02935323503357,21.101265631294837,14.476667432116756,38.2233938240272
2022-07-01,10.680727554179612,39.853080495355925,29.172352941176314,9.31071470588222,53.43203823529416,0.055372549019693906,25.650883333333468,36.921675490196094,32.26173137254909,36.83285098039232,24.67383235294119,18.430196078431436,39.51202647058835
2022-08-01,10.528126934984357,40.53930340557281,30.011176470588453,8.364327380952318,59.01652976190485,0.1938988095237164,32.551178571428636,43.11992261904743,39.109958333333225,43.37978571428539,30.679922619047602,24.65473214285703,41.7945000000002
2022-09-01,10.37468008255928,41.16017027863768,30.7854901960784,7.864345238094984,61.325511904761925,0.09589285714264406,33.36703571428575,43.68904761904764,40.4772857142857,44.71032142857143,31.738071428571402,28.049071428571324,43.739821428571304
2022-10-01,10.204461705734957,38.77295260209348,28.568490896358526,7.689195881225942,59.04408764367781,0.05457967836218813,27.656844827586156,38.600541666666686,35.95278975095812,40.04823978288641,27.171456736909477,26.94704230523621,43.95642624521088
2022-11-01,10.160790816326653,36.264948979591736,26.104158163265083,7.799282019704378,56.52734605911314,0.05064849624045564,23.846916871921167,34.77001785714265,32.0711299261086,35.87119889162568,23.65360529556665,24.716932881773573,42.967350369458245
2022-12-01,10.296071428571395,37.62761904761919,27.331547619047797,7.9236206896553085,55.43086206896555,0.051710526315901006,22.983965517241813,33.83499999999981,30.78017241379348,34.42758620689665,22.819310344827727,23.298275862068976,41.87413793103451
2023-01-01,10.46372448979605,39.83346938775503,29.36974489795898,8.035098522167345,54.525295566502564,0.052875939849627684,22.414359605911386,33.259285714285625,29.819630541871902,33.34945812807882,22.321477832512528,22.009408866995273,40.78684729064071
2023-02-01,10.63137755102025,42.0393197278911,31.407942176870847,8.146576354679837,53.61972906403912,0.05404135338335436,21.84475369458164,32.68357142857144,28.859088669951007,32.27133004926122,21.82364532019733,20.720541871921114,39.699556650245995
2023-03-01,10.782806122449074,44.03170068027225,33.24889455782318,8.247266009851955,52.80179802955695,0.05509398496224094,21.330270935960698,32.16357142857146,27.991502463054076,31.297536945812908,21.37399014778339,19.55640394088664,38.71748768472912
2023-04-01,10.950459183673047,46.237551020407864,35.28709183673482,8.35874384236422,51.89623152709396,0.05625939849619499,20.760665024630725,31.587857142857274,27.030960591133407,30.21940886699508,20.87615763546819,18.267536945812935,37.630197044334636
2023-05-01,11.112704081632728,48.372244897959035,37.25954081632631,8.417226600984804,51.44832266009848,0.05738721804505076,20.658669950739068,31.57450000000017,26.80743596059142,30.119682266009704,20.762327586206993,17.59921182266021,36.857605911329756
2023-06-01,11.280357142857156,50.5780952380951,39.297738095237946,8.27721527093604,53.55318152709356,0.058552631579232184,24.26737931034495,35.19305000000031,30.91566773398995,35.081716009852244,23.624979064039508,19.622008374384222,37.312768472906555
2023-07-01,11.442602040816382,52.712789115646274,41.27018707482989,8.016464285714164,59.154482142857205,0.07328571428570285,33.31669642857128,44.00141071428561,40.762750000000096,46.024714285714026,31.24023214285694,24.755571428571784,39.294428571428625
2023-08-01,11.691250000000082,53.34053571428535,41.64928571428527,7.971633333333102,64.37886428571414,0.115577694235526,39.51241246498603,51.01101666666682,48.325342857142914,54.00232857142851,37.77777380952375,29.922561904762006,41.954857142857236
2023-09-01,12.193681972789136,49.023557256236245,36.82987528344711,8.122595238095073,64.34998809523813,0.10973809523784439,35.36039285714264,47.565511904761934,44.8695238095238,49.8880238095237,35.515869047618935,31.024476190476435,43.64204761904762
2023-10-01,12.720357142857438,43.38272321428599,30.66236607142855,8.176513888889076,60.37585119047617,0.05368154761913502,28.142444094304437,39.75144444444459,36.72441468253987,41.857160714285556,29.622133928571202,28.04106349206336,43.30837698412711
2023-11-01,13.009073275861738,41.06521551724154,28.056142241379803,8.061011904761926,56.67803571428544,0.026056034482735413,23.82194727891192,34.866156462585195,31.339906462585077,38.2430603448272,26.74467672413789,24.49880952380954,41.89205782312911
2023-12-01,13.165538793102996,40.51952586206903,27.353987068966035,7.996626984127033,55.23946428571435,0.022176724138034842,22.481187641723636,33.322752267573605,29.584835600907354,37.15426724137956,25.91321120689645,22.829801587301745,40.95486678004522
