,site_index,loc_id,group_number,group,obs_count,index_well_flag,first_date,last_date,source_for_data,drop_flag,drop_note,usgs_id,county,basin,assigned_aquifer,purpose,casing,diameter,measuring_point_elev_nvgd29,land_surface_elev_nvgd29,measuring_point_elev_navd88,land_surface_elev_navd88,elev_type,date_drilled,total_depth,bedrock_depth,top_screen,bottom_screen,top_screen_ele,bot_screen_ele,mid_pt,manually_corrected_lay,longitude,latitude,x_2265,y_2265,coord_type,mid_pt_layer,geometry,aquifer_sort,record_span_days,index_right,row,column,model_layer,k
27,30250,15006105DDD2,2,2b,153,False,9/2/2003,11/18/2024,sites.txt,,,,Nelson,Sheyenne River,Spiritwood,Observation Well,PVC,2.0,1456.08,1454.12,1457.24,1455.28,Global Position Survey,8/20/2003,175.0,0,158.0,163.0,1296.12,1292.28,1294.2,3,-98.48318,47.832184,2463805.498,310038.5919,GPS - Surveyed,4.0,POINT (2463805.498 310038.5919),Spiritwood,7748,15458,100,114,3,2
32,9349,15006106BBB,3,3a,373,True,10/16/1969,11/18/2024,sites.txt,,,,Nelson,Sheyenne River,Spiritwood,Observation Well,ABS,1.25,1464.33,1462.51,1465.5,1463.68,Global Position Survey,7/28/1969,320.0,301,197.0,203.0,1265.51,1260.68,1263.095,3,-98.5254,47.846024,2453309.715,314816.5728,GPS - Surveyed,3.0,POINT (2453309.715 314816.5728),Spiritwood,20122,14357,93,98,3,2
8,9352,15006106CCC2,5,5a,325,True,11/9/1983,11/18/2024,sites.txt,,,,Nelson,Sheyenne River,Spiritwood,Observation Well,PVC,1.25,1470.3,1468.07,1471.47,1469.24,Global Position Survey,9/7/1983,320.0,291,198.0,203.0,1270.07,1266.24,1268.155,3,-98.52524,47.831936,2453480.777,309680.433,GPS - Surveyed,3.0,POINT (2453480.777 309680.433),Spiritwood,14985,15598,101,99,3,2
3,30221,15006116DDD,6,6a,154,False,8/20/2003,11/18/2024,sites.txt,,,,Nelson,Sheyenne River,Spiritwood,Observation Well,PVC,2.0,1465.94,1463.05,1467.09,1464.2,Global Position Survey,7/31/2003,180.0,165,148.0,153.0,1315.05,1311.2,1313.125,3,-98.461853,47.802955,2469324.092,299518.4841,GPS - Surveyed,3.0,POINT (2469324.092 299518.4841),Spiritwood,7761,17947,116,123,3,2
5,30220,15006117AAA,7,7a,121,False,8/19/2003,11/18/2024,sites.txt,,,,Nelson,Sheyenne River,Spiritwood,Observation Well,PVC,2.0,1465.88,1463.81,1467.04,1464.97,Global Position Survey,7/30/2003,200.0,188,158.0,163.0,1305.81,1301.97,1303.89,3,-98.482969,47.815747,2464014.357,304046.34,GPS - Surveyed,3.0,POINT (2464014.357 304046.34),Spiritwood,7762,16854,109,115,3,2
4,21537,15006117DCC,8,8a,17,False,4/15/1986,11/13/2017,sites.txt,,,,Nelson,Sheyenne River,Warwick,Observation Well - Plugged,PVC,2.0,1442.69,1440.69,1443.85,1441.85,Topographic Map,9/25/1985,50.0,0,30.0,35.0,1410.69,1406.85,1408.77,1,-98.492372,47.803763,2461818.876,299616.1019,Calculated,1.0,POINT (2461818.876 299616.1019),Warwick,11535,17935,116,111,1,0
6,30218,15006118BBB3,9,9a,165,False,8/19/2003,11/18/2024,sites.txt,,,,Nelson,Sheyenne River,Spiritwood,Observation Well,PVC,2.0,1459.44,1457.37,1460.61,1458.54,Global Position Survey,7/29/2003,339.0,0,292.0,302.0,1165.37,1156.54,1160.955,3,-98.525348,47.816585,2453597.854,304082.0643,GPS - Surveyed,4.0,POINT (2453597.854 304082.0643),Spiritwood,7762,16838,109,99,3,2
2,9357,15006119BBB,11,11a,370,True,7/16/1970,11/18/2024,sites.txt,,,,Nelson,Sheyenne River,Spiritwood,Observation Well,ABS,1.25,1462.47,1460.23,1463.64,1461.4,Global Position Survey,6/6/1970,300.0,291,175.0,181.0,1285.23,1280.4,1282.815,3,-98.522536,47.802905,2454416.645,299111.4393,GPS - Surveyed,3.0,POINT (2454416.645 299111.4393),Spiritwood,19849,18079,117,100,3,2
0,9359,15006129AAA,12,12a,16,False,4/15/1986,3/8/1994,sites.txt,,,,Nelson,Sheyenne River,Unknown,Observation Well - Plugged,PVC,2.0,1459.0,1457.0,1460.16,1458.16,Topographic Map,9/25/1985,110.0,0,65.0,70.0,1392,1388.16,1390.08,1,-98.484183,47.787429,2463986.599,293712.6347,Calculated,1.0,POINT (2463986.599 293712.6347),Unknown,2884,19334,125,115,1,0
1,9360,15006130ABB,13,13a,376,True,7/24/1968,11/18/2024,sites.txt,,,,Nelson,Sheyenne River,Spiritwood,Observation Well,ABS,1.25,1460.28,1458.59,1461.45,1459.76,Global Position Survey,6/18/1968,380.0,320,237.0,240.0,1221.59,1219.76,1220.675,3,-98.511973,47.788193,2457150.213,293813.6331,GPS - Surveyed,3.0,POINT (2457150.213 293813.6331),Spiritwood,20571,19323,125,104,3,2
38,30797,15006201AAC,14,14a,161,False,10/8/2003,11/18/2024,sites.txt,,,,Eddy,Sheyenne River,Spiritwood,Observation Well,PVC,2.0,1463.21,1461.44,1464.38,1462.61,Global Position Survey,9/30/2003,290.0,287,265.0,270.0,1196.44,1192.61,1194.525,3,-98.52874,47.843092,2452517.233,313726.4147,GPS - Surveyed,3.0,POINT (2452517.233 313726.4147),Spiritwood,7712,14511,94,97,3,2
31,30796,15006201AAD,15,15a,164,False,10/8/2003,11/18/2024,sites.txt,,,,Eddy,Sheyenne River,Spiritwood,Observation Well,PVC,2.0,1463.35,1461.51,1464.52,1462.68,Global Position Survey,9/30/2003,290.0,0,265.0,270.0,1196.51,1192.68,1194.595,3,-98.526,47.842772,2453192.844,313626.9626,GPS - Surveyed,3.0,POINT (2453192.844 313626.9626),Spiritwood,7712,14667,95,98,3,2
14,30216,15006201CDC,16,16a,129252,False,8/20/2003,4/22/2025,sites_presens.txt,,,,Eddy,Sheyenne River,Spiritwood,Observation Well - PRESENS,PVC,2.0,1474.31,1472.52,1475.48,1473.69,Global Position Survey,7/28/2003,300.0,279,258.0,263.0,1214.52,1210.69,1212.605,3,-98.538511,47.832966,2450212.719,309972.7168,GPS - Surveyed,3.0,POINT (2450212.719 309972.7168),Spiritwood,7916,15438,100,94,3,2
16,31750,15006201DCBB3,17,17c,132,False,6/21/2005,11/18/2024,sites.txt,,,,Eddy,Sheyenne River,Spiritwood,Observation Well,PVC,2.0,1474.98,1473.34,1476.15,1474.51,Global Position Survey,6/1/2005,160.0,0,146.0,151.0,1327.34,1323.51,1325.425,3,-98.536292,47.835341,2450735.457,310852.6458,GPS - Surveyed,3.0,POINT (2450735.457 310852.6458),Spiritwood,7090,15283,99,94,3,2
37,31751,15006201DCBB4,17,17d,132,False,6/22/2005,11/18/2024,sites.txt,,,,Eddy,Sheyenne River,Clay Sediments,Observation Well,PVC,2.0,1475.33,1473.59,1476.5,1474.76,Global Position Survey,6/2/2005,110.0,0,98.0,103.0,1375.59,1371.76,1373.675,2,-98.536242,47.835341,2450747.733,310852.9589,GPS - Surveyed,1.0,POINT (2450747.733 310852.9589),Clay Sediments,7089,15283,99,94,3,1
17,31753,15006201DCBB6,17,17f,132,False,6/21/2005,11/18/2024,sites.txt,,,,Eddy,Sheyenne River,Warwick,Observation Well,PVC,2.0,1475.43,1473.73,1476.6,1474.9,Global Position Survey,6/2/2005,16.0,0,10.0,15.0,1463.73,1459.9,1461.815,1,-98.536143,47.835339,2450772.058,310852.8497,GPS - Surveyed,1.0,POINT (2450772.058 310852.8497),Warwick,7090,15283,99,94,1,0
30,31743,15006201DDA6,18,18f,145,False,6/21/2005,11/18/2024,sites.txt,,,,Eddy,Sheyenne River,Warwick,Observation Well,PVC,2.0,1471.46,1469.67,1472.63,1470.84,Global Position Survey,5/25/2005,20.0,0,14.0,19.0,1455.67,1451.84,1453.755,1,-98.525828,47.834299,2453314.305,310538.3907,GPS - Surveyed,1.0,POINT (2453314.305 310538.3907),Warwick,7090,15287,99,98,1,0
29,31740,15006201DDA3,18,18c,144,False,6/21/2005,11/18/2024,sites.txt,,,,Eddy,Sheyenne River,Till,Observation Well,PVC,2.0,1471.29,1469.45,1472.46,1470.62,Global Position Survey,5/25/2005,132.0,0,125.0,130.0,1344.45,1340.62,1342.535,2,-98.525836,47.834198,2453313.285,310501.511,GPS - Surveyed,2.0,POINT (2453313.285 310501.511),Till,7090,15287,99,98,3,1
15,31744,15006201DDB,19,19a,147,False,6/21/2005,11/18/2024,sites.txt,,,,Eddy,Sheyenne River,Spiritwood,Observation Well,PVC,2.0,1474.21,1472.68,1475.38,1473.85,Global Position Survey,5/25/2005,320.0,303,258.0,263.0,1214.68,1210.85,1212.765,3,-98.530635,47.834757,2452129.803,310675.1705,GPS - Surveyed,3.0,POINT (2452129.803 310675.1705),Spiritwood,7090,15286,99,97,3,2
28,31746,15006201DDDA1,22,22a,149,False,6/21/2005,11/18/2024,sites.txt,,,,Eddy,Sheyenne River,Spiritwood,Observation Well,PVC,2.0,1471.23,1469.25,1472.4,1470.42,Global Position Survey,5/26/2005,260.0,0,238.0,243.0,1231.25,1227.42,1229.335,3,-98.526435,47.833002,2453177.398,310061.6224,GPS - Surveyed,3.0,POINT (2453177.398 310061.6224),Spiritwood,7090,15442,100,98,3,2
25,30215,15006203CCC,26,26a,160,False,8/14/2003,11/18/2024,sites.txt,,,,Eddy,Sheyenne River,Spiritwood,Observation Well,PVC,2.0,1477.48,1475.74,1478.66,1476.92,Global Position Survey,7/28/2003,190.0,169,155.0,160.0,1320.74,1316.92,1318.83,3,-98.587131,47.833059,2438274.108,309706.2385,GPS - Surveyed,4.0,POINT (2438274.108 309706.2385),Spiritwood,7767,15574,101,75,3,2
26,5363,15006203DDD,27,27a,310,False,11/9/1983,11/18/2024,sites.txt,,,,Eddy,Sheyenne River,Spiritwood,Observation Well,PVC,1.25,1476.74,1473.13,1477.92,1474.31,Global Position Survey,8/31/1983,200.0,182,168.0,173.0,1305.13,1301.31,1303.22,3,-98.565772,47.832984,2443519.128,309809.9243,GPS - Surveyed,3.0,POINT (2443519.128 309809.9243),Spiritwood,14985,15427,100,83,3,2
84,5364,15006204BBA,28,28a,261,False,5/17/1979,11/18/2024,sites.txt,,,,Eddy,Sheyenne River,Warwick,Observation Well,PVC,1.25,1473.3,1471.23,1474.48,1472.41,Global Position Survey,7/22/1977,70.0,0,50.0,56.0,1421.23,1416.41,1418.82,1,-98.604187,47.846402,2433966.447,314468.2569,GPS - Surveyed,1.0,POINT (2433966.447 314468.2569),Warwick,16622,14328,93,69,1,0
78,5365,15006206BBC,29,29a,337,True,6/1/1978,11/18/2024,sites.txt,,,,Eddy,Sheyenne River,Spiritwood,Observation Well,ABS,1.25,1470.49,1468.56,1471.67,1469.74,Global Position Survey,5/17/1978,160.0,129,123.0,126.0,1345.56,1343.74,1344.65,1,-98.651718,47.843361,2422325.47,313075.602,GPS - Surveyed,4.0,POINT (2422325.47 313075.602),Spiritwood,16972,14620,95,51,3,0
23,132772,15006209DDD,32,32a,4991,False,8/26/2024,4/22/2025,sites_presens.txt,,,,Eddy,,Spiritwood,Observation Well - PRESENS,PVC,2.0,1475.27,1472.9,1476.45,1474.08,Global Position Survey,7/23/2024,160.0,0,149.0,154.0,1323.9,1320.08,1321.99,3,-98.587603,47.818389,2438291.115,304353.8859,GPS - Handheld,3.0,POINT (2438291.115 304353.8859),Spiritwood,239,16815,109,76,3,2
24,5366,15006210DDD,33,33a,222,False,11/9/1983,10/9/2024,sites.txt,,,,Eddy,Sheyenne River,Spiritwood,Observation Well - Plugged,PVC,1.25,1475.57,1473.68,1476.74,1474.85,Global Position Survey,8/31/1983,200.0,192,168.0,173.0,1305.68,1301.85,1303.765,3,-98.565702,47.818609,2443668.033,304568.4926,GPS - Surveyed,3.0,POINT (2443668.033 304568.4926),Spiritwood,14945,16668,108,84,3,2
7,31754,15006212AADA,34,34a,149,False,6/23/2005,11/18/2024,sites.txt,,,,Eddy,Sheyenne River,Spiritwood,Observation Well,PVC,2.0,1473.49,1471.77,1474.66,1472.94,Global Position Survey,6/3/2005,300.0,0,218.0,223.0,1253.77,1249.94,1251.855,3,-98.526022,47.829389,2453312.586,308746.7533,GPS - Surveyed,3.0,POINT (2453312.586 308746.7533),Spiritwood,7088,15752,102,98,3,2
13,5367,15006212BBB,35,35a,31,False,12/10/1983,8/29/1987,sites.txt,,,,Eddy,Sheyenne River,Spiritwood,Observation Well - Destroyed,PVC,1.25,1479.0,1477.0,1480.17,1478.17,Topographic Map,9/1/1983,240.0,232,218.0,223.0,1259,1255.17,1257.085,3,-98.543004,47.831903,2449119.406,309557.0196,Calculated,3.0,POINT (2449119.406 309557.0196),Spiritwood,1358,15591,101,92,3,2
12,30217,15006212CAC,36,36a,159,False,8/20/2003,11/18/2024,sites.txt,,,,Eddy,Sheyenne River,Spiritwood,Observation Well,PVC,2.0,1472.82,1470.45,1473.99,1471.62,Global Position Survey,7/29/2003,260.0,0,226.0,231.0,1244.45,1240.62,1242.535,3,-98.538293,47.823701,2450352.342,306595.615,GPS - Surveyed,3.0,POINT (2450352.342 306595.615),Spiritwood,7761,16213,105,94,3,2
11,5369,15006212CCCB,37,37a,41,False,4/4/1984,10/29/1995,sites.txt,,,,Eddy,Sheyenne River,Spiritwood,Observation Well - Destroyed,PVC,1.25,1475.16,1472.66,1476.33,1473.83,Survey 0.01 ft,9/1/1983,230.0,214,198.0,203.0,1274.66,1270.83,1272.745,3,-98.543438,47.819654,2449126.372,305087.7287,Calculated,3.0,POINT (2449126.372 305087.7287),Spiritwood,4225,16676,108,92,3,2
20,132771,15006214CBA2,38,38a,4855,False,8/26/2024,4/22/2025,sites_presens.txt,,,,Eddy,,Spiritwood,Observation Well - PRESENS,PVC,2.0,1470.74,1468.29,1471.91,1469.46,Global Position Survey,7/19/2024,260.0,256,174.0,179.0,1294.29,1290.46,1292.375,3,-98.562375,47.809815,2444565.862,301382.3035,GPS - Handheld,3.0,POINT (2444565.862 301382.3035),Spiritwood,239,17444,113,85,3,2
22,5370,15006216AAA,41,41a,362,False,6/1/1978,7/23/2024,sites.txt,,,,Eddy,Sheyenne River,Spiritwood,Observation Well - Plugged,ABS,1.25,1474.55,1472.42,1475.73,1473.6,Global Position Survey,5/16/1978,200.0,169,152.0,155.0,1320.42,1318.6,1319.51,3,-98.587698,47.818267,2438268.888,304308.8186,GPS - Surveyed,3.0,POINT (2438268.888 304308.8186),Spiritwood,16854,16814,109,75,3,2
21,21407,15006216ADD,42,42a,16,False,4/15/1986,3/8/1994,sites.txt,,,,Eddy,Sheyenne River,Warwick,Observation Well,PVC,2.0,1481.34,1479.34,1482.52,1480.52,Survey 0.01 ft,10/1/1985,40.0,0,15.0,20.0,1464.34,1460.52,1462.43,1,-98.588551,47.812015,2438115.998,302023.8009,,1.0,POINT (2438115.998 302023.8009),Warwick,2884,17279,112,75,1,0
82,21408,15006216CBC,44,44a,16,False,4/15/1986,4/20/1994,sites.txt,,,,Eddy,Sheyenne River,Warwick,Observation Well,PVC,2.0,1465.16,1463.16,1466.34,1464.34,Survey 0.01 ft,10/1/1985,40.0,0,24.0,30.0,1439.16,1434.34,1436.75,1,-98.607873,47.808505,2433401.317,300626.6148,,1.0,POINT (2433401.317 300626.6148),Warwick,2927,17582,114,68,1,0
83,21410,15006218AAA,45,45a,87,False,6/17/1952,3/8/1994,sites.txt,,,,Eddy,Sheyenne River,Warwick,Observation Well,,0.0,1476.13,1474.13,1477.31,1475.31,Survey 0.01 ft,,17.5,0,0.0,17.5,1474.13,1457.81,1465.97,1,-98.631642,47.817284,2427484.705,303685.3483,,,POINT (2427484.705 303685.3483),Warwick,15239,16953,110,59,1,0
18,5373,15006222AAC,47,47a,40,False,5/17/1979,10/30/1987,sites.txt,,,,Eddy,Sheyenne River,Spiritwood,Observation Well,PVC,4.0,1465.6,1464.0,1466.77,1465.17,Topographic Map,2/20/1979,160.0,0,145.0,160.0,1319,1305.17,1312.085,3,-98.569915,47.800927,2442794.984,298094.7584,Calculated,2.0,POINT (2442794.984 298094.7584),Spiritwood,3088,18216,118,82,3,2
19,5374,15006223BBB,48,48a,13060,True,5/17/1979,4/22/2025,sites_presens.txt,,,,Eddy,Sheyenne River,Spiritwood,Observation Well - PRESENS,PVC,4.0,1463.74,1461.73,1464.91,1462.9,Global Position Survey,4/22/1979,178.0,0,154.0,178.0,1307.73,1284.9,1296.315,3,-98.564756,47.803208,2444041.558,298958.3454,GPS - Surveyed,3.0,POINT (2444041.558 298958.3454),Spiritwood,16777,18063,117,84,3,2
10,132877,15006223BDC,49,49a,3691,False,11/18/2024,4/22/2025,sites_presens.txt,,,,Eddy,,Spiritwood,Observation Well - PRESENS,PVC,2.0,1462.09,1459.93,1463.26,1461.1,Global Position Survey,10/16/2024,440.0,397,190.0,195.0,1269.93,1266.1,1268.015,3,-98.557556,47.797153,2445866.118,296794.9401,GPS - Handheld,4.0,POINT (2445866.118 296794.9401),Spiritwood,155,18531,120,87,3,2
9,5375,15006224CBB,51,51a,307,False,4/3/1984,7/25/2024,sites.txt,,,,Eddy,Sheyenne River,Spiritwood,Observation Well - Plugged,PVC,1.25,1464.78,1462.86,1465.95,1464.03,Global Position Survey,8/30/1983,200.0,177,158.0,163.0,1304.86,1301.03,1302.945,3,-98.543866,47.79568,2449243.41,296342.9825,GPS - Surveyed,3.0,POINT (2449243.41 296342.9825),Spiritwood,14723,18691,121,92,3,2
75,131918,15006313BBB2,59,59b,4997,False,8/23/2022,4/22/2025,sites_presens.txt,,,,Eddy,,Warwick,Observation Well - PRESENS,PVC,2.0,1479.03,1476.02,1480.21,1477.2,Global Position Survey,7/25/2022,120.0,0,33.0,38.0,1443.02,1439.2,1441.11,1,-98.673024,47.818358,2417311.439,303833.0637,GPS - Handheld,1.0,POINT (2417311.439 303833.0637),Warwick,973,16783,109,44,1,0
76,5386,15006313BBB,59,59a,470,True,6/17/1952,11/18/2024,sites.txt,,,4.75E+14,Eddy,Sheyenne River,Warwick,Observation Well,Steel,1.5,1481.11,1476.43,1482.29,1477.61,Global Position Survey,1/1/1952,17.0,0,15.0,17.0,1461.43,1460.61,1461.02,1,-98.673039,47.818375,2417307.608,303839.1756,GPS - Surveyed,1.0,POINT (2417307.608 303839.1756),Warwick,26452,16783,109,44,1,0
74,5390,15006315BBB,60,60a,385,True,5/8/1970,11/18/2024,sites.txt,,,4.75E+14,Eddy,Sheyenne River,Warwick,Observation Well,Downspout,3.0,1479.41,1478.56,1480.59,1479.74,Global Position Survey,5/8/1970,38.0,0,0.0,28.4,1478.56,1451.34,1464.95,1,-98.715788,47.818417,2406807.613,303608.244,GPS - Surveyed,1.0,POINT (2406807.613 303608.244),Warwick,19918,16922,110,28,1,0
69,13265,15106106CCC,62,62a,244,False,8/15/1991,11/18/2024,sites.txt,,,,Nelson,Devils Lake Basin,Spiritwood,Observation Well,PVC,2.0,1514.44,1514.49,1515.65,1515.7,Global Position Survey,7/24/1991,250.0,237,223.0,228.0,1291.49,1287.7,1289.595,3,-98.52541,47.919295,2452621.895,341534.6898,GPS - Surveyed,3.0,POINT (2452621.895 341534.6898),Spiritwood,12149,8001,52,97,3,2
66,131312,15106107CCC2,63,63b,25,False,8/16/2021,11/18/2024,sites.txt,,,,Nelson,Devils Lake Basin,Spiritwood,Observation Well,PVC,2.0,1516.22,1513.21,1517.42,1514.41,Global Position Survey,7/21/2021,299.0,298,228.0,233.0,1285.21,1281.41,1283.31,3,-98.525266,47.904302,2452797.445,336068.398,GPS - Surveyed,3.0,POINT (2452797.445 336068.398),Spiritwood,1190,9397,61,98,3,2
65,9369,15106107CCC,63,63a,297,False,11/10/1983,7/15/2021,sites.txt,,,,Nelson,Devils Lake Basin,Spiritwood,Observation Well - Plugged,PVC,1.25,1517.2,1515.14,1518.4,1516.34,Global Position Survey,9/7/1983,235.0,0,178.0,183.0,1337.14,1333.34,1335.24,3,-98.525302,47.904268,2452788.936,336055.7735,GPS - Surveyed,3.0,POINT (2452788.936 336055.7735),Spiritwood,13762,9397,61,98,3,2
67,30230,15106107DDD,64,64a,161,False,9/2/2003,11/18/2024,sites.txt,,,,Nelson,Sheyenne River,Spiritwood,Observation Well,PVC,2.0,1502.62,1499.78,1503.82,1500.98,Global Position Survey,8/6/2003,210.0,197,177.0,182.0,1322.78,1318.98,1320.88,3,-98.504771,47.904292,2457822.715,336194.3235,GPS - Surveyed,3.0,POINT (2457822.715 336194.3235),Spiritwood,7748,9249,60,105,3,2
56,30228,15106117CCC,65,65a,178,False,8/13/2003,11/18/2024,sites.txt,,,,Nelson,Sheyenne River,Spiritwood,Observation Well,PVC,2.0,1482.75,1481.01,1483.94,1482.2,Global Position Survey,8/6/2003,240.0,230,186.0,191.0,1295.01,1291.2,1293.105,3,-98.50453,47.889833,2458018.483,330923.4267,GPS - Surveyed,3.0,POINT (2458018.483 330923.4267),Spiritwood,7768,10489,68,105,3,2
55,32421,15106119AAD,66,66a,72,False,8/29/2006,2/20/2020,sites.txt,,,,Nelson,Devils Lake Basin,Sand Sediments,Observation Well,PVC,1.25,1458.11,1456.4,1459.3,1457.59,Global Position Survey,8/23/2006,17.0,0,7.0,12.0,1449.4,1445.59,1447.495,1,-98.504748,47.886878,2457992.946,329844.5106,GPS - Surveyed,1.0,POINT (2457992.946 329844.5106),Sand Sediments,4923,10799,70,105,3,0
54,126754,15106119ACA2,67,67b,31,False,6/22/2010,6/10/2020,sites.txt,,,,Nelson,Devils Lake Basin,Sand Sediments,Observation Well - Plugged,PVC,2.0,1463.71,1460.81,1464.9,1462.0,Global Position Survey,6/1/2010,16.0,0,4.0,9.0,1456.81,1453,1454.905,1,-98.512317,47.88517,2456152.563,329173.6684,GPS - Surveyed,1.0,POINT (2456152.563 329173.6684),Sand Sediments,3641,10952,71,103,3,0
53,32420,15106119ACA,67,67a,23,False,8/29/2006,7/11/2013,sites.txt,,,,Nelson,Devils Lake Basin,Sand Sediments,Observation Well - Plugged,PVC,1.25,1461.59,1460.03,1462.78,1461.22,Global Position Survey,8/23/2006,22.0,0,7.0,12.0,1453.03,1449.22,1451.125,1,-98.512656,47.884655,2456074.261,328983.7283,GPS - Surveyed,1.0,POINT (2456074.261 328983.7283),Sand Sediments,1100,10952,71,103,3,0
52,32419,15106119BDB,68,68a,56,False,8/29/2006,6/10/2020,sites.txt,,,,Nelson,Sheyenne River,Sand Sediments,Observation Well - Plugged,PVC,1.25,1461.42,1459.77,1462.61,1460.96,Global Position Survey,8/23/2006,21.0,0,6.0,11.0,1453.77,1449.96,1451.865,1,-98.519509,47.8843,2454396.664,328810.9596,GPS - Surveyed,1.0,POINT (2454396.664 328810.9596),Sand Sediments,5034,11104,72,100,3,0
51,32417,15106119CCC,69,69a,62,False,9/6/2006,2/20/2020,sites.txt,,,,Nelson,Sheyenne River,Sand Sediments,Observation Well,PVC,2.0,1451.18,1449.09,1452.37,1450.28,Global Position Survey,9/8/2006,35.0,20,8.0,18.0,1441.09,1432.28,1436.685,1,-98.523868,47.875838,2453406.678,325697.8283,GPS - Surveyed,1.0,POINT (2453406.678 325697.8283),Sand Sediments,4915,11722,76,98,3,0
50,9372,15106130AAA,71,71a,316,True,11/10/1983,11/18/2024,sites.txt,,,,Nelson,Devils Lake Basin,Spiritwood,Observation Well,PVC,1.25,1507.22,1505.66,1508.4,1506.84,Global Position Survey,9/7/1983,240.0,233,218.0,223.0,1287.66,1283.84,1285.75,3,-98.505022,47.875145,2458036.623,325564.3749,GPS - Surveyed,3.0,POINT (2458036.623 325564.3749),Spiritwood,14984,11729,76,105,3,2
49,9373,15106130BBB,72,72a,90,False,7/12/1968,7/28/1991,sites.txt,,,,Nelson,Devils Lake Basin,Spiritwood,Observation Well - Plugged,ABS,1.25,1455.0,1453.2,1456.18,1454.38,Survey 0.1 ft,6/25/1968,280.0,245,197.0,200.0,1256.2,1254.38,1255.29,3,-98.524239,47.874408,2453329.046,325174.0451,Calculated,3.0,POINT (2453329.046 325174.0451),Spiritwood,8416,11877,77,98,3,2
36,30226,15106131BCC,73,73a,163,False,8/14/2003,11/18/2024,sites.txt,,,,Nelson,Sheyenne River,Spiritwood,Observation Well,PVC,2.0,1467.42,1465.08,1468.6,1466.26,Global Position Survey,8/5/2003,310.0,303,198.0,203.0,1267.08,1263.26,1265.17,3,-98.525309,47.853634,2453260.866,317592.1127,GPS - Surveyed,3.0,POINT (2453260.866 317592.1127),Spiritwood,7767,13737,89,98,3,2
33,30231,15106131CDD,74,74a,148,False,8/20/2003,11/18/2024,sites.txt,,,,Nelson,Sheyenne River,Spiritwood,Observation Well,PVC,2.0,1458.57,1457.03,1459.74,1458.2,Global Position Survey,8/7/2003,220.0,202,158.0,163.0,1299.03,1295.2,1297.115,3,-98.51536,47.846338,2455771.249,314994.4452,GPS - Surveyed,3.0,POINT (2455771.249 314994.4452),Spiritwood,7761,14361,93,102,3,2
34,30232,15106131DDD,75,75a,138,False,8/20/2003,11/18/2024,sites.txt,,,,Nelson,Sheyenne River,Spiritwood,Observation Well,PVC,2.0,1464.88,1462.86,1466.05,1464.03,Global Position Survey,8/7/2003,220.0,204,113.0,118.0,1349.86,1346.03,1347.945,3,-98.504657,47.846275,2458399.05,315039.3845,GPS - Surveyed,2.0,POINT (2458399.05 315039.3845),Spiritwood,7761,14210,92,106,3,2
48,9375,15106132BBB,76,76a,296,True,4/4/1984,11/18/2024,sites.txt,,,,Nelson,Devils Lake Basin,Spiritwood,Observation Well,PVC,1.25,1467.09,1465.16,1468.27,1466.34,Global Position Survey,9/7/1983,200.0,185,168.0,173.0,1297.16,1293.34,1295.25,3,-98.499461,47.860568,2459539.031,320284.3483,GPS - Surveyed,3.0,POINT (2459539.031 320284.3483),Spiritwood,14838,12972,84,108,3,2
35,30222,15106133CCC,77,77a,143,False,8/21/2003,11/18/2024,sites.txt,,,,Nelson,Sheyenne River,Spiritwood,Observation Well,PVC,2.0,1459.39,1457.83,1460.56,1459.0,Global Position Survey,7/31/2003,180.0,171,158.0,163.0,1299.83,1296,1297.915,3,-98.482976,47.846212,2463721.551,315155.1001,GPS - Surveyed,4.0,POINT (2463721.551 315155.1001),Spiritwood,7760,14218,92,114,3,2
70,13266,15106201AAD,78,78a,244,False,8/15/1991,11/18/2024,sites.txt,,,,Ramsey,Devils Lake Basin,Spiritwood,Observation Well,PVC,2.0,1497.57,1495.85,1498.78,1497.06,Global Position Survey,7/30/1991,220.0,193,178.0,183.0,1317.85,1314.06,1315.955,3,-98.525712,47.92961,2452451.398,345294.1623,GPS - Surveyed,4.0,POINT (2452451.398 345294.1623),Spiritwood,12149,7226,47,97,3,2
137,13267,15106203ADDA,80,80a,266,False,8/9/1991,11/18/2024,sites.txt,,,,Ramsey,Devils Lake Basin,Spiritwood,Observation Well,PVC,1.25,1609.43,1607.64,1610.64,1608.85,Global Position Survey,7/23/1991,400.0,0,350.0,355.0,1257.64,1253.85,1255.745,3,-98.568876,47.927621,2441891.26,344300.5399,GPS - Surveyed,3.0,POINT (2441891.26 344300.5399),Spiritwood,12155,7365,48,81,3,2
136,30800,15106203DDAA,81,81a,64,False,10/9/2003,9/21/2010,sites.txt,,,,Ramsey,Sheyenne River,Spiritwood,Observation Well - Plugged,PVC,2.0,1547.48,1544.75,1548.69,1545.96,Global Position Survey,9/24/2003,280.0,0,258.0,263.0,1286.75,1282.96,1284.855,3,-98.568865,47.922008,2441945.304,342253.7947,GPS - Surveyed,3.0,POINT (2441945.304 342253.7947),Spiritwood,2539,7830,51,81,3,2
135,30801,15106203DDAD,82,82a,64,False,10/9/2003,9/21/2010,sites.txt,,,,Ramsey,Sheyenne River,Spiritwood,Observation Well - Plugged,PVC,2.0,1541.26,1538.42,1542.47,1539.63,Global Position Survey,9/24/2003,270.0,0,258.0,263.0,1280.42,1276.63,1278.525,3,-98.568861,47.920509,2441959.998,341707.2005,GPS - Surveyed,3.0,POINT (2441959.998 341707.2005),Spiritwood,2539,7985,52,81,3,2
133,127029,15106203DDD6,83,83f,100,False,11/2/2010,11/18/2024,sites.txt,,,,Ramsey,Sheyenne River,Warwick,Observation Well,PVC,2.0,1537.17,1534.48,1538.38,1535.69,Global Position Survey,10/12/2010,65.0,0,61.0,66.0,1473.48,1469.69,1471.585,1,-98.568882,47.919419,2441964.821,341309.5968,GPS - Surveyed,1.0,POINT (2441964.821 341309.5968),Warwick,5130,8140,53,81,1,0
134,9712,15106203DDD2,83,83b,336,False,5/17/1979,11/18/2024,sites.txt,,,,Ramsey,Devils Lake Basin,Spiritwood,Observation Well,PVC,1.25,1537.89,1535.06,1539.1,1536.27,Global Position Survey,5/18/1978,320.0,0,260.0,263.0,1275.06,1273.27,1274.165,3,-98.568872,47.919537,2441966.193,341352.6877,GPS - Surveyed,3.0,POINT (2441966.193 341352.6877),Spiritwood,16622,8140,53,81,3,2
132,9711,15106203DDD1,83,83a,183,False,9/27/1973,9/21/2010,sites.txt,,,,Ramsey,Sheyenne River,Warwick,Observation Well - Plugged,PVC,1.25,1536.26,1534.13,1537.47,1535.34,Global Position Survey,8/23/1973,380.0,370,62.0,65.0,1472.13,1470.34,1471.235,1,-98.568861,47.919413,2441970.024,341307.538,GPS - Surveyed,1.0,POINT (2441970.024 341307.538),Warwick,13508,8140,53,81,1,0
143,30254,15106208ABB,84,84a,37774,False,8/20/2003,4/22/2025,sites_presens.txt,,,,Ramsey,Sheyenne River,Spiritwood,Observation Well - PRESENS,PVC,2.0,1503.99,1501.94,1505.19,1503.14,Global Position Survey,8/19/2003,240.0,224,170.0,175.0,1331.94,1328.14,1330.04,3,-98.616079,47.920613,2430385.004,341458.3421,GPS - Surveyed,2.0,POINT (2430385.004 341458.3421),Spiritwood,7916,7968,52,64,3,2
142,9713,15106209ABB,85,85a,350,False,6/28/1978,7/18/2024,sites.txt,,,,Ramsey,Devils Lake Basin,Spiritwood,Observation Well - Plugged,ABS,1.25,1495.49,1494.23,1496.7,1495.44,Global Position Survey,8/23/1973,240.0,219,197.0,203.0,1297.23,1292.44,1294.835,3,-98.5976,47.919937,2434920.676,341323.2212,GPS - Surveyed,3.0,POINT (2434920.676 341323.2212),Spiritwood,16822,8129,53,70,3,2
141,30238,15106209DAA,86,86a,162,False,9/2/2003,11/18/2024,sites.txt,,,,Benson,Sheyenne River,Spiritwood,Observation Well,PVC,2.0,1520.36,1518.31,1521.57,1519.52,Global Position Survey,8/13/2003,320.0,292,198.0,208.0,1320.31,1311.52,1315.915,3,-98.586992,47.91275,2437586.065,338766.8629,GPS - Surveyed,3.0,POINT (2437586.065 338766.8629),Spiritwood,7748,8598,56,74,3,2
68,30243,15106211AAD,87,87a,146,False,8/20/2003,11/18/2024,sites.txt,,,,Ramsey,Sheyenne River,Spiritwood,Observation Well,PVC,2.0,1522.22,1522.21,1523.43,1523.42,Global Position Survey,8/12/2003,260.0,240,218.0,223.0,1304.21,1300.42,1302.315,3,-98.547199,47.915071,2447320.028,339858.1594,GPS - Surveyed,3.0,POINT (2447320.028 339858.1594),Spiritwood,7761,8458,55,89,3,2
64,3379,15106212DCC,88,88a,359,True,12/15/1978,11/18/2024,sites.txt,,,,Benson,Sheyenne River,Spiritwood,Observation Well,PVC,1.25,1511.54,1509.58,1512.74,1510.78,Global Position Survey,10/4/1978,300.0,291,235.0,238.0,1274.58,1272.78,1273.68,3,-98.53554,47.90435,2450277.9,336021.451,GPS - Surveyed,3.0,POINT (2450277.9 336021.451),Spiritwood,16775,9393,61,94,3,2
61,130511,15106213BCD2,90,90b,16,False,5/17/1979,9/25/1981,sites.txt,,,,Benson,Sheyenne River,Spiritwood,Irrigation Well,,0.0,1499.2,1499.0,1500.4,1500.2,Survey 0.1 ft,,205.0,0,160.0,205.0,1339,1295.2,1317.1,3,-98.54302,47.897883,2448503.816,333616.5373,Calculated,3.0,POINT (2448503.816 333616.5373),Spiritwood,862,9855,64,91,3,2
60,3382,15106213CBB,93,93a,350,True,12/14/1978,11/18/2024,sites.txt,,,,Benson,Sheyenne River,Spiritwood,Observation Well,PVC,1.25,1496.18,1494.55,1497.38,1495.75,Global Position Survey,10/5/1978,360.0,321,238.0,241.0,1256.55,1254.75,1255.65,3,-98.546714,47.896944,2447606.65,333251.1234,GPS - Surveyed,3.0,POINT (2447606.65 333251.1234),Spiritwood,16776,10009,65,90,3,2
63,3384,15106214AAA,95,95a,319,False,9/16/1969,9/21/2010,sites.txt,,,4.75E+14,Benson,Sheyenne River,Spiritwood,Observation Well - Plugged,ABS,1.25,1511.78,1510.06,1512.98,1511.26,Global Position Survey,9/11/1969,300.0,280,218.0,224.0,1292.06,1287.26,1289.66,3,-98.547162,47.903767,2447433.67,335736.3576,GPS - Surveyed,3.0,POINT (2447433.67 335736.3576),Spiritwood,14980,9388,61,89,3,2
62,127030,15106214AAA1,95,95b,100,False,11/2/2010,11/18/2024,sites.txt,,,,Benson,Sheyenne River,Spiritwood,Observation Well,PVC,2.0,1513.53,1510.7,1514.73,1511.9,Global Position Survey,10/12/2010,230.0,0,220.0,225.0,1290.7,1286.9,1288.8,3,-98.547162,47.903767,2447433.67,335736.3576,GPS - Surveyed,3.0,POINT (2447433.67 335736.3576),Spiritwood,5130,9388,61,89,3,2
129,21218,15106214BBB,96,96a,51,False,5/18/1970,9/30/1980,sites.txt,,,4.75E+14,Benson,Sheyenne River,Warwick,Observation Well,,0.0,1492.99,1490.99,1494.19,1492.19,Survey 0.01 ft,5/18/1970,23.0,0,0.0,19.1,1490.99,1473.09,1482.04,1,-98.567761,47.903106,2442388.922,335367.8741,,,POINT (2442388.922 335367.8741),Warwick,3788,9536,62,82,1,0
59,30244,15106214DDD,98,98a,162,False,8/20/2003,11/18/2024,sites.txt,,,,Benson,Sheyenne River,Spiritwood,Observation Well,PVC,2.0,1486.49,1484.1,1487.69,1485.3,Global Position Survey,8/11/2003,340.0,312,218.0,223.0,1266.1,1262.3,1264.2,3,-98.547241,47.889837,2447543.158,330656.2644,GPS - Surveyed,3.0,POINT (2447543.158 330656.2644),Spiritwood,7761,10629,69,90,3,2
130,3386,15106215AAA,99,99a,414,True,11/19/1969,11/18/2024,sites.txt,,,,Benson,Sheyenne River,Spiritwood,Observation Well,ABS,1.25,1492.77,1490.77,1493.97,1491.97,Global Position Survey,10/17/1969,340.0,319,197.0,203.0,1293.77,1288.97,1291.37,3,-98.569292,47.904076,2442004.648,335712.1708,GPS - Surveyed,3.0,POINT (2442004.648 335712.1708),Spiritwood,20088,9380,61,81,3,2
131,3387,15106215BBB,100,100a,378,True,9/16/1969,11/18/2024,sites.txt,,,4.75E+14,Benson,Sheyenne River,Spiritwood,Observation Well,ABS,1.25,1495.29,1493.4,1496.49,1494.6,Global Position Survey,9/11/1969,240.0,216,198.0,204.0,1295.4,1290.6,1293.0,3,-98.5868,47.905326,2437700.42,336060.8178,GPS - Surveyed,3.0,POINT (2437700.42 336060.8178),Spiritwood,20152,9374,61,75,3,2
109,3388,15106215CCC3,101,101c,402,False,10/14/1975,11/18/2024,sites.txt,,,4.75E+14,Benson,Sheyenne River,Warwick,Observation Well,PVC,2.0,1480.48,1477.68,1481.68,1478.88,Global Position Survey,10/10/1975,21.0,0,16.4,21.4,1461.28,1457.48,1459.38,1,-98.586655,47.891251,2437863.545,330929.1586,GPS - Surveyed,1.0,POINT (2437863.545 330929.1586),Warwick,17933,10459,68,75,1,0
140,30242,15106216BBB,102,102a,162,False,8/20/2003,11/18/2024,sites.txt,,,,Benson,Sheyenne River,Spiritwood,Observation Well,PVC,2.0,1523.26,1521.68,1524.46,1522.88,Global Position Survey,8/13/2003,240.0,228,208.0,218.0,1313.68,1304.88,1309.28,3,-98.608064,47.905512,2432484.988,335999.7939,GPS - Surveyed,3.0,POINT (2432484.988 335999.7939),Spiritwood,7761,9366,61,67,3,2
138,12308,15106216BCA2,103,103b,24,False,8/19/1977,12/30/1981,sites.txt,,,,Benson,Sheyenne River,Spiritwood,Irrigation Well,Steel,12.0,1506.0,1505.0,1507.2,1506.2,Topographic Map,5/31/1977,220.0,219,176.0,218.0,1329,1288.2,1308.6,3,-98.604405,47.901105,2433421.719,334414.8111,Calculated,3.0,POINT (2433421.719 334414.8111),Spiritwood,1594,9677,63,68,3,2
128,3390,15106217ACA,106,106a,18,False,5/4/1978,12/30/1981,sites.txt,,,,Benson,Devils Lake Basin,Spiritwood,Irrigation Well,Steel,12.0,1508.5,1504.0,1509.7,1505.2,Topographic Map,1/1/1977,201.0,0,175.0,197.0,1329,1308.2,1318.6,3,-98.615202,47.901082,2430774.359,334341.4189,Calculated,3.0,POINT (2430774.359 334341.4189),Spiritwood,1336,9673,63,64,3,2
139,30240,15106217BBB2,107,107a,162,False,8/20/2003,11/18/2024,sites.txt,,,,Benson,Sheyenne River,Spiritwood,Observation Well,PVC,2.0,1497.13,1495.22,1498.32,1496.41,Global Position Survey,8/14/2003,220.0,203,178.0,188.0,1317.22,1308.41,1312.815,3,-98.62971,47.905471,2427177.907,335855.1567,GPS - Surveyed,3.0,POINT (2427177.907 335855.1567),Spiritwood,7761,9358,61,59,3,2
125,3392,15106219AAA,108,108a,345,False,8/8/1979,10/9/2024,sites.txt,,,,Benson,Devils Lake Basin,Spiritwood,Observation Well - Plugged,PVC,1.25,1486.02,1484.13,1487.21,1485.32,Global Position Survey,7/31/1979,200.0,189,133.0,138.0,1351.13,1347.32,1349.225,3,-98.630527,47.890999,2427105.747,330572.9063,GPS - Surveyed,3.0,POINT (2427105.747 330572.9063),Spiritwood,16499,10598,69,59,3,2
124,3393,15106219ABB,109,109a,349,False,6/1/1978,11/18/2024,sites.txt,,,,Benson,Devils Lake Basin,Warwick,Observation Well,PVC,1.25,1484.8,1483.46,1485.99,1484.65,Global Position Survey,5/16/1978,80.0,53,30.0,33.0,1453.46,1451.65,1452.555,1,-98.640883,47.89099,2424565.884,330508.1168,GPS - Surveyed,1.0,POINT (2424565.884 330508.1168),Warwick,16972,10594,69,55,1,0
121,3395,15106219ADD1,110,110a,598,False,11/2/1967,11/18/2024,sites.txt,,,4.75E+14,Benson,Devils Lake Basin,Warwick,Observation Well,PVC,4.0,1482.24,1481.16,1483.43,1482.35,Global Position Survey,10/19/1967,80.0,45,33.0,38.0,1448.16,1444.35,1446.255,1,-98.630294,47.88404,2427224.53,328036.6164,GPS - Surveyed,1.0,POINT (2427224.53 328036.6164),Warwick,20836,11218,73,59,1,0
88,3396,15106219DDA,111,111a,169,False,4/7/1980,7/29/2002,sites.txt,,,,Benson,Devils Lake Basin,Warwick,Observation Well,PVC,4.0,1474.2,1468.2,1475.38,1469.38,Survey 0.1 ft,12/22/1979,70.0,0,40.0,45.0,1428.2,1424.38,1426.29,1,-98.631479,47.879313,2426975.695,326305.8059,Calculated,1.0,POINT (2426975.695 326305.8059),Warwick,8148,11527,75,58,1,0
126,3398,15106220ABB,112,112a,349,True,5/17/1979,11/18/2024,sites.txt,,,,Benson,Devils Lake Basin,Spiritwood,Observation Well,PVC,1.25,1482.56,1481.45,1483.75,1482.64,Global Position Survey,5/16/1978,200.0,181,148.0,151.0,1333.45,1331.64,1332.545,3,-98.618242,47.891003,2430118.756,330647.7725,GPS - Surveyed,3.0,POINT (2430118.756 330647.7725),Spiritwood,16622,10602,69,63,3,2
123,3399,15106220ACA,113,113a,21,False,9/14/1977,5/6/1980,sites.txt,,,,Benson,Devils Lake Basin,Undefined,Observation Well,PVC,1.25,1491.7,1490.0,1492.89,1491.19,Topographic Map,7/22/1977,200.0,185,168.0,183.0,1322,1308.19,1315.095,3,-98.615354,47.886657,2430865.871,329080.2885,Calculated,3.0,POINT (2430865.871 329080.2885),Undefined,965,10913,71,64,3,2
122,3400,15106220BDD,114,114a,29,False,5/4/1978,4/15/1982,sites.txt,,,,Benson,Devils Lake Basin,Warwick,Observation Well,Unknown,4.0,1484.0,1480.0,1485.19,1481.19,Topographic Map,,98.0,0,0.0,98.0,1480,1383.19,1431.595,1,-98.620735,47.884834,2429562.237,328383.2483,Calculated,1.0,POINT (2429562.237 328383.2483),Warwick,1442,11066,72,62,3,0
89,3401,15106220CDA,115,115a,90,False,8/8/1979,7/24/2003,sites.txt,,,,Benson,Sheyenne River,Warwick,Observation Well,PVC,1.25,1479.0,1476.9,1480.19,1478.09,Survey 0.1 ft,7/31/1979,140.0,115,78.0,81.0,1398.9,1397.09,1397.995,1,-98.620736,47.879351,2429610.803,326383.8119,Calculated,1.0,POINT (2429610.803 326383.8119),Warwick,8751,11531,75,62,1,0
120,3402,15106220DAD1,116,116a,332,True,8/7/1979,11/18/2024,sites.txt,,,,Benson,Sheyenne River,Spiritwood,Observation Well,PVC,1.25,1471.72,1469.45,1472.91,1470.64,Global Position Survey,7/31/1979,200.0,168,143.0,146.0,1326.45,1324.64,1325.545,3,-98.608739,47.880315,2432545.228,326807.414,GPS - Surveyed,3.0,POINT (2432545.228 326807.414),Spiritwood,16540,11536,75,67,3,2
119,3403,15106220DAD2,116,116b,332,False,8/7/1979,11/18/2024,sites.txt,,,,Benson,Sheyenne River,Warwick,Observation Well,PVC,1.25,1471.87,1469.53,1473.06,1470.72,Global Position Survey,7/31/1979,80.0,0,55.0,58.0,1414.53,1412.72,1413.625,1,-98.608787,47.880315,2432533.453,326807.1247,GPS - Surveyed,1.0,POINT (2432533.453 326807.1247),Warwick,16540,11536,75,67,1,0
127,3406,15106221BAA,118,118a,430,True,11/19/1969,11/18/2024,sites.txt,,,4.75E+14,Benson,Sheyenne River,Spiritwood,Observation Well,ABS,1.25,1485.58,1484.16,1486.78,1485.36,Global Position Survey,10/16/1969,200.0,196,160.0,166.0,1324.16,1319.36,1321.76,3,-98.600298,47.891015,2434519.608,330760.2344,GPS - Surveyed,3.0,POINT (2434519.608 330760.2344),Spiritwood,20088,10609,69,70,3,2
107,132779,15106222BBB3,119,119b,5015,False,8/26/2024,4/22/2025,sites_presens.txt,,,,Benson,,Spiritwood,Observation Well - PRESENS,PVC,2.0,1478.01,1475.19,1479.21,1476.39,Global Position Survey,8/1/2024,190.0,187,175.0,180.0,1300.19,1296.39,1298.29,3,-98.586744,47.890682,2437846.874,330721.1266,GPS - Handheld,3.0,POINT (2437846.874 330721.1266),Spiritwood,239,10614,69,75,3,2
108,3407,15106222BBB2,119,119a,398,False,11/19/1969,8/1/2024,sites.txt,,,4.75E+14,Benson,Sheyenne River,Spiritwood,Observation Well - Plugged,Steel,1.25,1476.27,1474.78,1477.47,1475.98,Global Position Survey,10/16/1969,200.0,184,171.0,177.0,1303.78,1298.98,1301.38,3,-98.586752,47.890694,2437844.803,330725.4537,GPS - Surveyed,3.0,POINT (2437844.803 330725.4537),Spiritwood,19979,10614,69,75,3,2
46,3409,15106223ABB,121,121a,361,True,6/1/1978,11/18/2024,sites.txt,,,,Benson,Sheyenne River,Spiritwood,Observation Well,PVC,1.25,1478.26,1476.25,1479.46,1477.45,Global Position Survey,5/12/1978,320.0,277,228.0,231.0,1248.25,1246.45,1247.35,3,-98.557377,47.88962,2445059.181,330514.2398,GPS - Surveyed,3.0,POINT (2445059.181 330514.2398),Spiritwood,16972,10625,69,86,3,2
57,13269,15106223ABB3,121,121c,249,False,8/15/1991,11/18/2024,sites.txt,,,,Benson,Sheyenne River,Warwick,Observation Well,PVC,2.0,1478.53,1476.45,1479.73,1477.65,Global Position Survey,7/31/1991,60.0,0,48.0,53.0,1428.45,1424.65,1426.55,1,-98.557482,47.889643,2445033.217,330521.977,GPS - Surveyed,1.0,POINT (2445033.217 330521.977),Warwick,12149,10625,69,86,1,0
58,3410,15106224AAA,122,122a,416,True,11/19/1969,11/18/2024,sites.txt,,,4.75E+14,Benson,Sheyenne River,Spiritwood,Observation Well,ABS,1.25,1492.78,1490.71,1493.97,1491.9,Global Position Survey,10/16/1969,220.0,208,197.0,203.0,1293.71,1288.9,1291.305,3,-98.525707,47.889187,2452830.678,330553.9493,GPS - Surveyed,3.0,POINT (2452830.678 330553.9493),Spiritwood,20088,10637,69,98,3,2
45,13271,15106224CCC3,123,123c,247,False,8/15/1991,11/18/2024,sites.txt,,,,Benson,Sheyenne River,Warwick,Observation Well,PVC,2.0,1480.93,1479.02,1482.12,1480.21,Global Position Survey,7/25/1991,30.0,0,18.0,23.0,1461.02,1457.21,1459.115,1,-98.546957,47.87612,2447739.719,325656.1089,GPS - Surveyed,1.0,POINT (2447739.719 325656.1089),Warwick,12149,11714,76,90,1,0
44,3411,15106224CCC,123,123a,359,True,6/1/1978,11/18/2024,sites.txt,,,,Benson,Sheyenne River,Spiritwood,Observation Well,PVC,1.25,1481.62,1479.25,1482.81,1480.44,Global Position Survey,5/11/1978,320.0,300,258.0,261.0,1221.25,1219.44,1220.345,3,-98.546958,47.876041,2447740.204,325627.2952,GPS - Surveyed,3.0,POINT (2447740.204 325627.2952),Spiritwood,16972,11714,76,90,3,2
42,13274,15106224DDC3,124,124c,247,False,8/15/1991,11/18/2024,sites.txt,,,,Benson,Sheyenne River,Warwick,Observation Well,PVC,2.0,1486.98,1484.89,1488.17,1486.08,Global Position Survey,7/25/1991,28.0,0,18.0,23.0,1466.89,1463.08,1464.985,1,-98.529384,47.875406,2452057.492,325505.6121,GPS - Surveyed,1.0,POINT (2452057.492 325505.6121),Warwick,12149,11875,77,96,1,0
43,13272,15106224DDC1,124,124a,253,False,8/15/1991,11/18/2024,sites.txt,,,,Benson,Sheyenne River,Spiritwood,Observation Well,PVC,2.0,1486.55,1484.53,1487.74,1485.72,Global Position Survey,7/25/1991,240.0,231,218.0,223.0,1266.53,1262.72,1264.625,3,-98.52926,47.875408,2452087.894,325507.1201,GPS - Surveyed,3.0,POINT (2452087.894 325507.1201),Spiritwood,12149,11875,77,96,3,2
40,13277,15106225DAA3,126,126c,233,False,8/9/1991,11/18/2024,sites.txt,,,,Benson,Sheyenne River,Warwick,Observation Well,PVC,2.0,1481.82,1481.87,1483,1483.05,Global Position Survey,7/31/1991,30.0,0,18.0,23.0,1463.87,1460.05,1461.96,1,-98.525646,47.86778,2453045.853,322748.3003,GPS - Surveyed,1.0,POINT (2453045.853 322748.3003),Warwick,12155,12497,81,98,1,0
41,13275,15106225DAA1,126,126a,242,False,8/8/1991,11/18/2024,sites.txt,,,,Benson,Sheyenne River,Spiritwood,Observation Well,PVC,2.0,1482.1,1482.17,1483.28,1483.35,Global Position Survey,7/30/1991,240.0,231,218.0,223.0,1264.17,1260.35,1262.26,3,-98.525659,47.867848,2453042.027,322773.0146,GPS - Surveyed,3.0,POINT (2453042.027 322773.0146),Spiritwood,12156,12497,81,98,3,2
104,3415,15106227AAA2,127,127b,432,True,9/16/1969,11/18/2024,sites.txt,,,,Benson,Sheyenne River,Spiritwood,Observation Well,ABS,1.25,1468.99,1466.93,1470.18,1468.12,Global Position Survey,9/10/1969,320.0,290,198.0,204.0,1268.93,1264.12,1266.525,3,-98.565542,47.875023,2443190.367,325140.9655,GPS - Surveyed,3.0,POINT (2443190.367 325140.9655),Spiritwood,20152,11862,77,83,3,2
105,30251,15106227AAA3,127,127c,160,False,8/20/2003,11/18/2024,sites.txt,,,,Benson,Sheyenne River,Warwick,Observation Well,PVC,2.0,1470.27,1467.04,1471.46,1468.23,Global Position Survey,8/20/2003,20.0,0,6.0,11.0,1461.04,1457.23,1459.135,1,-98.565511,47.875133,2443196.964,325181.2685,GPS - Surveyed,1.0,POINT (2443196.964 325181.2685),Warwick,7761,11862,77,83,1,0
106,3414,15106227AAA1,127,127a,283,False,11/15/1967,8/5/2003,sites.txt,,,4.75E+14,Benson,Sheyenne River,Warwick,Observation Well - Plugged,PVC,1.25,1471.4,1468.4,1472.59,1469.59,Survey 0.1 ft,1/1/1967,24.0,0,14.0,16.0,1454.4,1453.59,1453.995,1,-98.566656,47.875742,2442910.481,325396.2858,Calculated,1.0,POINT (2442910.481 325396.2858),Warwick,13047,11862,77,83,1,0
103,3417,15106227BAD,129,129a,40,False,7/27/1977,12/31/1981,sites.txt,,,,Benson,Sheyenne River,Spiritwood,Observation Well,PVC,1.25,1470.0,1468.0,1471.19,1469.19,Topographic Map,1/1/1976,200.0,187,157.0,187.0,1311,1282.19,1296.595,3,-98.577502,47.873901,2440266.396,324658.3211,Calculated,3.0,POINT (2440266.396 324658.3211),Spiritwood,1618,12013,78,79,3,2
102,3418,15106227DDDA,130,130a,310,False,4/4/1984,11/18/2024,sites.txt,,,4.75E+14,Benson,Sheyenne River,Spiritwood,Observation Well,PVC,1.25,1466.45,1463.95,1467.63,1465.13,Global Position Survey,9/1/1983,220.0,197,188.0,193.0,1275.95,1272.13,1274.04,3,-98.565438,47.864367,2443313.536,321255.8643,GPS - Surveyed,3.0,POINT (2443313.536 321255.8643),Spiritwood,14838,12792,83,83,3,2
85,12316,15106232CCB,132,132a,28,False,10/4/1967,8/6/1986,sites.txt,,,4.75E+14,Benson,Sheyenne River,Undefined,Observation Well,ABS,1.25,1470.0,1468.0,1471.18,1469.18,Topographic Map,1/1/1967,19.0,0,15.0,19.0,1453,1450.18,1451.59,1,-98.628798,47.850188,2427891.56,315701.053,Calculated,1.0,POINT (2427891.56 315701.053),Undefined,6881,14009,91,60,1,0
87,130495,15106233CDA,133,133a,17,False,9/19/1979,11/14/1981,sites.txt,,,,Benson,Sheyenne River,Warwick,Test Well,Plastic,4.0,1470.3,1470.0,1471.48,1471.18,Topographic Map,9/7/1979,60.0,0,40.0,50.0,1430,1421.18,1425.59,1,-98.599026,47.850179,2435199.313,315876.8031,Calculated,1.0,POINT (2435199.313 315876.8031),Warwick,787,14020,91,71,1,0
86,130493,15106233CDB,134,134a,16,False,9/19/1979,11/19/1981,sites.txt,,,,Benson,Sheyenne River,Warwick,Test Well,Plastic,4.0,1470.2,1470.0,1471.38,1471.18,Topographic Map,9/7/1979,100.0,0,60.0,80.0,1410,1391.18,1400.59,1,-98.60172,47.850179,2434538.062,315860.4866,Calculated,2.0,POINT (2434538.062 315860.4866),Warwick,792,14019,91,70,3,0
101,127032,15106234DDD1,136,136b,98,False,6/7/2011,11/18/2024,sites.txt,,,,Benson,Sheyenne River,Spiritwood,Observation Well,PVC,2.0,1469.17,1466.09,1470.35,1467.27,Global Position Survey,10/13/2010,175.0,0,166.0,171.0,1300.09,1296.27,1298.18,3,-98.565711,47.847527,2443400.85,315113.4331,GPS - Surveyed,3.0,POINT (2443400.85 315113.4331),Spiritwood,4913,14187,92,83,3,2
100,3421,15106234DDD,136,136a,339,False,11/15/1967,9/21/2010,sites.txt,,,4.75E+14,Benson,Sheyenne River,Spiritwood,Observation Well - Plugged,ABS,1.25,1467.9,1465.8,1469.08,1466.98,Global Position Survey,10/19/1967,220.0,180,167.0,170.0,1298.8,1296.98,1297.89,3,-98.565747,47.847522,2443392.059,315111.3878,GPS - Surveyed,3.0,POINT (2443392.059 315111.3878),Spiritwood,15651,14187,92,83,3,2
47,3422,15106236AAA,137,137a,317,True,4/3/1984,11/18/2024,sites.txt,,,,Benson,Sheyenne River,Spiritwood,Observation Well,PVC,1.25,1479.12,1476.81,1480.3,1477.99,Global Position Survey,9/2/1983,260.0,248,198.0,203.0,1278.81,1274.99,1276.9,3,-98.525676,47.860622,2453105.437,320137.961,GPS - Surveyed,3.0,POINT (2453105.437 320137.961),Spiritwood,14839,13117,85,98,3,2
39,3423,15106236CCC,138,138a,412,True,9/16/1969,11/18/2024,sites.txt,,,4.75E+14,Benson,Sheyenne River,Spiritwood,Observation Well,ABS,1.25,1463.24,1461.16,1464.42,1462.34,Global Position Survey,9/10/1969,270.0,262,197.0,203.0,1264.16,1259.34,1261.75,3,-98.544008,47.84662,2448736.525,314917.298,GPS - Surveyed,3.0,POINT (2448736.525 314917.298),Spiritwood,20152,14350,93,91,3,2
118,12320,15106314AAA4,140,140a,107,False,1/4/1952,11/17/1993,sites.txt,,,4.75E+14,Benson,Devils Lake Basin,Undefined,Observation Well,Steel,1.25,1492.0,1489.0,1493.18,1490.18,Topographic Map,10/10/1950,100.0,97,0.0,31.0,1489,1459.18,1474.09,1,-98.674623,47.904571,2416173.218,335262.6323,Calculated,1.0,POINT (2416173.218 335262.6323),Undefined,15293,9496,62,42,1,0
117,3425,15106316DDA,141,141a,61,False,1/13/1968,8/6/1986,sites.txt,,,4.75E+14,Benson,Devils Lake Basin,Undefined,Observation Well,Steel,1.25,1471.0,1470.0,1472.17,1471.17,Topographic Map,1/1/1968,33.0,0,20.0,25.0,1450,1446.17,1448.085,1,-98.717809,47.893768,2405675.076,331074.9792,Calculated,1.0,POINT (2405675.076 331074.9792),Undefined,6780,10410,68,26,1,0
115,21261,15106320CADA,159,159a,17,False,10/29/1990,3/9/1994,sites.txt,,,4.75E+14,Benson,Devils Lake Basin,Warwick,Observation Well,Unknown,2.0,1481.4,1479.4,1482.57,1480.57,Survey 0.1 ft,10/16/1990,213.0,0,0.0,147.0,1479.4,1333.57,1406.485,1,-98.750016,47.881435,2397878.319,326396.2461,,1.0,POINT (2397878.319 326396.2461),Warwick,1227,11483,75,14,3,0
110,12348,15106320CDD11,163,163a,30,False,9/5/1967,3/9/1994,sites.txt,,,4.75E+14,Benson,Devils Lake Basin,Undefined,Production Well,Steel,14.0,1484.45,1482.45,1485.62,1483.62,Topographic Map,6/6/1960,145.0,0,0.0,136.0,1482.45,1347.62,1415.035,1,-98.750264,47.87738,2397851.092,324916.1093,Calculated,1.0,POINT (2397851.092 324916.1093),Undefined,9682,11793,77,14,3,0
111,12351,15106320DCC1,165,165a,349,False,6/1/1978,11/18/2024,sites.txt,,,,Benson,Devils Lake Basin,Undefined,Observation Well,PVC,1.25,1483.9,1481.98,1485.07,1483.15,Global Position Survey,5/11/1978,60.0,0,37.0,40.0,1444.98,1443.15,1444.065,1,-98.748202,47.877406,2398356.759,324937.0952,GPS - Surveyed,1.0,POINT (2398356.759 324937.0952),Undefined,16972,11794,77,15,1,0
98,3428,15106320DDC,166,166a,242,False,6/27/1978,9/29/2010,sites.txt,,,,Benson,Devils Lake Basin,Warwick,Observation Well - Plugged,PVC,1.25,1484.14,1482.17,1485.31,1483.34,Global Position Survey,5/11/1978,60.0,0,33.0,36.0,1449.17,1447.34,1448.255,1,-98.742329,47.876542,2399804.808,324654.858,GPS - Surveyed,1.0,POINT (2399804.808 324654.858),Warwick,11782,11951,78,17,1,0
99,127033,15106320DDC1,166,166b,99,False,11/2/2010,11/18/2024,sites.txt,,,,Benson,Devils Lake Basin,Warwick,Observation Well,PVC,2.0,1484.86,1482.23,1486.03,1483.4,Global Position Survey,10/14/2010,43.0,0,38.0,43.0,1444.23,1440.4,1442.315,1,-98.742377,47.876544,2399793.015,324655.3185,GPS - Surveyed,1.0,POINT (2399793.015 324655.3185),Warwick,5130,11951,78,17,1,0
112,3430,15106320DDD2,167,167a,16,False,6/28/1978,6/5/1980,sites.txt,,,,Benson,Devils Lake Basin,Warwick,Observation Well - Plugged,PVC,1.25,1479.4,1480.0,1480.57,1481.17,Topographic Map,5/18/1978,80.0,0,61.0,64.0,1419,1417.17,1418.085,1,-98.739403,47.87747,2400514.931,325009.6773,Calculated,1.0,POINT (2400514.931 325009.6773),Warwick,708,11797,77,18,1,0
116,3431,15106322CBB,168,168a,335,True,5/17/1979,11/18/2024,sites.txt,,,,Benson,Devils Lake Basin,Warwick,Observation Well,PVC,1.25,1473.85,1471.98,1475.02,1473.15,Global Position Survey,5/18/1978,140.0,0,50.0,53.0,1421.98,1420.15,1421.065,1,-98.715718,47.883627,2406273.623,327388.7308,GPS - Surveyed,1.0,POINT (2406273.623 327388.7308),Warwick,16622,11341,74,27,1,0
114,3433,15106325AAB,169,169a,377,True,6/26/1968,10/14/2024,sites.txt,,,4.75E+14,Benson,Devils Lake Basin,Spiritwood,Observation Well,ABS,1.25,1471.25,1469.08,1472.43,1470.26,Global Position Survey,6/24/1968,140.0,0,90.0,93.0,1379.08,1377.26,1378.17,1,-98.656892,47.876507,2420765.905,325132.276,GPS - Surveyed,4.0,POINT (2420765.905 325132.276),Spiritwood,20564,11828,77,49,3,0
113,3438,15106325BBB,170,170a,167,False,11/15/1967,10/14/2024,sites.txt,,,4.75E+14,Benson,Devils Lake Basin,Warwick,Observation Well,ABS,1.25,1475.31,1473.43,1476.49,1474.61,Global Position Survey,1/1/1967,53.0,0,45.0,47.0,1428.43,1427.61,1428.02,1,-98.673074,47.876484,2416796.112,325029.2616,GPS - Surveyed,1.0,POINT (2416796.112 325029.2616),Warwick,20788,11822,77,43,1,0
96,3439,15106325BCB,171,171a,225,False,8/8/1979,11/2/2010,sites.txt,,,,Benson,Devils Lake Basin,Warwick,Observation Well,PVC,4.0,1472.72,1470.65,1473.9,1471.83,Global Position Survey,,50.0,0,30.0,50.0,1440.65,1421.83,1431.24,1,-98.672905,47.872676,2416870.533,323641.5991,GPS - Surveyed,1.0,POINT (2416870.533 323641.5991),Warwick,11409,12132,79,43,1,0
94,3442,15106326BCC,172,172a,44,False,10/5/1967,8/6/1986,sites.txt,,,,Benson,Devils Lake Basin,Warwick,Observation Well,Steel,1.25,1468.5,1467.0,1469.67,1468.17,Topographic Map,1/1/1967,14.0,0,10.0,12.0,1457,1456.17,1456.585,1,-98.693536,47.870157,2411830.205,322603.5478,Calculated,1.0,POINT (2411830.205 322603.5478),Warwick,6880,12434,81,35,1,0
92,3443,15106326CBB,173,173a,44,False,10/5/1967,3/16/1994,sites.txt,,,,Benson,Devils Lake Basin,Warwick,Observation Well,Steel,1.25,1468.55,1467.55,1469.72,1468.72,Topographic Map,1/1/1967,16.0,0,14.0,16.0,1453.55,1452.72,1453.135,1,-98.693519,47.868315,2411850.139,321931.928,Calculated,1.0,POINT (2411850.139 321931.928),Warwick,9659,12589,82,35,1,0
95,3448,15106329AAC2,182,182a,583,False,8/31/1951,11/18/2024,sites.txt,,,4.75E+14,Benson,Devils Lake Basin,Warwick,Observation Well - Recorder,Steel,6.0,1480.19,1479.78,1481.36,1480.95,Global Position Survey,6/4/1951,80.0,0,57.0,67.0,1422.78,1413.95,1418.365,1,-98.743824,47.872928,2399468.092,323328.5584,GPS - Surveyed,1.0,POINT (2399468.092 323328.5584),Warwick,26743,12261,80,17,1,0
97,12360,15106329ABB1,187,187a,75,False,9/5/1967,9/29/1980,sites.txt,,,4.75E+14,Benson,Devils Lake Basin,Undefined,Observation Well,Steel,1.25,1482.0,1480.0,1483.17,1481.17,Topographic Map,,70.0,0,0.0,70.0,1480,1411.17,1445.585,1,-98.747506,47.875601,2398542.497,324282.7452,Calculated,1.0,POINT (2398542.497 324282.7452),Undefined,4773,11949,78,15,1,0
93,21283,15106329ADDB,189,189a,19,False,11/1/1990,3/9/1994,sites.txt,,,4.75E+14,Benson,Devils Lake Basin,Warwick,Observation Well,Unknown,2.0,1478.69,1476.69,1479.86,1477.86,Survey 0.01 ft,10/31/1990,193.0,0,0.0,170.0,1476.69,1307.86,1392.275,1,-98.740044,47.870633,2400414.673,322512.8133,,2.0,POINT (2400414.673 322512.8133),Warwick,1224,12417,81,18,3,0
91,3453,15106329DCC,193,193a,123,False,10/4/1967,11/19/1994,sites.txt,,,4.75E+14,Benson,Devils Lake Basin,Warwick,Observation Well,Steel,1.25,1477.29,1475.29,1478.46,1476.46,Survey 0.01 ft,10/4/1967,47.0,0,40.0,42.0,1435.29,1434.46,1434.875,1,-98.747519,47.862844,2398645.214,319630.533,Calculated,1.0,POINT (2398645.214 319630.533),Warwick,9908,13034,85,15,1,0
90,21298,15106332ABD2,204,204a,40,False,10/14/1975,3/15/1994,sites.txt,,, ,Benson,Devils Lake Basin,Warwick,Observation Well,Unknown,2.0,1473.59,1470.62,1474.76,1471.79,Survey 0.01 ft,10/9/1975,23.0,0,0.0,17.0,1470.62,1454.79,1462.705,1,-98.744684,47.859245,2399370.863,318333.925,Calculated,1.0,POINT (2399370.863 318333.925),Warwick,6727,13345,87,16,1,0
79,3458,15106335CCC,208,208a,79,False,8/13/1968,11/19/1994,sites.txt,,,4.75E+14,Benson,Devils Lake Basin,Warwick,Observation Well,Steel,1.25,1475.77,1473.77,1476.94,1474.94,Survey 0.01 ft,1/1/1968,26.0,25,19.0,24.0,1454.77,1450.94,1452.855,1,-98.693431,47.848375,2412042.379,314660.9713,Calculated,1.0,POINT (2412042.379 314660.9713),Warwick,9594,14295,93,36,1,0
80,3459,15106335DCC,209,209a,41,False,8/13/1968,3/16/1994,sites.txt,,,4.75E+14,Benson,Devils Lake Basin,Warwick,Observation Well,Steel,1.25,1467.5,1465.0,1468.67,1466.17,Topographic Map,1/1/1968,51.0,50,33.0,38.0,1432,1428.17,1430.085,1,-98.682637,47.848342,2414692.253,314711.298,Calculated,1.0,POINT (2414692.253 314711.298),Warwick,9346,14299,93,40,1,0
81,3460,15106336CCC,210,210a,31,False,8/13/1968,8/6/1986,sites.txt,,,4.75E+14,Benson,Devils Lake Basin,Warwick,Observation Well,Steel,1.25,1470.0,1468.0,1471.17,1469.17,Topographic Map,8/13/1968,82.0,0,19.0,24.0,1449,1445.17,1447.085,1,-98.671802,47.848317,2417352.117,314765.1525,Calculated,1.0,POINT (2417352.117 314765.1525),Warwick,6567,14303,93,44,1,0
149,9717,15206221DBD,212,212a,85,False,9/26/1973,10/30/1997,sites.txt,,,,Ramsey,Undifferen,Spiritwood,Observation Well - Plugged,ABS,1.25,1446.7,1444.6,1447.93,1445.83,Survey 0.1 ft,8/22/1973,180.0,158,124.0,130.0,1320.6,1315.83,1318.215,3,-98.596911,47.966705,2434667.941,358381.8116,Calculated,3.0,POINT (2434667.941 358381.8116),Spiritwood,7719,4099,27,70,3,2
73,9719,15206227AAA,213,213a,208,False,10/5/1973,8/4/2004,sites.txt,,,,Ramsey,Undifferen,Spiritwood,Observation Well - Plugged,ABS,4.0,1451.3,1450.3,1452.53,1451.53,Survey 0.1 ft,8/24/1973,200.0,190,138.0,143.0,1312.3,1308.53,1310.415,3,-98.569948,47.961332,2441320.311,356586.8979,Calculated,3.0,POINT (2441320.311 356586.8979),Spiritwood,10904,4419,29,80,3,2
148,9720,15206228DBD,214,214a,67,False,9/26/1973,10/2/1997,sites.txt,,,,Ramsey,Undifferen,Spiritwood,Observation Well - Plugged,ABS,1.25,1446.8,1444.8,1448.02,1446.02,Survey 0.1 ft,8/22/1973,240.0,215,137.0,143.0,1307.8,1303.02,1305.41,3,-98.596876,47.952163,2434807.615,353079.1273,Calculated,3.0,POINT (2434807.615 353079.1273),Spiritwood,7278,5339,35,70,3,2
144,9724,15206233CDA4,215,215d,245,False,9/30/1987,7/16/2024,sites.txt,,,,Ramsey,Devils Lake Basin,Clay Sediments,Observation Well - Plugged,PVC,1.25,1487.79,1486.73,1489,1487.94,Global Position Survey,9/21/1987,140.0,0,133.0,138.0,1353.73,1349.94,1351.835,2,-98.599194,47.934683,2434397.171,346690.8379,GPS - Surveyed,2.0,POINT (2434397.171 346690.8379),Clay Sediments,13439,6734,44,70,3,1
145,9723,15206233CDA3,215,215c,244,False,9/30/1987,7/16/2024,sites.txt,,,,Ramsey,Devils Lake Basin,Spiritwood,Observation Well - Plugged,PVC,1.25,1488.34,1486.77,1489.55,1487.98,Global Position Survey,9/21/1987,180.0,0,168.0,173.0,1318.77,1314.98,1316.875,3,-98.599237,47.934685,2434386.616,346691.3071,GPS - Surveyed,3.0,POINT (2434386.616 346691.3071),Spiritwood,13439,6734,44,70,3,2
147,9726,15206233DCB,216,216a,259,False,9/27/1973,7/22/2024,sites.txt,,,,Ramsey,Devils Lake Basin,Spiritwood,Observation Well - Plugged,PVC,1.25,1486.05,1483.85,1487.26,1485.06,Global Position Survey,8/22/1973,380.0,344,200.0,203.0,1283.85,1282.06,1282.955,3,-98.598647,47.934689,2434531.161,346696.336,GPS - Surveyed,3.0,POINT (2434531.161 346696.336),Spiritwood,18561,6734,44,70,3,2
146,132768,15206233DCC1,217,217a,5008,False,7/22/2024,4/22/2025,sites_presens.txt,,,,Ramsey,,Spiritwood,Observation Well - PRESENS,PVC,2.0,1487.6,1485.3,1488.81,1486.51,Global Position Survey,7/15/2024,330.0,0,324.0,329.0,1161.3,1157.51,1159.405,3,-98.598846,47.934685,2434482.432,346693.673,GPS - Handheld,4.0,POINT (2434482.432 346693.673),Spiritwood,274,6734,44,70,3,2
72,13278,15206234AAD1,218,218a,240,False,8/8/1991,11/18/2024,sites.txt,,,,Ramsey,Devils Lake Basin,Spiritwood,Observation Well,PVC,2.0,1461.42,1459.61,1462.64,1460.83,Global Position Survey,7/22/1991,200.0,175,158.0,163.0,1301.61,1297.83,1299.72,3,-98.568899,47.944033,2441735.488,350285.1377,GPS - Surveyed,3.0,POINT (2441735.488 350285.1377),Spiritwood,12156,5970,39,81,3,2
71,13280,15206234DDA,219,219a,248,True,8/9/1991,11/18/2024,sites.txt,,,,Ramsey,Devils Lake Basin,Spiritwood,Observation Well,PVC,2.0,1531.53,1529.62,1532.75,1530.84,Global Position Survey,7/23/1991,280.0,267,238.0,243.0,1291.62,1287.84,1289.73,3,-98.568841,47.936905,2441814.906,347686.2225,GPS - Surveyed,3.0,POINT (2441814.906 347686.2225),Spiritwood,12155,6590,43,81,3,2
153,9716,15206207ACA2,220,220b,163,False,10/2/1986,9/8/2025,mel_added,,,,Ramsey,Devils Lake Basin,Undefined,Observation Well,PVC,1.25,1494.66,1492.71,1495.9,1493.95,Global Position Survey,8/21/1973,80.0,0,57.0,60.0,1435.71,1433.95,1434.83,1,-98.639028,48.001752,2424044.396,370910.1315,GPS - Surveyed,1.0,POINT (2424044.396 370910.1315),Undefined,14221,1138,8,54,3,0
151,127031,15206207ACA3,220,220c,103,True,11/2/2010,9/8/2025,mel_added,,,,Ramsey,Devils Lake Basin,Spiritwood,Observation Well,PVC,2.0,1495.69,1492.97,1496.93,1494.21,Global Position Survey,10/13/2010,203.0,0,199.0,204.0,1293.97,1290.21,1292.09,3,-98.639023,48.001711,2424045.981,370895.2097,GPS - Surveyed,4.0,POINT (2424045.981 370895.2097),Spiritwood,5424,1138,8,54,3,2
152,9715,15206207ACA1,220,220a,163,False,9/26/1973,9/21/2010,mel_added,,,,Ramsey,Devils Lake Basin,Spiritwood,Observation Well - Plugged,ABS,1.25,1494.64,1492.58,1495.88,1493.82,Global Position Survey,8/21/1973,300.0,285,197.0,203.0,1295.58,1290.82,1293.2,3,-98.639026,48.00172,2424045.167,370898.4739,GPS - Surveyed,4.0,POINT (2424045.167 370898.4739),Spiritwood,13509,1138,8,54,3,2
150,30239,15206216BBB,221,221a,165,True,8/20/2003,9/8/2025,mel_added,,,,Ramsey,Sheyenne River,Spiritwood,Observation Well,PVC,2.0,1496.32,1492.86,1497.56,1494.1,Global Position Survey,8/14/2003,200.0,184,168.0,173.0,1324.86,1321.1,1322.98,3,-98.611694,47.990936,2430830.803,367128.821,GPS - Surveyed,3.0,POINT (2430830.803 367128.821),Spiritwood,8055,2078,14,64,3,2
