site_index,loc_id,group number,group,obs_count,index_well_flag,First date,Last date,source_for_data,drop_flag,drop_note,USGS_ID,County,Basin,assigned aquifer,Purpose,Casing,Diameter,Measuring_Point_Elev_NVGD29,Land_Surface_Elev_NVGD29,Measuring_Point_Elev_NAVD88,Land_Surface_Elev_NAVD88,Elev_Type,Date_Drilled,Total_Depth,Bedrock_Depth,Top_Screen,Bottom_Screen,top_screen_ele,bot_screen_ele,mid_pt,manually_corrected_lay,row,col,Longitude,Latitude,x_2265,y_2265,Coord_Type,top_lay1,bot_lay1,bot_lay2,bot_lay3,bot_lay4,mid_pt_layer
9307,14906105DDD,1,1a,22,FALSE,2/14/1980,11/14/2017,sites.txt,TRUE,data questionable - 80 foot jumps,,Nelson,Sheyenne River,Spiritwood,Observation Well - Plugged,ABS,1.25,1479,1477,1480.17,1478.17,Topographic Map,6/4/1970,320,311,197,203,1280,1275.17,1277.585,3,148,115,-98.484134,47.745779,2464396.365,278525.7086,Calculated,1473.618193,1405.425781,1349.158081,1265.187012,1165.187012,3
9348,15006105DDD,2,2a,228,FALSE,7/17/1968,8/5/2003,sites.txt,TRUE,disagree with new well - keep newer data,,Nelson,Sheyenne River,Spiritwood,Observation Well - Plugged,ABS,1.25,1455.8,1454.2,1456.96,1455.36,Survey 0.1 ft,6/25/1968,200,170,167,170,1287.2,1285.36,1286.28,3,100,114,-98.484314,47.832701,2463522.131,310219.8194,Calculated,1459.508779,1397.589966,1319.446655,1298.358765,1198.358765,4
30250,15006105DDD2,2,2b,153,FALSE,9/2/2003,11/18/2024,sites.txt,,,,Nelson,Sheyenne River,Spiritwood,Observation Well,PVC,2,1456.08,1454.12,1457.24,1455.28,Global Position Survey,8/20/2003,175,0,158,163,1296.12,1292.28,1294.2,3,100,114,-98.48318,47.832184,2463805.498,310038.5919,GPS - Surveyed,1459.508779,1397.589966,1319.446655,1298.358765,1198.358765,4
9349,15006106BBB,3,3a,373,TRUE,10/16/1969,11/18/2024,sites.txt,,,,Nelson,Sheyenne River,Spiritwood,Observation Well,ABS,1.25,1464.33,1462.51,1465.5,1463.68,Global Position Survey,7/28/1969,320,301,197,203,1265.51,1260.68,1263.095,3,93,98,-98.5254,47.846024,2453309.715,314816.5728,GPS - Surveyed,1461.705082,1371.393066,1313.69751,1182.567139,1082.567139,3
30795,15006106BBC2,4,4a,11,FALSE,10/8/2003,8/3/2004,sites.txt,TRUE,less than 15 pts,,Nelson,Sheyenne River,Spiritwood,Observation Well - Plugged,PVC,2,1460.45,1458.17,1461.62,1459.34,Global Position Survey,9/29/2003,290,0,265,270,1193.17,1189.34,1191.255,3,94,99,-98.524184,47.843497,2453631.854,313902.768,GPS - Surveyed,1456.57956,1369.427368,1314.873291,1203.753418,1103.753418,4
30799,15006106BBC3,4,4b,7,FALSE,10/8/2003,12/2/2003,sites.txt,TRUE,less than 15 pts,,Nelson,Sheyenne River,Spiritwood,Observation Well,PVC,1.25,,,na,,Calc from known WL,,0,0,287,290,na,na,,3,94,99,-98.524183,47.843498,2453632.09,313903.1389,Calculated,1456.57956,1369.427368,1314.873291,1203.753418,1103.753418,
9352,15006106CCC2,5,5a,325,TRUE,11/9/1983,11/18/2024,sites.txt,,,,Nelson,Sheyenne River,Spiritwood,Observation Well,PVC,1.25,1470.3,1468.07,1471.47,1469.24,Global Position Survey,9/7/1983,320,291,198,203,1270.07,1266.24,1268.155,3,101,99,-98.52524,47.831936,2453480.777,309680.433,GPS - Surveyed,1469.031546,1348.983643,1282.580933,1186.203125,1086.203125,3
30221,15006116DDD,6,6a,154,FALSE,8/20/2003,11/18/2024,sites.txt,,,,Nelson,Sheyenne River,Spiritwood,Observation Well,PVC,2,1465.94,1463.05,1467.09,1464.2,Global Position Survey,7/31/2003,180,165,148,153,1315.05,1311.2,1313.125,3,116,123,-98.461853,47.802955,2469324.092,299518.4841,GPS - Surveyed,1462.687305,1381.203003,1340.571533,1300.749634,1200.749634,3
30220,15006117AAA,7,7a,121,FALSE,8/19/2003,11/18/2024,sites.txt,,,,Nelson,Sheyenne River,Spiritwood,Observation Well,PVC,2,1465.88,1463.81,1467.04,1464.97,Global Position Survey,7/30/2003,200,188,158,163,1305.81,1301.97,1303.89,3,109,115,-98.482969,47.815747,2464014.357,304046.34,GPS - Surveyed,1466.272214,1380.543945,1324.913574,1283.429199,1183.429199,3
21537,15006117DCC,8,8a,17,FALSE,4/15/1986,11/13/2017,sites.txt,,,,Nelson,Sheyenne River,Warwick,Observation Well - Plugged,PVC,2,1442.69,1440.69,1443.85,1441.85,Topographic Map,9/25/1985,50,0,30,35,1410.69,1406.85,1408.77,1,116,111,-98.492372,47.803763,2461818.876,299616.1019,Calculated,1447.30332,1382.324951,1334.593994,1239.838135,1139.838135,1
30218,15006118BBB3,9,9a,165,FALSE,8/19/2003,11/18/2024,sites.txt,,,,Nelson,Sheyenne River,Spiritwood,Observation Well,PVC,2,1459.44,1457.37,1460.61,1458.54,Global Position Survey,7/29/2003,339,0,292,302,1165.37,1156.54,1160.955,3,109,99,-98.525348,47.816585,2453597.854,304082.0643,GPS - Surveyed,1453.436993,1348.609253,1228.54126,1166.050781,1066.050781,4
30219,15006118DAA,10,10a,9,FALSE,8/19/2003,8/3/2004,sites.txt,TRUE,less than 15 pts,,Nelson,Sheyenne River,Spiritwood,Observation Well - Plugged,PVC,2,1445.21,1442.91,1446.37,1444.07,Global Position Survey,7/30/2003,265,251,168,173,1274.91,1271.07,1272.99,3,112,106,-98.504932,47.810104,2458673.391,301848.0907,GPS - Surveyed,1448.806625,1361.051758,1302.689697,1199.265381,1099.265381,3
9357,15006119BBB,11,11a,370,TRUE,7/16/1970,11/18/2024,sites.txt,,,,Nelson,Sheyenne River,Spiritwood,Observation Well,ABS,1.25,1462.47,1460.23,1463.64,1461.4,Global Position Survey,6/6/1970,300,291,175,181,1285.23,1280.4,1282.815,3,117,100,-98.522536,47.802905,2454416.645,299111.4393,GPS - Surveyed,1461.055392,1387.998657,1323.902832,1178.46167,1078.46167,3
9359,15006129AAA,12,12a,16,FALSE,4/15/1986,3/8/1994,sites.txt,,,,Nelson,Sheyenne River,Unknown,Observation Well - Plugged,PVC,2,1459,1457,1460.16,1458.16,Topographic Map,9/25/1985,110,0,65,70,1392,1388.16,1390.08,1,125,115,-98.484183,47.787429,2463986.599,293712.6347,Calculated,1456.712286,1362.282959,1320.56543,1290.474854,1190.474854,1
9360,15006130ABB,13,13a,376,TRUE,7/24/1968,11/18/2024,sites.txt,,,,Nelson,Sheyenne River,Spiritwood,Observation Well,ABS,1.25,1460.28,1458.59,1461.45,1459.76,Global Position Survey,6/18/1968,380,320,237,240,1221.59,1219.76,1220.675,3,125,104,-98.511973,47.788193,2457150.213,293813.6331,GPS - Surveyed,1456.169489,1390.960327,1326.18103,1201.763794,1101.763794,3
30797,15006201AAC,14,14a,161,FALSE,10/8/2003,11/18/2024,sites.txt,,,,Eddy,Sheyenne River,Spiritwood,Observation Well,PVC,2,1463.21,1461.44,1464.38,1462.61,Global Position Survey,9/30/2003,290,287,265,270,1196.44,1192.61,1194.525,3,94,97,-98.52874,47.843092,2452517.233,313726.4147,GPS - Surveyed,1461.43898,1364.913208,1315.157593,1175.721802,1075.721802,3
30796,15006201AAD,15,15a,164,FALSE,10/8/2003,11/18/2024,sites.txt,,,,Eddy,Sheyenne River,Spiritwood,Observation Well,PVC,2,1463.35,1461.51,1464.52,1462.68,Global Position Survey,9/30/2003,290,0,265,270,1196.51,1192.68,1194.595,3,95,98,-98.526,47.842772,2453192.844,313626.9626,GPS - Surveyed,1456.560759,1365.258911,1316.026855,1183.494995,1083.494995,3
30216,15006201CDC,16,16a,129252,FALSE,8/20/2003,4/22/2025,sites_presens.txt,,,,Eddy,Sheyenne River,Spiritwood,Observation Well - PRESENS,PVC,2,1474.31,1472.52,1475.48,1473.69,Global Position Survey,7/28/2003,300,279,258,263,1214.52,1210.69,1212.605,3,100,94,-98.538511,47.832966,2450212.719,309972.7168,GPS - Surveyed,1472.10229,1365.3479,1328.355591,1180.137939,1080.137939,3
131155,15006201CDC2,16,16b,11937,FALSE,9/14/2022,4/21/2025,sites.txt,TRUE,duplicate data,,Eddy,Sheyenne River,Spiritwood,Observation Well,,0,1474.31,1472.52,1475.48,1473.69,Global Position Survey,11/17/2020,300,279,258,263,1214.52,1210.69,1212.605,3,100,94,-98.53851,47.83296,2450213.02,309970.5351,GPS - Surveyed,1472.10229,1365.3479,1328.355591,1180.137939,1080.137939,3
31748,15006201DCBB1,17,17a,135,FALSE,6/21/2005,11/18/2024,sites.txt,TRUE,duplicate data,,Eddy,Sheyenne River,Spiritwood,Observation Well,PVC,2,1474.79,1472.84,1475.96,1474.01,Global Position Survey,6/1/2005,320,317,298,308,1174.84,1166.01,1170.425,3,99,94,-98.536415,47.835342,2450705.249,310852.2402,GPS - Surveyed,1472.066447,1369.611938,1332.684204,1176.495605,1076.495605,4
31749,15006201DCBB2,17,17b,133,FALSE,6/21/2005,11/18/2024,sites.txt,TRUE,duplicate data,,Eddy,Sheyenne River,Spiritwood,Observation Well,PVC,2,1475.16,1472.92,1476.33,1474.09,Global Position Survey,6/1/2005,240,0,217,222,1255.92,1252.09,1254.005,3,99,94,-98.536356,47.835341,2450719.744,310852.245,GPS - Surveyed,1472.066447,1369.611938,1332.684204,1176.495605,1076.495605,3
31750,15006201DCBB3,17,17c,132,FALSE,6/21/2005,11/18/2024,sites.txt,,,,Eddy,Sheyenne River,Spiritwood,Observation Well,PVC,2,1474.98,1473.34,1476.15,1474.51,Global Position Survey,6/1/2005,160,0,146,151,1327.34,1323.51,1325.425,3,99,94,-98.536292,47.835341,2450735.457,310852.6458,GPS - Surveyed,1472.066447,1369.611938,1332.684204,1176.495605,1076.495605,3
31751,15006201DCBB4,17,17d,132,FALSE,6/22/2005,11/18/2024,sites.txt,,,,Eddy,Sheyenne River,Clay Sediments,Observation Well,PVC,2,1475.33,1473.59,1476.5,1474.76,Global Position Survey,6/2/2005,110,0,98,103,1375.59,1371.76,1373.675,2,99,94,-98.536242,47.835341,2450747.733,310852.9589,GPS - Surveyed,1472.066447,1369.611938,1332.684204,1176.495605,1076.495605,1
31752,15006201DCBB5,17,17e,131,FALSE,6/22/2005,11/18/2024,sites.txt,TRUE,duplicate data,,Eddy,Sheyenne River,Clay Sediments,Observation Well,PVC,2,1475.43,1473.58,1476.6,1474.75,Global Position Survey,6/2/2005,46,0,38,43,1435.58,1431.75,1433.665,1,99,94,-98.536202,47.835339,2450757.573,310852.4802,GPS - Surveyed,1472.066447,1369.611938,1332.684204,1176.495605,1076.495605,1
31753,15006201DCBB6,17,17f,132,FALSE,6/21/2005,11/18/2024,sites.txt,,,,Eddy,Sheyenne River,Warwick,Observation Well,PVC,2,1475.43,1473.73,1476.6,1474.9,Global Position Survey,6/2/2005,16,0,10,15,1463.73,1459.9,1461.815,1,99,94,-98.536143,47.835339,2450772.058,310852.8497,GPS - Surveyed,1472.066447,1369.611938,1332.684204,1176.495605,1076.495605,1
31738,15006201DDA1,18,18a,148,FALSE,6/21/2005,11/18/2024,sites.txt,TRUE,duplicate data,,Eddy,Sheyenne River,Spiritwood,Observation Well,PVC,2,1471.11,1469,1472.28,1470.17,Global Position Survey,5/23/2005,314,311,215,225,1254,1245.17,1249.585,3,99,98,-98.525835,47.834135,2453314.12,310478.5445,GPS - Surveyed,1469.709826,1361.759033,1314.56897,1173.989014,1073.989014,3
31739,15006201DDA2,18,18b,145,FALSE,6/21/2005,11/18/2024,sites.txt,TRUE,duplicate data,,Eddy,Sheyenne River,Spiritwood,Observation Well,PVC,2,1471.25,1469.49,1472.42,1470.66,Global Position Survey,5/24/2005,151,0,141,146,1328.49,1324.66,1326.575,3,99,98,-98.525836,47.834165,2453313.594,310489.4777,GPS - Surveyed,1469.709826,1361.759033,1314.56897,1173.989014,1073.989014,2
31740,15006201DDA3,18,18c,144,FALSE,6/21/2005,11/18/2024,sites.txt,,,,Eddy,Sheyenne River,Till,Observation Well,PVC,2,1471.29,1469.45,1472.46,1470.62,Global Position Survey,5/25/2005,132,0,125,130,1344.45,1340.62,1342.535,2,99,98,-98.525836,47.834198,2453313.285,310501.511,GPS - Surveyed,1469.709826,1361.759033,1314.56897,1173.989014,1073.989014,2
31741,15006201DDA4,18,18d,144,FALSE,6/22/2005,11/18/2024,sites.txt,TRUE,duplicate data,,Eddy,Sheyenne River,Till,Observation Well,PVC,2,1471.35,1469.35,1472.52,1470.52,Global Position Survey,5/25/2005,75,0,66,71,1403.35,1399.52,1401.435,1,99,98,-98.525834,47.834231,2453313.467,310513.5569,GPS - Surveyed,1469.709826,1361.759033,1314.56897,1173.989014,1073.989014,1
31742,15006201DDA5,18,18e,144,FALSE,6/21/2005,11/18/2024,sites.txt,TRUE,duplicate data,,Eddy,Sheyenne River,Till,Observation Well,PVC,2,1471.3,1469.49,1472.47,1470.66,Global Position Survey,5/25/2005,34,0,25,30,1444.49,1440.66,1442.575,1,99,98,-98.525832,47.834264,2453313.65,310525.6029,GPS - Surveyed,1469.709826,1361.759033,1314.56897,1173.989014,1073.989014,1
31743,15006201DDA6,18,18f,145,FALSE,6/21/2005,11/18/2024,sites.txt,,,,Eddy,Sheyenne River,Warwick,Observation Well,PVC,2,1471.46,1469.67,1472.63,1470.84,Global Position Survey,5/25/2005,20,0,14,19,1455.67,1451.84,1453.755,1,99,98,-98.525828,47.834299,2453314.305,310538.3907,GPS - Surveyed,1469.709826,1361.759033,1314.56897,1173.989014,1073.989014,1
126201,15006201DDA7,18,18g,1,FALSE,11/3/2009,11/3/2009,sites.txt,TRUE,less than 15 pts,,Eddy,Sheyenne River,Spiritwood,Observation Well,PVC,2,1472.58,1469.95,1473.75,1471.12,Global Position Survey,1/1/2009,0,0,0,0,1469.95,1471.12,1470.535,3,99,98,-98.526021,47.834046,2453269.285,310444.9199,GPS - Surveyed,1469.709826,1361.759033,1314.56897,1173.989014,1073.989014,
31744,15006201DDB,19,19a,147,FALSE,6/21/2005,11/18/2024,sites.txt,,,,Eddy,Sheyenne River,Spiritwood,Observation Well,PVC,2,1474.21,1472.68,1475.38,1473.85,Global Position Survey,5/25/2005,320,303,258,263,1214.68,1210.85,1212.765,3,99,97,-98.530635,47.834757,2452129.803,310675.1705,GPS - Surveyed,1470.209056,1364.40625,1320.483765,1169.053589,1069.053589,3
126203,15006201DDBC,20,20a,1,FALSE,11/3/2009,11/3/2009,sites.txt,TRUE,less than 15 pts,,Eddy,Sheyenne River,Spiritwood,Observation Well,PVC,2,1474.2,1471.35,1475.37,1472.52,Global Position Survey,1/1/2009,0,0,0,0,1471.35,1472.52,1471.935,3,99,97,-98.530276,47.833999,2452225.018,310401.0227,GPS - Surveyed,1470.209056,1364.40625,1320.483765,1169.053589,1069.053589,
31433,15006201DDD2,21,21a,3,FALSE,8/31/2004,11/2/2009,sites.txt,TRUE,less than 15 pts,,Eddy,Sheyenne River,Warwick,Observation Well,PVC,2,,,,,,,0,0,0,0,na,na,,1,100,98,-98.526666,47.832645,2453124.018,309929.9895,Calculated,1469.634444,1354.802124,1303.008179,1174.112305,1074.112305,
31746,15006201DDDA1,22,22a,149,FALSE,6/21/2005,11/18/2024,sites.txt,,,,Eddy,Sheyenne River,Spiritwood,Observation Well,PVC,2,1471.23,1469.25,1472.4,1470.42,Global Position Survey,5/26/2005,260,0,238,243,1231.25,1227.42,1229.335,3,100,98,-98.526435,47.833002,2453177.398,310061.6224,GPS - Surveyed,1469.634444,1354.802124,1303.008179,1174.112305,1074.112305,3
31747,15006201DDDA2,22,22b,148,FALSE,6/21/2005,11/18/2024,sites.txt,TRUE,duplicate data,,Eddy,Sheyenne River,Spiritwood,Observation Well,PVC,2,1470.16,1468.68,1471.33,1469.85,Global Position Survey,5/31/2005,260,0,238,243,1230.68,1226.85,1228.765,3,100,98,-98.526213,47.833414,2453228.053,310213.2544,GPS - Surveyed,1469.634444,1354.802124,1303.008179,1174.112305,1074.112305,3
31745,15006201DDDD,23,23a,147,FALSE,6/21/2005,11/18/2024,sites.txt,TRUE,duplicate data,,Eddy,Sheyenne River,Spiritwood,Observation Well,PVC,2,1472.25,1469.76,1473.42,1470.93,Global Position Survey,5/26/2005,315,307,238,243,1231.76,1227.93,1229.845,3,100,98,-98.526713,47.832483,2453113.992,309870.6209,GPS - Surveyed,1469.634444,1354.802124,1303.008179,1174.112305,1074.112305,3
32486,15006201DDDD2,23,23b,9,FALSE,11/9/2006,10/16/2007,sites.txt,TRUE,less than 15 pts,,Eddy,Sheyenne River,Spiritwood,Municipal Well,Steel,12,,,,,,11/3/2006,0,0,220,250,na,na,,3,100,98,-98.526741,47.832496,2453106.996,309875.1851,Digitized - Heads Up,1469.634444,1354.802124,1303.008179,1174.112305,1074.112305,
21396,15006203ACB,24,24a,2,FALSE,10/21/1993,11/17/1993,sites.txt,TRUE,less than 15 pts,,Eddy,Sheyenne River,Warwick,Observation Well,,0,1476,1474,1477.18,1475.18,Topographic Map,,10,0,0,10,1474,1465.18,1469.59,1,95,80,-98.575182,47.842825,2441118.936,313340.5653,,1473.845885,1380.629883,1343.340088,1293.43457,1193.43457,1
21397,15006203ACBB,25,25a,12,FALSE,10/13/1992,3/8/1994,sites.txt,TRUE,less than 15 pts,,Eddy,Sheyenne River,Warwick,Observation Well,,0,1477.07,1475.07,1478.25,1476.25,Survey 0.01 ft,,18,0,0,18,1475.07,1458.25,1466.66,1,95,80,-98.57587,47.843264,2440946.04,313496.426,,1473.845885,1380.629883,1343.340088,1293.43457,1193.43457,1
30215,15006203CCC,26,26a,160,FALSE,8/14/2003,11/18/2024,sites.txt,,,,Eddy,Sheyenne River,Spiritwood,Observation Well,PVC,2,1477.48,1475.74,1478.66,1476.92,Global Position Survey,7/28/2003,190,169,155,160,1320.74,1316.92,1318.83,3,101,75,-98.587131,47.833059,2438274.108,309706.2385,GPS - Surveyed,1475.534307,1380.859253,1349.757813,1320.062378,1220.062378,4
5363,15006203DDD,27,27a,310,FALSE,11/9/1983,11/18/2024,sites.txt,,,,Eddy,Sheyenne River,Spiritwood,Observation Well,PVC,1.25,1476.74,1473.13,1477.92,1474.31,Global Position Survey,8/31/1983,200,182,168,173,1305.13,1301.31,1303.22,3,100,83,-98.565772,47.832984,2443519.128,309809.9243,GPS - Surveyed,1475.101466,1361.891724,1343.777832,1284.895508,1184.895508,3
31434,15006203DDD2,27,27b,3,FALSE,8/31/2004,11/2/2009,sites.txt,TRUE,less than 15 pts,,Eddy,Sheyenne River,Warwick,Observation Well,PVC,2,,,,,,,0,0,0,0,na,na,,1,100,83,-98.566892,47.833812,2443236.55,310104.9487,Calculated,1475.101466,1361.891724,1343.777832,1284.895508,1184.895508,
5364,15006204BBA,28,28a,261,FALSE,5/17/1979,11/18/2024,sites.txt,,,,Eddy,Sheyenne River,Warwick,Observation Well,PVC,1.25,1473.3,1471.23,1474.48,1472.41,Global Position Survey,7/22/1977,70,0,50,56,1421.23,1416.41,1418.82,1,93,69,-98.604187,47.846402,2433966.447,314468.2569,GPS - Surveyed,1472.39521,1412.286621,1389.583252,1389.483252,1289.483252,1
5365,15006206BBC,29,29a,337,TRUE,6/1/1978,11/18/2024,sites.txt,,,,Eddy,Sheyenne River,Spiritwood,Observation Well,ABS,1.25,1470.49,1468.56,1471.67,1469.74,Global Position Survey,5/17/1978,160,129,123,126,1345.56,1343.74,1344.65,1,95,51,-98.651718,47.843361,2422325.47,313075.602,GPS - Surveyed,1470.501694,1385.765503,1377.401489,1377.301489,1277.301489,4
21400,15006207CCC,30,30a,10,FALSE,4/15/1986,3/8/1994,sites.txt,TRUE,less than 15 pts,,Eddy,Sheyenne River,Warwick,Observation Well,PVC,2,1467,1465,1468.18,1466.18,Topographic Map,10/1/1985,40,0,27,33,1438,1433.18,1435.59,1,109,52,-98.651022,47.819436,2422705.886,304355.18,,1466.812098,1419.898071,1397.630005,1397.530005,1297.530005,1
21401,15006207DDA,31,31a,15,FALSE,4/15/1986,3/8/1994,sites.txt,,,,Eddy,Sheyenne River,Warwick,Observation Well,PVC,2,1476.33,1474.33,1477.51,1475.51,Survey 0.01 ft,10/1/1985,80,0,50,56,1424.33,1419.51,1421.92,1,108,59,-98.631491,47.821086,2427488.14,305072.6811,Calculated,1473.517217,1425.050781,1410.017578,1409.917578,1309.917578,2
132772,15006209DDD,32,32a,4991,FALSE,8/26/2024,4/22/2025,sites_presens.txt,,,,Eddy,,Spiritwood,Observation Well - PRESENS,PVC,2,1475.27,1472.9,1476.45,1474.08,Global Position Survey,7/23/2024,160,0,149,154,1323.9,1320.08,1321.99,3,109,76,-98.587603,47.818389,2438291.115,304353.8859,GPS - Handheld,1474.881033,1402.387085,1340.937378,1304.121948,1204.121948,3
5366,15006210DDD,33,33a,222,FALSE,11/9/1983,10/9/2024,sites.txt,,,,Eddy,Sheyenne River,Spiritwood,Observation Well - Plugged,PVC,1.25,1475.57,1473.68,1476.74,1474.85,Global Position Survey,8/31/1983,200,192,168,173,1305.68,1301.85,1303.765,3,108,84,-98.565702,47.818609,2443668.033,304568.4926,GPS - Surveyed,1472.995365,1372.68335,1332.723145,1278.311768,1178.311768,3
31754,15006212AADA,34,34a,149,FALSE,6/23/2005,11/18/2024,sites.txt,,,,Eddy,Sheyenne River,Spiritwood,Observation Well,PVC,2,1473.49,1471.77,1474.66,1472.94,Global Position Survey,6/3/2005,300,0,218,223,1253.77,1249.94,1251.855,3,102,98,-98.526022,47.829389,2453312.586,308746.7533,GPS - Surveyed,1469.834662,1345.584229,1277.817017,1176.451538,1076.451538,3
5367,15006212BBB,35,35a,31,FALSE,12/10/1983,8/29/1987,sites.txt,,,,Eddy,Sheyenne River,Spiritwood,Observation Well - Destroyed,PVC,1.25,1479,1477,1480.17,1478.17,Topographic Map,9/1/1983,240,232,218,223,1259,1255.17,1257.085,3,101,92,-98.543004,47.831903,2449119.406,309557.0196,Calculated,1473.770061,1362.184204,1331.870483,1206.84082,1106.84082,3
30217,15006212CAC,36,36a,159,FALSE,8/20/2003,11/18/2024,sites.txt,,,,Eddy,Sheyenne River,Spiritwood,Observation Well,PVC,2,1472.82,1470.45,1473.99,1471.62,Global Position Survey,7/29/2003,260,0,226,231,1244.45,1240.62,1242.535,3,105,94,-98.538293,47.823701,2450352.342,306595.615,GPS - Surveyed,1470.903296,1354.688965,1296.327637,1197.711914,1097.711914,3
5369,15006212CCCB,37,37a,41,FALSE,4/4/1984,10/29/1995,sites.txt,,,,Eddy,Sheyenne River,Spiritwood,Observation Well - Destroyed,PVC,1.25,1475.16,1472.66,1476.33,1473.83,Survey 0.01 ft,9/1/1983,230,214,198,203,1274.66,1270.83,1272.745,3,108,92,-98.543438,47.819654,2449126.372,305087.7287,Calculated,1467.728215,1368.08374,1311.071045,1224.494385,1124.494385,3
132771,15006214CBA2,38,38a,4855,FALSE,8/26/2024,4/22/2025,sites_presens.txt,,,,Eddy,,Spiritwood,Observation Well - PRESENS,PVC,2,1470.74,1468.29,1471.91,1469.46,Global Position Survey,7/19/2024,260,256,174,179,1294.29,1290.46,1292.375,3,113,85,-98.562375,47.809815,2444565.862,301382.3035,GPS - Handheld,1464.458383,1381.268311,1315.183838,1279.31311,1179.31311,3
21405,15006214DDD2,39,39a,12,FALSE,4/15/1986,11/17/1993,sites.txt,TRUE,less than 15 pts,,Eddy,Sheyenne River,Warwick,Observation Well,PVC,2,1465,1463,1466.17,1464.17,Topographic Map,9/26/1985,10,0,5,10,1458,1454.17,1456.085,1,116,91,-98.545336,47.804696,2448798.738,299621.4756,Calculated,1461.97821,1387.005859,1316.107666,1242.540283,1142.540283,1
21406,15006215ABB2,40,40a,15,FALSE,4/15/1986,3/16/1994,sites.txt,,,,Eddy,Sheyenne River,Warwick,Observation Well,PVC,2,1476.34,1474.34,1477.52,1475.52,Survey 0.01 ft,9/23/1985,31,0,25,31,1449.34,1444.52,1446.93,1,109,80,-98.575303,47.817223,2441322.658,304003.9852,,1474.250049,1385.789795,1331.373535,1293.242798,1193.242798,1
5370,15006216AAA,41,41a,362,FALSE,6/1/1978,7/23/2024,sites.txt,,,,Eddy,Sheyenne River,Spiritwood,Observation Well - Plugged,ABS,1.25,1474.55,1472.42,1475.73,1473.6,Global Position Survey,5/16/1978,200,169,152,155,1320.42,1318.6,1319.51,3,109,75,-98.587698,47.818267,2438268.888,304308.8186,GPS - Surveyed,1474.911721,1405.973145,1342.942505,1307.613647,1207.613647,3
21407,15006216ADD,42,42a,16,FALSE,4/15/1986,3/8/1994,sites.txt,,,,Eddy,Sheyenne River,Warwick,Observation Well,PVC,2,1481.34,1479.34,1482.52,1480.52,Survey 0.01 ft,10/1/1985,40,0,15,20,1464.34,1460.52,1462.43,1,112,75,-98.588551,47.812015,2438115.998,302023.8009,,1471.947789,1410.709839,1346.455322,1321.991333,1221.991333,1
5371,15006216BBB,43,43a,12,FALSE,4/15/1986,11/17/1993,sites.txt,TRUE,less than 15 pts,,Eddy,Sheyenne River,Unknown,Observation Well,PVC,2,1470.09,1468.09,1471.27,1469.27,Survey 0.01 ft,10/1/1985,40,0,20,25,1448.09,1444.27,1446.18,na,109,68,-98.607291,47.817486,2433463.763,303905.1029,Calculated,1471.983765,1425.019775,1372.106567,1372.006567,1272.006567,1
21408,15006216CBC,44,44a,16,FALSE,4/15/1986,4/20/1994,sites.txt,,,,Eddy,Sheyenne River,Warwick,Observation Well,PVC,2,1465.16,1463.16,1466.34,1464.34,Survey 0.01 ft,10/1/1985,40,0,24,30,1439.16,1434.34,1436.75,1,114,68,-98.607873,47.808505,2433401.317,300626.6148,,1469.004449,1424.26709,1373.644775,1373.544775,1273.544775,1
21410,15006218AAA,45,45a,87,FALSE,6/17/1952,3/8/1994,sites.txt,,,,Eddy,Sheyenne River,Warwick,Observation Well,,0,1476.13,1474.13,1477.31,1475.31,Survey 0.01 ft,,17.5,0,0,17.5,1474.13,1457.81,1465.97,1,110,59,-98.631642,47.817284,2427484.705,303685.3483,,1461.401867,1425.037598,1407.326416,1407.226416,1307.226416,
5372,15006222AAB,46,46a,13,FALSE,5/17/1979,12/31/1981,sites.txt,TRUE,less than 15 pts,,Eddy,Sheyenne River,Spiritwood,Irrigation Well,Steel,12,1463.3,0,1464.47,1.17,Survey 0.01 ft,2/20/1979,200,0,147,170,1317.47,1294.47,1305.97,3,117,82,-98.569458,47.803375,2442884.875,298990.2393,GPS - Handheld,1463.182297,1375.329834,1308.754395,1297.831299,1197.831299,3
5373,15006222AAC,47,47a,40,FALSE,5/17/1979,10/30/1987,sites.txt,,,,Eddy,Sheyenne River,Spiritwood,Observation Well,PVC,4,1465.6,1464,1466.77,1465.17,Topographic Map,2/20/1979,0,0,145,160,1319,1305.17,1312.085,3,118,82,-98.569915,47.800927,2442794.984,298094.7584,Calculated,1462.776957,1369.962402,1309.196289,1302.077026,1202.077026,2
5374,15006223BBB,48,48a,13060,TRUE,5/17/1979,4/22/2025,sites_presens.txt,,,,Eddy,Sheyenne River,Spiritwood,Observation Well - PRESENS,PVC,4,1463.74,1461.73,1464.91,1462.9,Global Position Survey,4/22/1979,0,0,154,178,1307.73,1284.9,1296.315,3,117,84,-98.564756,47.803208,2444041.558,298958.3454,GPS - Surveyed,1462.103898,1371.594482,1301.231201,1284.633789,1184.633789,3
132877,15006223BDC,49,49a,3691,FALSE,11/18/2024,4/22/2025,sites_presens.txt,,,,Eddy,,Spiritwood,Observation Well - PRESENS,PVC,2,1462.09,1459.93,1463.26,1461.1,Global Position Survey,10/16/2024,440,397,190,195,1269.93,1266.1,1268.015,3,120,87,-98.557556,47.797153,2445866.118,296794.9401,GPS - Handheld,1462.346972,1355.421875,1295.107544,1279.386719,1179.386719,4
21412,15006223DCC2,50,50a,15,FALSE,4/15/1986,3/8/1994,sites.txt,,,,Eddy,Sheyenne River,Undefined,Observation Well,PVC,2,1463.04,1461.04,1464.21,1462.21,Survey 0.01 ft,9/24/1985,100,0,95,97,1366.04,1365.21,1365.625,1,124,89,-98.553397,47.790242,2446951.716,294300.6628,Calculated,1462.715901,1351.187744,1294.490601,1288.697266,1188.697266,1
5375,15006224CBB,51,51a,307,FALSE,4/3/1984,7/25/2024,sites.txt,,,,Eddy,Sheyenne River,Spiritwood,Observation Well - Plugged,PVC,1.25,1464.78,1462.86,1465.95,1464.03,Global Position Survey,8/30/1983,200,177,158,163,1304.86,1301.03,1302.945,3,121,92,-98.543866,47.79568,2449243.41,296342.9825,GPS - Surveyed,1465.032273,1370.223267,1310.376953,1257.249756,1157.249756,3
132773,15006224CBB2,51,51b,5,FALSE,8/26/2024,11/18/2024,sites.txt,TRUE,less than 15 pts,,Eddy,,Spiritwood,Observation Well,PVC,2,1465.49,1462.88,1466.66,1464.05,Global Position Survey,7/25/2024,190,180,170,175,1292.88,1289.05,1290.965,3,121,92,-98.543867,47.795636,2449243.572,296326.9318,GPS - Handheld,1465.032273,1370.223267,1310.376953,1257.249756,1157.249756,3
5377,15006224DDC,52,52a,15,FALSE,4/15/1986,3/8/1994,sites.txt,,,,Eddy,Sheyenne River,Unknown,Observation Well,PVC,2,1464.13,1462.13,1465.3,1463.3,Survey 0.01 ft,9/24/1985,40,0,29,34,1433.13,1429.3,1431.215,1,124,99,-98.526506,47.790209,2453560.019,294456.87,Calculated,1462.257643,1392.285156,1321.561768,1205.59668,1105.59668,1
21413,15006301CCC,53,53a,14,FALSE,5/21/1986,3/8/1994,sites.txt,TRUE,less than 15 pts,,Eddy,Sheyenne River,Warwick,Observation Well,PVC,2,1477.36,1475.36,1478.54,1476.54,Survey 0.01 ft,10/1/1985,40,0,24,29,1451.36,1447.54,1449.45,1,101,44,-98.672454,47.833984,2417316.157,309534.6207,,1471.898694,1417.650024,1370.913086,1370.813086,1270.813086,1
5381,15006302CAB,54,54a,10,FALSE,5/17/1979,12/29/1981,sites.txt,TRUE,less than 15 pts,,Eddy,Shell Creek,Unknown,Irrigation Well,,0,1474.4,1473.9,1475.57,1475.07,Survey 0.1 ft,,0,0,0,137,1473.9,1338.07,1405.985,na,98,38,-98.688051,47.839281,2413441.06,311375.7341,Calculated,1475.983555,1420.425903,1394.446289,1394.346289,1294.346289,2
5382,15006302CCC1,55,55a,366,FALSE,6/22/1973,11/18/2024,sites.txt,,,,Eddy,Sheyenne River,Warwick,Observation Well,Downspout,3,1473.87,1472.85,1475.05,1474.03,Global Position Survey,,0,0,0,0,1472.85,1474.03,1473.44,1,101,36,-98.694203,47.833237,2411982.372,309136.2025,GPS - Surveyed,1475.99981,1416.518921,1387.429321,1387.329321,1287.329321,1
21416,15006302CDB,56,56a,14,FALSE,4/28/1976,9/30/1980,sites.txt,TRUE,less than 15 pts,,Eddy,Sheyenne River,Warwick,Observation Well,,0,,,,,,,32.7,0,0,32.7,na,na,,1,100,38,-98.688482,47.835745,2413365.588,310083.7856,,1475.49252,1420.708618,1385.891479,1385.791479,1285.791479,
132774,15006310AAA,57,57a,5,FALSE,8/26/2024,11/18/2024,sites.txt,TRUE,less than 15 pts,,Eddy,,Warwick,Observation Well,PVC,2,1473.35,1471.21,1474.53,1472.39,Global Position Survey,7/26/2024,100,0,61,66,1410.21,1406.39,1408.3,1,102,35,-98.695063,47.832107,2411780.869,308719.1776,GPS - Handheld,1480.211711,1413.180176,1382.842529,1382.742529,1282.742529,2
21418,15006312BBC,58,58a,15,FALSE,4/15/1986,3/8/1994,sites.txt,,,,Eddy,Sheyenne River,Warwick,Observation Well,PVC,2,1474.18,1472.18,1475.36,1473.36,Survey 0.01 ft,10/1/1985,60,0,34,39,1438.18,1434.36,1436.27,1,103,44,-98.672524,47.830065,2417332.897,308105.095,,1472.323163,1420.750366,1374.363892,1374.263892,1274.263892,1
5386,15006313BBB,59,59a,470,TRUE,6/17/1952,11/18/2024,sites.txt,,,4.75E+14,Eddy,Sheyenne River,Warwick,Observation Well,Steel,1.5,1481.11,1476.43,1482.29,1477.61,Global Position Survey,1/1/1952,17,0,15,17,1461.43,1460.61,1461.02,1,109,44,-98.673039,47.818375,2417307.608,303839.1756,GPS - Surveyed,1473.827525,1424.893433,1386.03064,1385.93064,1285.93064,1
131918,15006313BBB2,59,59b,4997,FALSE,8/23/2022,4/22/2025,sites_presens.txt,,,,Eddy,,Warwick,Observation Well - PRESENS,PVC,2,1479.03,1476.02,1480.21,1477.2,Global Position Survey,7/25/2022,120,0,33,38,1443.02,1439.2,1441.11,1,109,44,-98.673024,47.818358,2417311.439,303833.0637,GPS - Handheld,1473.827525,1424.893433,1386.03064,1385.93064,1285.93064,1
5390,15006315BBB,60,60a,385,TRUE,5/8/1970,11/18/2024,sites.txt,,,4.75E+14,Eddy,Sheyenne River,Warwick,Observation Well,Downspout,3,1479.41,1478.56,1480.59,1479.74,Global Position Survey,5/8/1970,38,0,0,28.4,1478.56,1451.34,1464.95,1,110,28,-98.715788,47.818417,2406807.613,303608.244,GPS - Surveyed,1471.78326,1376.946411,1369.600464,1369.500464,1269.500464,1
21420,15006316DDA,61,61a,15,FALSE,4/15/1986,3/8/1994,sites.txt,,,,Eddy,Sheyenne River,Warwick,Observation Well,PVC,2,1432.28,1430.28,1433.46,1431.46,Survey 0.01 ft,10/1/1985,80,0,55,60,1375.28,1371.46,1373.37,1,116,27,-98.717604,47.806585,2406461.483,299283.1587,,1396.944926,1367.642822,1360.611328,1360.511328,1260.511328,1
13265,15106106CCC,62,62a,244,FALSE,8/15/1991,11/18/2024,sites.txt,,,,Nelson,Devils Lake Basin,Spiritwood,Observation Well,PVC,2,1514.44,1514.49,1515.65,1515.7,Global Position Survey,7/24/1991,250,237,223,228,1291.49,1287.7,1289.595,3,52,97,-98.52541,47.919295,2452621.895,341534.6898,GPS - Surveyed,1509.546076,1428.712646,1350.697998,1285.354492,1185.354492,3
9369,15106107CCC,63,63a,297,FALSE,11/10/1983,7/15/2021,sites.txt,,,,Nelson,Devils Lake Basin,Spiritwood,Observation Well - Plugged,PVC,1.25,1517.2,1515.14,1518.4,1516.34,Global Position Survey,9/7/1983,235,0,178,183,1337.14,1333.34,1335.24,3,61,98,-98.525302,47.904268,2452788.936,336055.7735,GPS - Surveyed,1514.127512,1425.128296,1363.54248,1264.852905,1164.852905,3
131312,15106107CCC2,63,63b,25,FALSE,8/16/2021,11/18/2024,sites.txt,,,,Nelson,Devils Lake Basin,Spiritwood,Observation Well,PVC,2,1516.22,1513.21,1517.42,1514.41,Global Position Survey,7/21/2021,299,298,228,233,1285.21,1281.41,1283.31,3,61,98,-98.525266,47.904302,2452797.445,336068.398,GPS - Surveyed,1514.127512,1425.128296,1363.54248,1264.852905,1164.852905,3
30230,15106107DDD,64,64a,161,FALSE,9/2/2003,11/18/2024,sites.txt,,,,Nelson,Sheyenne River,Spiritwood,Observation Well,PVC,2,1502.62,1499.78,1503.82,1500.98,Global Position Survey,8/6/2003,210,197,177,182,1322.78,1318.98,1320.88,3,60,105,-98.504771,47.904292,2457822.715,336194.3235,GPS - Surveyed,1483.412942,1433.421021,1350.295532,1316.260986,1216.260986,3
30228,15106117CCC,65,65a,178,FALSE,8/13/2003,11/18/2024,sites.txt,,,,Nelson,Sheyenne River,Spiritwood,Observation Well,PVC,2,1482.75,1481.01,1483.94,1482.2,Global Position Survey,8/6/2003,240,230,186,191,1295.01,1291.2,1293.105,3,68,105,-98.50453,47.889833,2458018.483,330923.4267,GPS - Surveyed,1472.179657,1442.734009,1335.051025,1291.88147,1191.88147,3
32421,15106119AAD,66,66a,72,FALSE,8/29/2006,2/20/2020,sites.txt,,,,Nelson,Devils Lake Basin,Sand Sediments,Observation Well,PVC,1.25,1458.11,1456.4,1459.3,1457.59,Global Position Survey,8/23/2006,17,0,7,12,1449.4,1445.59,1447.495,1,70,105,-98.504748,47.886878,2457992.946,329844.5106,GPS - Surveyed,1470.521644,1444.893799,1331.393066,1290.374023,1190.374023,1
32420,15106119ACA,67,67a,23,FALSE,8/29/2006,7/11/2013,sites.txt,,,,Nelson,Devils Lake Basin,Sand Sediments,Observation Well - Plugged,PVC,1.25,1461.59,1460.03,1462.78,1461.22,Global Position Survey,8/23/2006,22,0,7,12,1453.03,1449.22,1451.125,1,71,103,-98.512656,47.884655,2456074.261,328983.7283,GPS - Surveyed,1485.322673,1445.643311,1329.949707,1277.685791,1177.685791,1
126754,15106119ACA2,67,67b,31,FALSE,6/22/2010,6/10/2020,sites.txt,,,,Nelson,Devils Lake Basin,Sand Sediments,Observation Well - Plugged,PVC,2,1463.71,1460.81,1464.9,1462,Global Position Survey,6/1/2010,16,0,4,9,1456.81,1453,1454.905,1,71,103,-98.512317,47.88517,2456152.563,329173.6684,GPS - Surveyed,1485.322673,1445.643311,1329.949707,1277.685791,1177.685791,1
32419,15106119BDB,68,68a,56,FALSE,8/29/2006,6/10/2020,sites.txt,,,,Nelson,Sheyenne River,Sand Sediments,Observation Well - Plugged,PVC,1.25,1461.42,1459.77,1462.61,1460.96,Global Position Survey,8/23/2006,21,0,6,11,1453.77,1449.96,1451.865,1,72,100,-98.519509,47.8843,2454396.664,328810.9596,GPS - Surveyed,1486.252868,1438.444702,1329.204834,1262.647095,1162.647095,1
32417,15106119CCC,69,69a,62,FALSE,9/6/2006,2/20/2020,sites.txt,,,,Nelson,Sheyenne River,Sand Sediments,Observation Well,PVC,2,1451.18,1449.09,1452.37,1450.28,Global Position Survey,9/8/2006,35,20,8,18,1441.09,1432.28,1436.685,1,76,98,-98.523868,47.875838,2453406.678,325697.8283,GPS - Surveyed,1460.970491,1424.674927,1325.220337,1239.43335,1139.43335,1
30229,15106120BAA,70,70a,8,FALSE,8/13/2003,8/3/2004,sites.txt,TRUE,less than 15 pts,,Nelson,Sheyenne River,Pierre Shale,Observation Well - Plugged,PVC,2,1461.17,1448.16,1462.36,1449.35,Global Position Survey,8/6/2003,160,136,147,157,1301.16,1292.35,1296.755,na,68,109,-98.494417,47.889594,2460501.045,330900.7304,GPS - Surveyed,1450.971104,1430.303467,1337.02124,1332.02124,1232.02124,4
9372,15106130AAA,71,71a,316,TRUE,11/10/1983,11/18/2024,sites.txt,,,,Nelson,Devils Lake Basin,Spiritwood,Observation Well,PVC,1.25,1507.22,1505.66,1508.4,1506.84,Global Position Survey,9/7/1983,240,233,218,223,1287.66,1283.84,1285.75,3,76,105,-98.505022,47.875145,2458036.623,325564.3749,GPS - Surveyed,1511.324222,1446.865967,1325.717163,1272.762939,1172.762939,3
9373,15106130BBB,72,72a,90,FALSE,7/12/1968,7/28/1991,sites.txt,,,,Nelson,Devils Lake Basin,Spiritwood,Observation Well - Plugged,ABS,1.25,1455,1453.2,1456.18,1454.38,Survey 0.1 ft,6/25/1968,280,245,197,200,1256.2,1254.38,1255.29,3,77,98,-98.524239,47.874408,2453329.046,325174.0451,Calculated,1467.283479,1424.57373,1326.987549,1237.815674,1137.815674,3
30226,15106131BCC,73,73a,163,FALSE,8/14/2003,11/18/2024,sites.txt,,,,Nelson,Sheyenne River,Spiritwood,Observation Well,PVC,2,1467.42,1465.08,1468.6,1466.26,Global Position Survey,8/5/2003,310,303,198,203,1267.08,1263.26,1265.17,3,89,98,-98.525309,47.853634,2453260.866,317592.1127,GPS - Surveyed,1463.957278,1399.573608,1333.486938,1193.820068,1093.820068,3
30231,15106131CDD,74,74a,148,FALSE,8/20/2003,11/18/2024,sites.txt,,,,Nelson,Sheyenne River,Spiritwood,Observation Well,PVC,2,1458.57,1457.03,1459.74,1458.2,Global Position Survey,8/7/2003,220,202,158,163,1299.03,1295.2,1297.115,3,93,102,-98.51536,47.846338,2455771.249,314994.4452,GPS - Surveyed,1456.069661,1386.971436,1325.940552,1254.719727,1154.719727,3
30232,15106131DDD,75,75a,138,FALSE,8/20/2003,11/18/2024,sites.txt,,,,Nelson,Sheyenne River,Spiritwood,Observation Well,PVC,2,1464.88,1462.86,1466.05,1464.03,Global Position Survey,8/7/2003,220,204,113,118,1349.86,1346.03,1347.945,3,92,106,-98.504657,47.846275,2458399.05,315039.3845,GPS - Surveyed,1460.97535,1413.883789,1339.433594,1307.728516,1207.728516,2
9375,15106132BBB,76,76a,296,TRUE,4/4/1984,11/18/2024,sites.txt,,,,Nelson,Devils Lake Basin,Spiritwood,Observation Well,PVC,1.25,1467.09,1465.16,1468.27,1466.34,Global Position Survey,9/7/1983,200,185,168,173,1297.16,1293.34,1295.25,3,84,108,-98.499461,47.860568,2459539.031,320284.3483,GPS - Surveyed,1458.554507,1446.210815,1335.476074,1292.575317,1192.575317,3
30222,15106133CCC,77,77a,143,FALSE,8/21/2003,11/18/2024,sites.txt,,,,Nelson,Sheyenne River,Spiritwood,Observation Well,PVC,2,1459.39,1457.83,1460.56,1459,Global Position Survey,7/31/2003,180,171,158,163,1299.83,1296,1297.915,3,92,114,-98.482976,47.846212,2463721.551,315155.1001,GPS - Surveyed,1456.030737,1433.134766,1335.982056,1299.81958,1199.81958,4
13266,15106201AAD,78,78a,244,FALSE,8/15/1991,11/18/2024,sites.txt,,,,Ramsey,Devils Lake Basin,Spiritwood,Observation Well,PVC,2,1497.57,1495.85,1498.78,1497.06,Global Position Survey,7/30/1991,220,193,178,183,1317.85,1314.06,1315.955,3,47,97,-98.525712,47.92961,2452451.398,345294.1623,GPS - Surveyed,1502.248583,1434.924194,1349.030396,1321.548462,1221.548462,4
21543,15106202CCC,79,79a,15,FALSE,4/15/1986,3/8/1994,sites.txt,,,,Ramsey,Sheyenne River,Warwick,Observation Well,PVC,2,1536.6,1534.6,1537.81,1535.81,Survey 0.1 ft,9/26/1985,80,0,70,75,1464.6,1460.81,1462.705,1,53,82,-98.567238,47.91958,2442366.329,341378.4193,Calculated,1533.513206,1399.83667,1316.942993,1205.695435,1105.695435,1
13267,15106203ADDA,80,80a,266,FALSE,8/9/1991,11/18/2024,sites.txt,,,,Ramsey,Devils Lake Basin,Spiritwood,Observation Well,PVC,1.25,1609.43,1607.64,1610.64,1608.85,Global Position Survey,7/23/1991,400,0,350,355,1257.64,1253.85,1255.745,3,48,81,-98.568876,47.927621,2441891.26,344300.5399,GPS - Surveyed,1563.048926,1412.29834,1320.09436,1213.323486,1113.323486,3
30800,15106203DDAA,81,81a,64,FALSE,10/9/2003,9/21/2010,sites.txt,,,,Ramsey,Sheyenne River,Spiritwood,Observation Well - Plugged,PVC,2,1547.48,1544.75,1548.69,1545.96,Global Position Survey,9/24/2003,280,0,258,263,1286.75,1282.96,1284.855,3,51,81,-98.568865,47.922008,2441945.304,342253.7947,GPS - Surveyed,1542.934029,1402.433228,1319.807007,1202.016357,1102.016357,3
30801,15106203DDAD,82,82a,64,FALSE,10/9/2003,9/21/2010,sites.txt,,,,Ramsey,Sheyenne River,Spiritwood,Observation Well - Plugged,PVC,2,1541.26,1538.42,1542.47,1539.63,Global Position Survey,9/24/2003,270,0,258,263,1280.42,1276.63,1278.525,3,52,81,-98.568861,47.920509,2441959.998,341707.2005,GPS - Surveyed,1537.232152,1400.181885,1318.822021,1200.37854,1100.37854,3
9711,15106203DDD1,83,83a,183,FALSE,9/27/1973,9/21/2010,sites.txt,,,,Ramsey,Sheyenne River,Warwick,Observation Well - Plugged,PVC,1.25,1536.26,1534.13,1537.47,1535.34,Global Position Survey,8/23/1973,380,370,62,65,1472.13,1470.34,1471.235,1,53,81,-98.568861,47.919413,2441970.024,341307.538,GPS - Surveyed,1530.59089,1398.67334,1317.804932,1200.965088,1100.965088,1
9712,15106203DDD2,83,83b,336,FALSE,5/17/1979,11/18/2024,sites.txt,,,,Ramsey,Devils Lake Basin,Spiritwood,Observation Well,PVC,1.25,1537.89,1535.06,1539.1,1536.27,Global Position Survey,5/18/1978,320,0,260,263,1275.06,1273.27,1274.165,3,53,81,-98.568872,47.919537,2441966.193,341352.6877,GPS - Surveyed,1530.59089,1398.67334,1317.804932,1200.965088,1100.965088,3
30802,15106203DDD3,83,83c,64,FALSE,10/9/2003,9/21/2010,sites.txt,TRUE,duplicate data,,Ramsey,Sheyenne River,Spiritwood,Observation Well - Plugged,PVC,2,1538.51,1535.82,1539.72,1537.03,Global Position Survey,9/23/2003,270,0,258,263,1277.82,1274.03,1275.925,3,52,81,-98.568876,47.91985,2441962.349,341466.8003,GPS - Surveyed,1537.232152,1400.181885,1318.822021,1200.37854,1100.37854,3
30798,15106203DDD4,83,83d,64,FALSE,10/9/2003,9/21/2010,sites.txt,TRUE,duplicate data,,Ramsey,Sheyenne River,Spiritwood,Observation Well - Plugged,PVC,2,1537.92,1535.2,1539.13,1536.41,Global Position Survey,10/1/2003,280,0,258,268,1277.2,1268.41,1272.805,3,53,81,-98.56899,47.919255,2441939.848,341249.1293,GPS - Surveyed,1530.59089,1398.67334,1317.804932,1200.965088,1100.965088,3
30803,15106203DDD5,83,83e,4,FALSE,10/29/2003,11/6/2003,sites.txt,TRUE,less than 15 pts,,Ramsey,Sheyenne River,Spiritwood,Production Well,Steel,12,1535.95,1534.95,1537.16,1536.16,Calc from known WL,10/17/2003,280,0,250,275,1284.95,1261.16,1273.055,3,53,81,-98.569818,47.919646,2441733.311,341386.6198,Calculated,1530.59089,1398.67334,1317.804932,1200.965088,1100.965088,3
127029,15106203DDD6,83,83f,100,FALSE,11/2/2010,11/18/2024,sites.txt,,,,Ramsey,Sheyenne River,Warwick,Observation Well,PVC,2,1537.17,1534.48,1538.38,1535.69,Global Position Survey,10/12/2010,65,0,61,66,1473.48,1469.69,1471.585,1,53,81,-98.568882,47.919419,2441964.821,341309.5968,GPS - Surveyed,1530.59089,1398.67334,1317.804932,1200.965088,1100.965088,1
30254,15106208ABB,84,84a,37774,FALSE,8/20/2003,4/22/2025,sites_presens.txt,,,,Ramsey,Sheyenne River,Spiritwood,Observation Well - PRESENS,PVC,2,1503.99,1501.94,1505.19,1503.14,Global Position Survey,8/19/2003,240,224,170,175,1331.94,1328.14,1330.04,3,52,64,-98.616079,47.920613,2430385.004,341458.3421,GPS - Surveyed,1498.381788,1399.160889,1309.086182,1266.555908,1166.555908,2
9713,15106209ABB,85,85a,350,FALSE,6/28/1978,7/18/2024,sites.txt,,,,Ramsey,Devils Lake Basin,Spiritwood,Observation Well - Plugged,ABS,1.25,1495.49,1494.23,1496.7,1495.44,Global Position Survey,8/23/1973,240,219,197,203,1297.23,1292.44,1294.835,3,53,70,-98.5976,47.919937,2434920.676,341323.2212,GPS - Surveyed,1504.11414,1405.663574,1330.21228,1250.836426,1150.836426,3
30238,15106209DAA,86,86a,162,FALSE,9/2/2003,11/18/2024,sites.txt,,,,Benson,Sheyenne River,Spiritwood,Observation Well,PVC,2,1520.36,1518.31,1521.57,1519.52,Global Position Survey,8/13/2003,320,292,198,208,1320.31,1311.52,1315.915,3,56,74,-98.586992,47.91275,2437586.065,338766.8629,GPS - Surveyed,1516.122097,1404.97876,1323.515381,1234.148071,1134.148071,3
30243,15106211AAD,87,87a,146,FALSE,8/20/2003,11/18/2024,sites.txt,,,,Ramsey,Sheyenne River,Spiritwood,Observation Well,PVC,2,1522.22,1522.21,1523.43,1523.42,Global Position Survey,8/12/2003,260,240,218,223,1304.21,1300.42,1302.315,3,55,89,-98.547199,47.915071,2447320.028,339858.1594,GPS - Surveyed,1516.618109,1407.675659,1322.783203,1243.662354,1143.662354,3
3379,15106212DCC,88,88a,359,TRUE,12/15/1978,11/18/2024,sites.txt,,,,Benson,Sheyenne River,Spiritwood,Observation Well,PVC,1.25,1511.54,1509.58,1512.74,1510.78,Global Position Survey,10/4/1978,300,291,235,238,1274.58,1272.78,1273.68,3,61,94,-98.53554,47.90435,2450277.9,336021.451,GPS - Surveyed,1508.172018,1409.687012,1343.260254,1258.638184,1158.638184,3
12267,15106213BCA,89,89a,6,FALSE,12/14/1978,12/18/1979,sites.txt,TRUE,less than 15 pts,,Benson,Sheyenne River,Spiritwood,Observation Well,PVC,1.25,1500,1498,1501.2,1499.2,Topographic Map,10/4/1978,300,281,246,249,1252,1250.2,1251.1,3,63,91,-98.54304,47.899675,2448482.299,334269.8682,Calculated,1500.285357,1387.899902,1323.591064,1223.562988,1123.562988,3
3380,15106213BCD,90,90a,8,FALSE,12/15/1978,11/1/1979,sites.txt,TRUE,less than 15 pts,,Benson,Sheyenne River,Spiritwood,Observation Well,PVC,1.25,1495,1495,1496.2,1496.2,Topographic Map,10/4/1978,300,280,192,195,1303,1301.2,1302.1,3,64,91,-98.54304,47.897879,2448498.948,333614.954,Calculated,1496.052818,1386.827515,1322.690186,1218.588501,1118.588501,3
130511,15106213BCD2,90,90b,16,FALSE,5/17/1979,9/25/1981,sites.txt,,,,Benson,Sheyenne River,Spiritwood,Irrigation Well,,0,1499.2,1499,1500.4,1500.2,Survey 0.1 ft,,0,0,160,205,1339,1295.2,1317.1,3,64,91,-98.54302,47.897883,2448503.816,333616.5373,Calculated,1496.052818,1386.827515,1322.690186,1218.588501,1118.588501,3
12268,15106213CAA,91,91a,8,FALSE,12/15/1978,11/1/1979,sites.txt,TRUE,less than 15 pts,,Benson,Sheyenne River,Spiritwood,Observation Well,PVC,1.25,1495,1495,1496.2,1496.2,Topographic Map,10/3/1978,300,284,236,239,1259,1257.2,1258.1,3,65,93,-98.537676,47.896081,2449831.037,332992.795,Calculated,1493.188913,1402.208984,1325.948486,1247.143555,1147.143555,3
12269,15106213CAA2,91,91b,8,FALSE,12/15/1978,11/1/1979,sites.txt,TRUE,less than 15 pts,,Benson,Sheyenne River,Warwick,Observation Well,PVC,1.25,1495,1494.7,1496.2,1495.9,Topographic Map,10/6/1978,160,0,130,136,1364.7,1359.9,1362.3,1,65,93,-98.537676,47.896081,2449831.037,332992.795,Calculated,1493.188913,1402.208984,1325.948486,1247.143555,1147.143555,2
12270,15106213CAB1,92,92a,8,FALSE,12/15/1978,11/1/1979,sites.txt,TRUE,less than 15 pts,,Benson,Sheyenne River,Spiritwood,Observation Well,PVC,1.25,1495,1494.8,1496.2,1496,Topographic Map,10/3/1978,300,284,258,261,1236.8,1235,1235.9,3,65,92,-98.540363,47.896081,2449172.101,332976.0101,Calculated,1491.520229,1393.06958,1323.466309,1228.006836,1128.006836,3
12271,15106213CAB2,92,92b,8,FALSE,12/15/1978,11/1/1979,sites.txt,TRUE,less than 15 pts,,Benson,Sheyenne River,Spiritwood,Observation Well,PVC,1.25,1495,1495,1496.2,1496.2,Topographic Map,10/3/1978,320,304,195,198,1300,1298.2,1299.1,3,65,92,-98.540363,47.896081,2449172.101,332976.0101,Calculated,1491.520229,1393.06958,1323.466309,1228.006836,1128.006836,3
12307,15106213CAB3,92,92c,8,FALSE,12/15/1978,11/1/1979,sites.txt,TRUE,less than 15 pts,,Benson,Sheyenne River,Spiritwood,Observation Well,PVC,1.25,1495,1495,1496.2,1496.2,Topographic Map,10/3/1978,160,0,155,158,1340,1338.2,1339.1,3,65,92,-98.540363,47.896081,2449172.101,332976.0101,Calculated,1491.520229,1393.06958,1323.466309,1228.006836,1128.006836,2
3382,15106213CBB,93,93a,350,TRUE,12/14/1978,11/18/2024,sites.txt,,,,Benson,Sheyenne River,Spiritwood,Observation Well,PVC,1.25,1496.18,1494.55,1497.38,1495.75,Global Position Survey,10/5/1978,360,321,238,241,1256.55,1254.75,1255.65,3,65,90,-98.546714,47.896944,2447606.65,333251.1234,GPS - Surveyed,1493.111208,1385.672119,1321.750244,1199.026611,1099.026611,3
3383,15106213DCC,94,94a,7,FALSE,5/18/1979,12/31/1981,sites.txt,TRUE,less than 15 pts,,Benson,Sheyenne River,Undefined,Irrigation Well,Steel,12,1484.2,1483.8,1485.4,1485,Survey 0.1 ft,5/17/1977,245,0,215,240,1268.8,1245,1256.9,na,68,94,-98.534994,47.890676,2450539.059,331038.6364,Calculated,1488.717715,1407.690918,1330.046997,1249.24646,1149.24646,3
3384,15106214AAA,95,95a,319,FALSE,9/16/1969,9/21/2010,sites.txt,,,4.75E+14,Benson,Sheyenne River,Spiritwood,Observation Well - Plugged,ABS,1.25,1511.78,1510.06,1512.98,1511.26,Global Position Survey,9/11/1969,300,280,218,224,1292.06,1287.26,1289.66,3,61,89,-98.547162,47.903767,2447433.67,335736.3576,GPS - Surveyed,1506.01201,1390.945068,1321.20752,1215.29541,1115.29541,3
127030,15106214AAA1,95,95b,100,FALSE,11/2/2010,11/18/2024,sites.txt,,,,Benson,Sheyenne River,Spiritwood,Observation Well,PVC,2,1513.53,1510.7,1514.73,1511.9,Global Position Survey,10/12/2010,230,0,220,225,1290.7,1286.9,1288.8,3,61,89,-98.547162,47.903767,2447433.67,335736.3576,GPS - Surveyed,1506.01201,1390.945068,1321.20752,1215.29541,1115.29541,3
21218,15106214BBB,96,96a,51,FALSE,5/18/1970,9/30/1980,sites.txt,,,4.75E+14,Benson,Sheyenne River,Warwick,Observation Well,,0,1492.99,1490.99,1494.19,1492.19,Survey 0.01 ft,5/18/1970,23,0,0,19.1,1490.99,1473.09,1482.04,1,62,82,-98.567761,47.903106,2442388.922,335367.8741,,1480.981355,1396.580811,1324.596802,1195.270264,1095.270264,
3385,15106214DDB,97,97a,6,FALSE,5/18/1979,9/25/1981,sites.txt,TRUE,less than 15 pts,,Benson,Sheyenne River,Spiritwood,Irrigation Well,Steel,12,1489.6,1489.1,1490.8,1490.3,Survey 0.1 ft,8/5/1975,314,0,268,298,1221.1,1192.3,1206.7,3,67,88,-98.551099,47.892496,2446572.39,331601.8967,Calculated,1486.611318,1391.780396,1325.047241,1180.595825,1080.595825,3
30244,15106214DDD,98,98a,162,FALSE,8/20/2003,11/18/2024,sites.txt,,,,Benson,Sheyenne River,Spiritwood,Observation Well,PVC,2,1486.49,1484.1,1487.69,1485.3,Global Position Survey,8/11/2003,340,312,218,223,1266.1,1262.3,1264.2,3,69,90,-98.547241,47.889837,2447543.158,330656.2644,GPS - Surveyed,1484.909306,1401.18457,1323.725342,1200.494385,1100.494385,3
3386,15106215AAA,99,99a,414,TRUE,11/19/1969,11/18/2024,sites.txt,,,,Benson,Sheyenne River,Spiritwood,Observation Well,ABS,1.25,1492.77,1490.77,1493.97,1491.97,Global Position Survey,10/17/1969,340,319,197,203,1293.77,1288.97,1291.37,3,61,81,-98.569292,47.904076,2442004.648,335712.1708,GPS - Surveyed,1487.540581,1396.081543,1321.565308,1197.969727,1097.969727,3
3387,15106215BBB,100,100a,378,TRUE,9/16/1969,11/18/2024,sites.txt,,,4.75E+14,Benson,Sheyenne River,Spiritwood,Observation Well,ABS,1.25,1495.29,1493.4,1496.49,1494.6,Global Position Survey,9/11/1969,240,216,198,204,1295.4,1290.6,1293,3,61,75,-98.5868,47.905326,2437700.42,336060.8178,GPS - Surveyed,1487.668876,1411.96936,1330.108765,1243.472412,1143.472412,3
26888,15106215CCC1,101,101a,1,FALSE,8/10/2000,8/10/2000,sites.txt,TRUE,less than 15 pts,,Benson,Sheyenne River,Warwick,Observation Well,Steel,1.25,1475,1475,1476.2,1476.2,Survey 1 ft,,0,0,0,18.5,1475,1457.7,1466.35,1,68,75,-98.58572,47.892071,2438085.425,331233.8775,Calculated,1473.328035,1435.708008,1362.64624,1270.504272,1170.504272,1
26889,15106215CCC2,101,101b,1,FALSE,8/10/2000,8/10/2000,sites.txt,TRUE,less than 15 pts,,Benson,Sheyenne River,Warwick,Observation Well,Steel,1.25,,,,,,,0,0,0,14,na,na,,1,68,75,-98.58572,47.892071,2438085.425,331233.8775,Calculated,1473.328035,1435.708008,1362.64624,1270.504272,1170.504272,
3388,15106215CCC3,101,101c,402,FALSE,10/14/1975,11/18/2024,sites.txt,,,4.75E+14,Benson,Sheyenne River,Warwick,Observation Well,PVC,2,1480.48,1477.68,1481.68,1478.88,Global Position Survey,10/10/1975,21,0,16.4,21.4,1461.28,1457.48,1459.38,1,68,75,-98.586655,47.891251,2437863.545,330929.1586,GPS - Surveyed,1473.328035,1435.708008,1362.64624,1270.504272,1170.504272,1
30242,15106216BBB,102,102a,162,FALSE,8/20/2003,11/18/2024,sites.txt,,,,Benson,Sheyenne River,Spiritwood,Observation Well,PVC,2,1523.26,1521.68,1524.46,1522.88,Global Position Survey,8/13/2003,240,228,208,218,1313.68,1304.88,1309.28,3,61,67,-98.608064,47.905512,2432484.988,335999.7939,GPS - Surveyed,1505.771113,1442.454224,1324.797363,1287.498657,1187.498657,3
3389,15106216BCA,103,103a,1,FALSE,9/20/1979,9/20/1979,sites.txt,TRUE,less than 15 pts,,Benson,Sheyenne River,Spiritwood,Observation Well,PVC,1.25,1505,1505,1506.2,1506.2,Topographic Map,2/10/1977,220,215,178,198,1327,1308.2,1317.6,3,63,68,-98.604405,47.901105,2433421.719,334414.8111,Calculated,1497.176207,1444.349609,1328.092773,1292.817871,1192.817871,3
12308,15106216BCA2,103,103b,24,FALSE,8/19/1977,12/30/1981,sites.txt,,,,Benson,Sheyenne River,Spiritwood,Irrigation Well,Steel,12,1506,1505,1507.2,1506.2,Topographic Map,5/31/1977,220,219,176,218,1329,1288.2,1308.6,3,63,68,-98.604405,47.901105,2433421.719,334414.8111,Calculated,1497.176207,1444.349609,1328.092773,1292.817871,1192.817871,3
130509,15106216DBD,104,104a,10,FALSE,5/17/1979,12/31/1981,sites.txt,TRUE,less than 15 pts,,Benson,Sheyenne River,Spiritwood,Irrigation Well,Steel,12,0,1487,1.2,1488.2,Topographic Map,10/30/1974,207,204,165,195,1322,1293.2,1307.6,3,66,72,-98.593553,47.895714,2436131.449,332514.6528,Calculated,1484.402644,1442.636719,1347.123291,1291.207031,1191.207031,3
3391,15106217ABD1,105,105a,1,FALSE,5/17/1979,5/17/1979,sites.txt,TRUE,less than 15 pts,,Benson,Sheyenne River,Spiritwood,Observation Well,PVC,1.25,1501.7,1500,1502.9,1501.2,Topographic Map,1/1/1977,210,201,178,198,1322,1303.2,1312.6,3,62,64,-98.615221,47.902873,2430753.709,334994.4112,Calculated,1499.193271,1441.700439,1331.059326,1289.158325,1189.158325,3
3390,15106217ACA,106,106a,18,FALSE,5/4/1978,12/30/1981,sites.txt,,,,Benson,Devils Lake Basin,Spiritwood,Irrigation Well,Steel,12,1508.5,1504,1509.7,1505.2,Topographic Map,1/1/1977,201,0,175,197,1329,1308.2,1318.6,3,63,64,-98.615202,47.901082,2430774.359,334341.4189,Calculated,1494.80504,1440.530518,1332.341187,1289.053223,1189.053223,3
30240,15106217BBB2,107,107a,162,FALSE,8/20/2003,11/18/2024,sites.txt,,,,Benson,Sheyenne River,Spiritwood,Observation Well,PVC,2,1497.13,1495.22,1498.32,1496.41,Global Position Survey,8/14/2003,220,203,178,188,1317.22,1308.41,1312.815,3,61,59,-98.62971,47.905471,2427177.907,335855.1567,GPS - Surveyed,1494.593374,1439.666016,1321.222168,1294.879517,1194.879517,3
3392,15106219AAA,108,108a,345,FALSE,8/8/1979,10/9/2024,sites.txt,,,,Benson,Devils Lake Basin,Spiritwood,Observation Well - Plugged,PVC,1.25,1486.02,1484.13,1487.21,1485.32,Global Position Survey,7/31/1979,200,189,133,138,1351.13,1347.32,1349.225,3,69,59,-98.630527,47.890999,2427105.747,330572.9063,GPS - Surveyed,1481.37823,1419.442383,1353.159546,1337.060425,1237.060425,3
3393,15106219ABB,109,109a,349,FALSE,6/1/1978,11/18/2024,sites.txt,,,,Benson,Devils Lake Basin,Warwick,Observation Well,PVC,1.25,1484.8,1483.46,1485.99,1484.65,Global Position Survey,5/16/1978,80,53,30,33,1453.46,1451.65,1452.555,1,69,55,-98.640883,47.89099,2424565.884,330508.1168,GPS - Surveyed,1485.133028,1429.512939,1366.57959,1366.47959,1266.47959,1
3395,15106219ADD1,110,110a,598,FALSE,11/2/1967,11/18/2024,sites.txt,,,4.75E+14,Benson,Devils Lake Basin,Warwick,Observation Well,PVC,4,1482.24,1481.16,1483.43,1482.35,Global Position Survey,10/19/1967,80,45,33,38,1448.16,1444.35,1446.255,1,73,59,-98.630294,47.88404,2427224.53,328036.6164,GPS - Surveyed,1475.956487,1395.165527,1369.684814,1369.584814,1269.584814,1
3396,15106219DDA,111,111a,169,FALSE,4/7/1980,7/29/2002,sites.txt,,,,Benson,Devils Lake Basin,Warwick,Observation Well,PVC,4,1474.2,1468.2,1475.38,1469.38,Survey 0.1 ft,12/22/1979,70,0,40,45,1428.2,1424.38,1426.29,1,75,58,-98.631479,47.879313,2426975.695,326305.8059,Calculated,1466.378788,1394.715088,1394.615088,1394.515088,1294.515088,1
3398,15106220ABB,112,112a,349,TRUE,5/17/1979,11/18/2024,sites.txt,,,,Benson,Devils Lake Basin,Spiritwood,Observation Well,PVC,1.25,1482.56,1481.45,1483.75,1482.64,Global Position Survey,5/16/1978,200,181,148,151,1333.45,1331.64,1332.545,3,69,63,-98.618242,47.891003,2430118.756,330647.7725,GPS - Surveyed,1480.730649,1404.532715,1344.58374,1300.581909,1200.581909,3
3399,15106220ACA,113,113a,21,FALSE,9/14/1977,5/6/1980,sites.txt,,,,Benson,Devils Lake Basin,Undefined,Observation Well,PVC,1.25,1491.7,1490,1492.89,1491.19,Topographic Map,7/22/1977,200,185,168,183,1322,1308.19,1315.095,3,71,64,-98.615354,47.886657,2430865.871,329080.2885,Calculated,1481.987534,1389.138916,1341.19812,1306.310547,1206.310547,3
3400,15106220BDD,114,114a,29,FALSE,5/4/1978,4/15/1982,sites.txt,,,,Benson,Devils Lake Basin,Warwick,Observation Well,Unknown,4,1484,1480,1485.19,1481.19,Topographic Map,,0,0,0,98,1480,1383.19,1431.595,1,72,62,-98.620735,47.884834,2429562.237,328383.2483,Calculated,1477.89706,1384.797119,1345.293945,1332.927002,1232.927002,1
3401,15106220CDA,115,115a,90,FALSE,8/8/1979,7/24/2003,sites.txt,,,,Benson,Sheyenne River,Warwick,Observation Well,PVC,1.25,1479,1476.9,1480.19,1478.09,Survey 0.1 ft,7/31/1979,140,115,78,81,1398.9,1397.09,1397.995,1,75,62,-98.620736,47.879351,2429610.803,326383.8119,Calculated,1468.508595,1376.077881,1363.06665,1362.96665,1262.96665,1
3402,15106220DAD1,116,116a,332,TRUE,8/7/1979,11/18/2024,sites.txt,,,,Benson,Sheyenne River,Spiritwood,Observation Well,PVC,1.25,1471.72,1469.45,1472.91,1470.64,Global Position Survey,7/31/1979,200,168,143,146,1326.45,1324.64,1325.545,3,75,67,-98.608739,47.880315,2432545.228,326807.414,GPS - Surveyed,1466.992739,1378.534912,1339.280884,1323.138306,1223.138306,3
3403,15106220DAD2,116,116b,332,FALSE,8/7/1979,11/18/2024,sites.txt,,,,Benson,Sheyenne River,Warwick,Observation Well,PVC,1.25,1471.87,1469.53,1473.06,1470.72,Global Position Survey,7/31/1979,80,0,55,58,1414.53,1412.72,1413.625,1,75,67,-98.608787,47.880315,2432533.453,326807.1247,GPS - Surveyed,1466.992739,1378.534912,1339.280884,1323.138306,1223.138306,1
3405,15106221AAC,117,117a,11,FALSE,5/17/1979,12/31/1981,sites.txt,TRUE,less than 15 pts,,Benson,Sheyenne River,Undefined,Irrigation Well,Steel,12,1483.7,1482.9,1484.9,1484.1,Survey 0.1 ft,9/4/1975,190,0,147,182,1335.9,1302.1,1319,na,70,73,-98.590986,47.888486,2436826.337,329894.5126,Calculated,1476.959582,1432.274048,1355.633301,1286.90332,1186.90332,3
3406,15106221BAA,118,118a,430,TRUE,11/19/1969,11/18/2024,sites.txt,,,4.75E+14,Benson,Sheyenne River,Spiritwood,Observation Well,ABS,1.25,1485.58,1484.16,1486.78,1485.36,Global Position Survey,10/16/1969,200,196,160,166,1324.16,1319.36,1321.76,3,69,70,-98.600298,47.891015,2434519.608,330760.2344,GPS - Surveyed,1481.945064,1428.004761,1343.131714,1292.492554,1192.492554,3
3407,15106222BBB2,119,119a,398,FALSE,11/19/1969,8/1/2024,sites.txt,,,4.75E+14,Benson,Sheyenne River,Spiritwood,Observation Well - Plugged,Steel,1.25,1476.27,1474.78,1477.47,1475.98,Global Position Survey,10/16/1969,200,184,171,177,1303.78,1298.98,1301.38,3,69,75,-98.586752,47.890694,2437844.803,330725.4537,GPS - Surveyed,1472.625803,1434.134277,1361.446167,1270.267334,1170.267334,3
132779,15106222BBB3,119,119b,5015,FALSE,8/26/2024,4/22/2025,sites_presens.txt,,,,Benson,,Spiritwood,Observation Well - PRESENS,PVC,2,1478.01,1475.19,1479.21,1476.39,Global Position Survey,8/1/2024,190,187,175,180,1300.19,1296.39,1298.29,3,69,75,-98.586744,47.890682,2437846.874,330721.1266,GPS - Handheld,1472.625803,1434.134277,1361.446167,1270.267334,1170.267334,3
3408,15106223AAC,120,120a,9,FALSE,5/18/1979,12/31/1981,sites.txt,TRUE,less than 15 pts,,Benson,Sheyenne River,Undefined,Irrigation Well,Steel,12,1479.6,1479.4,1480.8,1480.6,Survey 0.1 ft,5/10/1977,260,0,227,252,1252.4,1228.6,1240.5,na,70,88,-98.550576,47.8872,2446749.562,329673.9469,Calculated,1481.882665,1406.426636,1326.335815,1186.055298,1086.055298,3
3409,15106223ABB,121,121a,361,TRUE,6/1/1978,11/18/2024,sites.txt,,,,Benson,Sheyenne River,Spiritwood,Observation Well,PVC,1.25,1478.26,1476.25,1479.46,1477.45,Global Position Survey,5/12/1978,320,277,228,231,1248.25,1246.45,1247.35,3,69,86,-98.557377,47.88962,2445059.181,330514.2398,GPS - Surveyed,1479.712001,1406.030518,1332.794067,1180.768066,1080.768066,3
13268,15106223ABB2,121,121b,248,FALSE,8/15/1991,11/18/2024,sites.txt,TRUE,duplicate data,,Benson,Sheyenne River,Spiritwood,Observation Well,PVC,2,1478.1,1476.26,1479.3,1477.46,Global Position Survey,7/31/1991,160,0,148,153,1328.26,1324.46,1326.36,3,69,86,-98.55742,47.889633,2445048.515,330518.7142,GPS - Surveyed,1479.712001,1406.030518,1332.794067,1180.768066,1080.768066,3
13269,15106223ABB3,121,121c,249,FALSE,8/15/1991,11/18/2024,sites.txt,,,,Benson,Sheyenne River,Warwick,Observation Well,PVC,2,1478.53,1476.45,1479.73,1477.65,Global Position Survey,7/31/1991,60,0,48,53,1428.45,1424.65,1426.55,1,69,86,-98.557482,47.889643,2445033.217,330521.977,GPS - Surveyed,1479.712001,1406.030518,1332.794067,1180.768066,1080.768066,1
3410,15106224AAA,122,122a,416,TRUE,11/19/1969,11/18/2024,sites.txt,,,4.75E+14,Benson,Sheyenne River,Spiritwood,Observation Well,ABS,1.25,1492.78,1490.71,1493.97,1491.9,Global Position Survey,10/16/1969,220,208,197,203,1293.71,1288.9,1291.305,3,69,98,-98.525707,47.889187,2452830.678,330553.9493,GPS - Surveyed,1482.638738,1425.471313,1336.294189,1261.634521,1161.634521,3
3411,15106224CCC,123,123a,359,TRUE,6/1/1978,11/18/2024,sites.txt,,,,Benson,Sheyenne River,Spiritwood,Observation Well,PVC,1.25,1481.62,1479.25,1482.81,1480.44,Global Position Survey,5/11/1978,320,300,258,261,1221.25,1219.44,1220.345,3,76,90,-98.546958,47.876041,2447740.204,325627.2952,GPS - Surveyed,1480.374099,1405.847412,1325.973877,1191.608398,1091.608398,3
13270,15106224CCC2,123,123b,246,FALSE,8/15/1991,11/18/2024,sites.txt,TRUE,duplicate data,,Benson,Sheyenne River,Spiritwood,Observation Well,PVC,2,1481.44,1479.26,1482.63,1480.45,Global Position Survey,7/25/1991,160,0,148,153,1331.26,1327.45,1329.355,3,76,90,-98.546958,47.87609,2447739.751,325645.1631,GPS - Surveyed,1480.374099,1405.847412,1325.973877,1191.608398,1091.608398,2
13271,15106224CCC3,123,123c,247,FALSE,8/15/1991,11/18/2024,sites.txt,,,,Benson,Sheyenne River,Warwick,Observation Well,PVC,2,1480.93,1479.02,1482.12,1480.21,Global Position Survey,7/25/1991,30,0,18,23,1461.02,1457.21,1459.115,1,76,90,-98.546957,47.87612,2447739.719,325656.1089,GPS - Surveyed,1480.374099,1405.847412,1325.973877,1191.608398,1091.608398,1
13272,15106224DDC1,124,124a,253,FALSE,8/15/1991,11/18/2024,sites.txt,,,,Benson,Sheyenne River,Spiritwood,Observation Well,PVC,2,1486.55,1484.53,1487.74,1485.72,Global Position Survey,7/25/1991,240,231,218,223,1266.53,1262.72,1264.625,3,77,96,-98.52926,47.875408,2452087.894,325507.1201,GPS - Surveyed,1481.578833,1416.364746,1328.756714,1228.557373,1128.557373,3
13273,15106224DDC2,124,124b,247,FALSE,8/15/1991,11/18/2024,sites.txt,TRUE,duplicate data,,Benson,Sheyenne River,Spiritwood,Observation Well,PVC,2,1486.8,1484.88,1487.99,1486.07,Global Position Survey,7/25/1991,160,0,148,153,1336.88,1333.07,1334.975,3,77,96,-98.529311,47.875406,2452075.401,325506.0705,GPS - Surveyed,1481.578833,1416.364746,1328.756714,1228.557373,1128.557373,2
13274,15106224DDC3,124,124c,247,FALSE,8/15/1991,11/18/2024,sites.txt,,,,Benson,Sheyenne River,Warwick,Observation Well,PVC,2,1486.98,1484.89,1488.17,1486.08,Global Position Survey,7/25/1991,28,0,18,23,1466.89,1463.08,1464.985,1,77,96,-98.529384,47.875406,2452057.492,325505.6121,GPS - Surveyed,1481.578833,1416.364746,1328.756714,1228.557373,1128.557373,1
3412,15106225ACD,125,125a,7,FALSE,5/18/1979,12/31/1981,sites.txt,TRUE,less than 15 pts,,Benson,Sheyenne River,Spiritwood,Test Hole,Steel,12,1482.3,1482.3,1483.48,1483.48,Survey 0.1 ft,4/3/1975,302,280,220,250,1262.3,1233.48,1247.89,3,80,95,-98.532247,47.868922,2451415.557,323123.2609,Calculated,1480.89924,1415.388184,1331.195313,1215.235352,1115.235352,3
13275,15106225DAA1,126,126a,242,FALSE,8/8/1991,11/18/2024,sites.txt,,,,Benson,Sheyenne River,Spiritwood,Observation Well,PVC,2,1482.1,1482.17,1483.28,1483.35,Global Position Survey,7/30/1991,240,231,218,223,1264.17,1260.35,1262.26,3,81,98,-98.525659,47.867848,2453042.027,322773.0146,GPS - Surveyed,1481.877079,1424.737427,1335.696289,1228.977295,1128.977295,3
13276,15106225DAA2,126,126b,230,FALSE,8/8/1991,11/18/2024,sites.txt,TRUE,duplicate data,,Benson,Sheyenne River,Spiritwood,Observation Well,PVC,2,1482.16,1482.17,1483.34,1483.35,Global Position Survey,7/30/1991,160,0,148,153,1334.17,1330.35,1332.26,3,81,98,-98.525651,47.867808,2453044.364,322758.479,GPS - Surveyed,1481.877079,1424.737427,1335.696289,1228.977295,1128.977295,3
13277,15106225DAA3,126,126c,233,FALSE,8/9/1991,11/18/2024,sites.txt,,,,Benson,Sheyenne River,Warwick,Observation Well,PVC,2,1481.82,1481.87,1483,1483.05,Global Position Survey,7/31/1991,30,0,18,23,1463.87,1460.05,1461.96,1,81,98,-98.525646,47.86778,2453045.853,322748.3003,GPS - Surveyed,1481.877079,1424.737427,1335.696289,1228.977295,1128.977295,1
3414,15106227AAA1,127,127a,283,FALSE,11/15/1967,8/5/2003,sites.txt,,,4.75E+14,Benson,Sheyenne River,Warwick,Observation Well - Plugged,PVC,1.25,1471.4,1468.4,1472.59,1469.59,Survey 0.1 ft,1/1/1967,24,0,14,16,1454.4,1453.59,1453.995,1,77,83,-98.566656,47.875742,2442910.481,325396.2858,Calculated,1468.331088,1426.899902,1335.314941,1212.218506,1112.218506,1
3415,15106227AAA2,127,127b,432,TRUE,9/16/1969,11/18/2024,sites.txt,,,,Benson,Sheyenne River,Spiritwood,Observation Well,ABS,1.25,1468.99,1466.93,1470.18,1468.12,Global Position Survey,9/10/1969,320,290,198,204,1268.93,1264.12,1266.525,3,77,83,-98.565542,47.875023,2443190.367,325140.9655,GPS - Surveyed,1468.331088,1426.899902,1335.314941,1212.218506,1112.218506,3
30251,15106227AAA3,127,127c,160,FALSE,8/20/2003,11/18/2024,sites.txt,,,,Benson,Sheyenne River,Warwick,Observation Well,PVC,2,1470.27,1467.04,1471.46,1468.23,Global Position Survey,8/20/2003,20,0,6,11,1461.04,1457.23,1459.135,1,77,83,-98.565511,47.875133,2443196.964,325181.2685,GPS - Surveyed,1468.331088,1426.899902,1335.314941,1212.218506,1112.218506,1
3416,15106227ABC,128,128a,10,FALSE,5/17/1979,12/31/1981,sites.txt,TRUE,less than 15 pts,,Benson,Sheyenne River,Spiritwood,Irrigation Well,Steel,12,1470,1469.7,1471.19,1470.89,Survey 0.1 ft,5/25/1977,190,187,165,187,1304.7,1283.89,1294.295,3,78,80,-98.574782,47.873892,2440933.801,324671.7157,Calculated,1469.237552,1434.785034,1332.160156,1250.416382,1150.416382,3
3417,15106227BAD,129,129a,40,FALSE,7/27/1977,12/31/1981,sites.txt,,,,Benson,Sheyenne River,Spiritwood,Observation Well,PVC,1.25,1470,1468,1471.19,1469.19,Topographic Map,1/1/1976,200,187,157,187,1311,1282.19,1296.595,3,78,79,-98.577502,47.873901,2440266.396,324658.3211,Calculated,1469.267241,1434.896606,1330.72522,1258.192505,1158.192505,3
3418,15106227DDDA,130,130a,310,FALSE,4/4/1984,11/18/2024,sites.txt,,,4.75E+14,Benson,Sheyenne River,Spiritwood,Observation Well,PVC,1.25,1466.45,1463.95,1467.63,1465.13,Global Position Survey,9/1/1983,220,197,188,193,1275.95,1272.13,1274.04,3,83,83,-98.565438,47.864367,2443313.536,321255.8643,GPS - Surveyed,1466.004118,1436.750488,1344.215454,1250.2854,1150.2854,3
23790,15106230DDA1,131,131a,7,FALSE,10/14/1992,11/17/1993,sites.txt,TRUE,less than 15 pts,4.75E+14,Benson,Sheyenne River,Spiritwood,Observation Well,,0,1467,1465,1468.18,1466.18,Topographic Map,7/18/1968,0,0,0,0,1465,1466.18,1465.59,3,83,58,-98.631613,47.864805,2427071.23,321014.5095,,1468.49775,1436.951294,1436.851294,1436.751294,1336.751294,1
12316,15106232CCB,132,132a,28,FALSE,10/4/1967,8/6/1986,sites.txt,,,4.75E+14,Benson,Sheyenne River,Undefined,Observation Well,ABS,1.25,1470,1468,1471.18,1469.18,Topographic Map,1/1/1967,19,0,15,19,1453,1450.18,1451.59,1,91,60,-98.628798,47.850188,2427891.56,315701.053,Calculated,1472.020481,1424.972168,1424.872168,1424.772168,1324.772168,1
130495,15106233CDA,133,133a,17,FALSE,9/19/1979,11/14/1981,sites.txt,,,,Benson,Sheyenne River,Warwick,Test Well,Plastic,4,1470.3,1470,1471.48,1471.18,Topographic Map,9/7/1979,60,0,40,50,1430,1421.18,1425.59,1,91,71,-98.599026,47.850179,2435199.313,315876.8031,Calculated,1471.515042,1404.811035,1373.538574,1373.438574,1273.438574,1
130493,15106233CDB,134,134a,16,FALSE,9/19/1979,11/19/1981,sites.txt,,,,Benson,Sheyenne River,Warwick,Test Well,Plastic,4,1470.2,1470,1471.38,1471.18,Topographic Map,9/7/1979,100,0,60,80,1410,1391.18,1400.59,1,91,70,-98.60172,47.850179,2434538.062,315860.4866,Calculated,1471.6614,1406.286377,1382.868896,1382.768896,1282.768896,2
130494,15106233DBB,135,135a,15,FALSE,9/19/1979,10/23/1981,sites.txt,,,,Benson,Sheyenne River,Warwick,Test Well,Plastic,4,1464.5,1463,1465.68,1464.18,Topographic Map,9/7/1979,80,0,37,57,1426,1407.18,1416.59,1,89,72,-98.596338,47.853768,2435826.727,317201.8564,Calculated,1471.014352,1408.129883,1361.942749,1361.842749,1261.842749,1
3421,15106234DDD,136,136a,339,FALSE,11/15/1967,9/21/2010,sites.txt,,,4.75E+14,Benson,Sheyenne River,Spiritwood,Observation Well - Plugged,ABS,1.25,1467.9,1465.8,1469.08,1466.98,Global Position Survey,10/19/1967,220,180,167,170,1298.8,1296.98,1297.89,3,92,83,-98.565747,47.847522,2443392.059,315111.3878,GPS - Surveyed,1467.748629,1396.539185,1340.937622,1272.165527,1172.165527,3
127032,15106234DDD1,136,136b,98,FALSE,6/7/2011,11/18/2024,sites.txt,,,,Benson,Sheyenne River,Spiritwood,Observation Well,PVC,2,1469.17,1466.09,1470.35,1467.27,Global Position Survey,10/13/2010,175,0,166,171,1300.09,1296.27,1298.18,3,92,83,-98.565711,47.847527,2443400.85,315113.4331,GPS - Surveyed,1467.748629,1396.539185,1340.937622,1272.165527,1172.165527,3
3422,15106236AAA,137,137a,317,TRUE,4/3/1984,11/18/2024,sites.txt,,,,Benson,Sheyenne River,Spiritwood,Observation Well,PVC,1.25,1479.12,1476.81,1480.3,1477.99,Global Position Survey,9/2/1983,260,248,198,203,1278.81,1274.99,1276.9,3,85,98,-98.525676,47.860622,2453105.437,320137.961,GPS - Surveyed,1475.806036,1416.313721,1338.330322,1212.820557,1112.820557,3
3423,15106236CCC,138,138a,412,TRUE,9/16/1969,11/18/2024,sites.txt,,,4.75E+14,Benson,Sheyenne River,Spiritwood,Observation Well,ABS,1.25,1463.24,1461.16,1464.42,1462.34,Global Position Survey,9/10/1969,270,262,197,203,1264.16,1259.34,1261.75,3,93,91,-98.544008,47.84662,2448736.525,314917.298,GPS - Surveyed,1463.341303,1387.007324,1341.376221,1195.415283,1095.415283,3
21239,15106313ADD,139,139a,15,FALSE,4/16/1986,3/8/1994,sites.txt,,,4.75E+14,Benson,Sheyenne River,Warwick,Observation Well,PVC,2,1484.16,1482.16,1485.35,1483.35,Survey 0.01 ft,9/30/1985,40,0,32,38,1450.16,1445.35,1447.755,1,65,50,-98.653225,47.899164,2421467.327,333416.0249,,1487.458471,1439.836914,1363.04834,1362.94834,1262.94834,1
12320,15106314AAA4,140,140a,107,FALSE,1/4/1952,11/17/1993,sites.txt,,,4.75E+14,Benson,Devils Lake Basin,Undefined,Observation Well,Steel,1.25,1492,1489,1493.18,1490.18,Topographic Map,10/10/1950,100,97,0,31,1489,1459.18,1474.09,1,62,42,-98.674623,47.904571,2416173.218,335262.6323,Calculated,1475.773387,1432.577515,1389.492676,1389.392676,1289.392676,1
3425,15106316DDA,141,141a,61,FALSE,1/13/1968,8/6/1986,sites.txt,,,4.75E+14,Benson,Devils Lake Basin,Undefined,Observation Well,Steel,1.25,1471,1470,1472.17,1471.17,Topographic Map,1/1/1968,33,0,20,25,1450,1446.17,1448.085,1,68,26,-98.717809,47.893768,2405675.076,331074.9792,Calculated,1474.765,1410.625244,1393.322876,1393.222876,1293.222876,1
21241,15106318CDCD,142,142a,3,FALSE,10/20/1993,3/15/1994,sites.txt,TRUE,less than 15 pts,4.75E+14,Benson,Devils Lake Basin,Till,Observation Well,PVC,2,,,,,Global Position Survey,10/14/1993,83,0,78,83,na,na,,na,70,5,-98.774045,47.891556,2391900.837,329954.0587,,1496.10583,1429.245117,1419.05188,1418.95188,1318.95188,
21242,15106319AADD1,143,143a,6,FALSE,7/21/1993,3/15/1994,sites.txt,TRUE,less than 15 pts,4.75E+14,Benson,Devils Lake Basin,Warwick,Observation Well,PVC,2,,,,,Global Position Survey,6/30/1993,33,0,28,33,na,na,,1,72,10,-98.760635,47.887686,2395221.793,328616.793,,1477.983728,1414.71106,1363.81604,1363.71604,1263.71604,
21243,15106319AADD2,143,143b,6,FALSE,7/21/1993,3/15/1994,sites.txt,TRUE,less than 15 pts,4.75E+14,Benson,Devils Lake Basin,Warwick,Observation Well,PVC,2,,,,,Global Position Survey,6/30/1993,28,0,23,28,na,na,,1,72,10,-98.760635,47.887686,2395221.793,328616.793,,1477.983728,1414.71106,1363.81604,1363.71604,1263.71604,
21244,15106319AADD3,143,143c,5,FALSE,8/11/1993,3/15/1994,sites.txt,TRUE,less than 15 pts,4.75E+14,Benson,Devils Lake Basin,Warwick,Observation Well,PVC,2,,,,,Global Position Survey,6/30/1993,23,0,18,23,na,na,,1,72,10,-98.760635,47.887686,2395221.793,328616.793,,1477.983728,1414.71106,1363.81604,1363.71604,1263.71604,
21245,15106319ABCC,144,144a,3,FALSE,10/20/1993,3/15/1994,sites.txt,TRUE,less than 15 pts,4.75E+14,Benson,Devils Lake Basin,Warwick,Observation Well,PVC,2,,,,,Global Position Survey,10/13/1993,13,0,8,13,na,na,,1,72,7,-98.770018,47.887685,2392920.264,328564.5659,,1474.470449,1419.935059,1390.992798,1390.892798,1290.892798,
21246,15106319ADAB,145,145a,5,FALSE,10/12/1990,8/25/1991,sites.txt,TRUE,less than 15 pts,4.75E+14,Benson,Devils Lake Basin,Warwick,Observation Well,,2,1484.7,1482.7,1485.87,1483.87,Survey 0.1 ft,10/9/1990,83,0,0,59,1482.7,1424.87,1453.785,1,72,10,-98.761977,47.886795,2394899.953,328284.4321,,1477.983728,1414.71106,1363.81604,1363.71604,1263.71604,1
21247,15106319ADBA,146,146a,4,FALSE,9/28/1993,3/15/1994,sites.txt,TRUE,less than 15 pts,4.75E+14,Benson,Devils Lake Basin,Warwick,Observation Well,Unknown,1,,,,,Global Position Survey,9/14/1993,5,0,0,5,na,na,,1,72,9,-98.763318,47.886796,2394571.008,328277.3732,,1475.584246,1416.45874,1370.151611,1370.051611,1270.051611,
21248,15106319CAAA,147,147a,4,FALSE,9/28/1993,3/15/1994,sites.txt,TRUE,less than 15 pts,4.75E+14,Benson,Devils Lake Basin,Warwick,Observation Well,Unknown,2,,,,,Global Position Survey,9/14/1993,17.8,0,0,17.8,na,na,,1,74,6,-98.771366,47.883233,2392626.072,326933.5976,,1477.499436,1411.9021,1385.445679,1385.345679,1285.345679,
21249,15106319CBAC,148,148a,4,FALSE,9/28/1993,3/15/1994,sites.txt,TRUE,less than 15 pts,4.75E+14,Benson,Devils Lake Basin,Warwick,Observation Well,Unknown,2,,,,,Global Position Survey,9/14/1993,5.35,0,0,5.35,na,na,,1,75,4,-98.778067,47.882346,2390989.487,326573.2879,,1482.172924,1410.860474,1395.831299,1395.731299,1295.731299,
21250,15106319DDBB,149,149a,4,FALSE,9/27/1993,3/15/1994,sites.txt,TRUE,less than 15 pts,4.75E+14,Benson,Devils Lake Basin,Warwick,Observation Well,Unknown,2,,,,,Global Position Survey,9/14/1993,6.95,0,0,6.95,na,na,,1,76,9,-98.764656,47.879674,2394301.355,325672.7503,,1476.852387,1395.388306,1350.648438,1350.548438,1250.548438,
21251,15106319DDCC,150,150a,6,FALSE,7/22/1993,3/15/1994,sites.txt,TRUE,less than 15 pts,,Benson,Devils Lake Basin,Warwick,Observation Well,PVC,2,,,,,Global Position Survey,6/30/1993,30,0,24.7,29.7,na,na,,1,78,9,-98.764658,47.877004,2394322.813,324699.0552,,1470.704496,1387.683228,1341.501953,1341.401953,1241.401953,
21252,15106320BCAA,151,151a,4,FALSE,10/12/1990,12/8/1990,sites.txt,TRUE,less than 15 pts,4.75E+13,Benson,Devils Lake Basin,Warwick,Observation Well,Unknown,2,1482.8,1480.8,1483.96,1481.96,Survey 0.1 ft,10/11/1990,153,0,0,143,1480.8,1338.96,1409.88,1,72,12,-98.755707,47.886935,2396436.775,328370.2728,,1480.729747,1407.347656,1348.480591,1348.380591,1248.380591,1
21253,15106320BCCA,152,152a,5,FALSE,10/12/1990,8/25/1991,sites.txt,TRUE,less than 15 pts,4.75E+14,Benson,Devils Lake Basin,Warwick,Observation Well,Unknown,2,1481.37,1479.37,1482.54,1480.54,Survey 0.01 ft,10/11/1990,133,0,0,122,1479.37,1358.54,1418.955,1,73,11,-98.758556,47.885094,2395753.129,327683.0837,,1481.140766,1406.276611,1352.896729,1352.796729,1252.796729,1
21254,15106320BDAB,153,153a,4,FALSE,10/12/1990,12/8/1990,sites.txt,TRUE,less than 15 pts,4.75E+14,Benson,Devils Lake Basin,Warwick,Observation Well,Unknown,2,1482,1480,1483.16,1481.16,Topographic Map,10/11/1990,183,0,0,176,1480,1305.16,1392.58,1,72,14,-98.751435,47.886934,2397484.665,328393.681,,1475.628127,1404.303955,1341.104004,1341.004004,1241.004004,2
21255,15106320BDCA,154,154a,5,FALSE,10/12/1990,8/25/1991,sites.txt,TRUE,less than 15 pts,4.75E+14,Benson,Devils Lake Basin,Warwick,Observation Well,Unknown,2,1481.78,1479.78,1482.94,1480.94,Survey 0.01 ft,10/12/1990,193,0,0,137,1479.78,1343.94,1411.86,1,73,13,-98.752866,47.885094,2397148.883,327714.7098,,1481.118403,1401.380127,1338.965576,1338.865576,1238.865576,1
21256,15106320BDDA,155,155a,4,FALSE,10/18/1990,12/8/1990,sites.txt,TRUE,less than 15 pts,4.75E+14,Benson,Devils Lake Basin,Warwick,Observation Well,Unknown,2,1478.7,1476.7,1479.86,1477.86,Topographic Map,10/18/1990,183,0,0,123,1476.7,1354.86,1415.78,1,73,14,-98.750017,47.885095,2397847.733,327730.9485,,1478.763174,1400.368286,1335.213135,1335.113135,1235.113135,1
21257,15106320CAAA01,156,156a,4,FALSE,11/2/1990,8/25/1991,sites.txt,TRUE,less than 15 pts,4.75E+14,Benson,Devils Lake Basin,Warwick,Observation Well,Unknown,0,1476.5,1474.5,1477.67,1475.67,Survey 0.1 ft,10/16/1990,223,0,0,183,1474.5,1292.67,1383.585,1,74,14,-98.750016,47.883264,2397863.157,327063.2353,,1481.527797,1394.474854,1326.902588,1326.802588,1226.802588,2
21259,15106320CABA,157,157a,5,FALSE,10/23/1990,8/25/1991,sites.txt,TRUE,less than 15 pts,4.75E+14,Benson,Devils Lake Basin,Warwick,Observation Well,Unknown,2,1486.4,1484.4,1487.57,1485.57,Survey 0.1 ft,10/18/1990,203,0,0,145,1484.4,1340.57,1412.485,1,74,13,-98.752865,47.883265,2397164.266,327047.7254,,1483.10164,1394.791016,1331.655273,1331.555273,1231.555273,1
21260,15106320CACA,158,158a,5,FALSE,10/18/1990,8/25/1991,sites.txt,TRUE,less than 15 pts,4.75E+14,Benson,Devils Lake Basin,Warwick,Observation Well,Unknown,2,1485.5,1483.5,1486.67,1484.67,Survey 0.1 ft,10/17/1990,203,0,0,140,1483.5,1344.67,1414.085,1,75,13,-98.752865,47.881434,2397179.421,326380.0063,,1483.75396,1388.630981,1323.225586,1323.125586,1223.125586,1
21261,15106320CADA,159,159a,17,FALSE,10/29/1990,3/9/1994,sites.txt,,,4.75E+14,Benson,Devils Lake Basin,Warwick,Observation Well,Unknown,2,1481.4,1479.4,1482.57,1480.57,Survey 0.1 ft,10/16/1990,213,0,0,147,1479.4,1333.57,1406.485,1,75,14,-98.750016,47.881435,2397878.319,326396.2461,,1482.804466,1388.952881,1318.305176,1318.205176,1218.205176,1
21262,15106320CBAA,160,160a,7,FALSE,10/15/1990,8/25/1991,sites.txt,TRUE,less than 15 pts,4.75E+14,Benson,Devils Lake Basin,Warwick,Observation Well,Unknown,2,1485,1483,1486.17,1484.17,Topographic Map,10/15/1990,193,0,0,170,1483,1314.17,1398.585,1,74,12,-98.755706,47.883264,2396467.354,327031.5565,,1483.817005,1395.974976,1337.925293,1337.825293,1237.825293,1
21263,15106320CBAB,161,161a,5,FALSE,10/12/1990,8/25/1991,sites.txt,TRUE,less than 15 pts,4.75E+14,Benson,Devils Lake Basin,Warwick,Observation Well,Unknown,2,1487.7,1485.7,1488.87,1486.87,Survey 0.1 ft,10/9/1990,150,0,0,143,1485.7,1343.87,1414.785,1,74,12,-98.757124,47.883266,2396119.49,327024.4072,,1483.817005,1395.974976,1337.925293,1337.825293,1237.825293,1
21264,15106320CDAD,162,162a,5,FALSE,10/18/1990,8/25/1991,sites.txt,TRUE,less than 15 pts,4.75E+14,Benson,Devils Lake Basin,Warwick,Observation Well,Unknown,2,1484.4,1482.4,1485.57,1483.57,Survey 0.1 ft,10/17/1990,203,0,0,174,1482.4,1309.57,1395.985,1,77,14,-98.750017,47.878685,2397900.871,325393.3865,,1482.517671,1383.820435,1308.175293,1308.075293,1208.075293,1
12348,15106320CDD11,163,163a,30,FALSE,9/5/1967,3/9/1994,sites.txt,,,4.75E+14,Benson,Devils Lake Basin,Undefined,Production Well,Steel,14,1484.45,1482.45,1485.62,1483.62,Topographic Map,6/6/1960,145,0,0,136,1482.45,1347.62,1415.035,1,77,14,-98.750264,47.87738,2397851.092,324916.1093,Calculated,1482.517671,1383.820435,1308.175293,1308.075293,1208.075293,1
21265,15106320CDDC,164,164a,5,FALSE,7/21/1993,11/18/1993,sites.txt,TRUE,less than 15 pts,,Benson,Devils Lake Basin,Warwick,Observation Well,PVC,2,,,,,Global Position Survey,6/30/1993,33,0,27.5,32.5,na,na,,1,78,14,-98.751435,47.876856,2397568.144,324718.4923,,1481.552697,1383.207153,1306.509521,1306.409521,1206.409521,
12351,15106320DCC1,165,165a,349,FALSE,6/1/1978,11/18/2024,sites.txt,,,,Benson,Devils Lake Basin,Undefined,Observation Well,PVC,1.25,1483.9,1481.98,1485.07,1483.15,Global Position Survey,5/11/1978,60,0,37,40,1444.98,1443.15,1444.065,1,77,15,-98.748202,47.877406,2398356.759,324937.0952,GPS - Surveyed,1482.068479,1386.439209,1304.054199,1303.954199,1203.954199,1
3428,15106320DDC,166,166a,242,FALSE,6/27/1978,9/29/2010,sites.txt,,,,Benson,Devils Lake Basin,Warwick,Observation Well - Plugged,PVC,1.25,1484.14,1482.17,1485.31,1483.34,Global Position Survey,5/11/1978,60,0,33,36,1449.17,1447.34,1448.255,1,78,17,-98.742329,47.876542,2399804.808,324654.858,GPS - Surveyed,1481.314464,1391.794312,1312.357666,1312.257666,1212.257666,1
127033,15106320DDC1,166,166b,99,FALSE,11/2/2010,11/18/2024,sites.txt,,,,Benson,Devils Lake Basin,Warwick,Observation Well,PVC,2,1484.86,1482.23,1486.03,1483.4,Global Position Survey,10/14/2010,43,0,38,43,1444.23,1440.4,1442.315,1,78,17,-98.742377,47.876544,2399793.015,324655.3185,GPS - Surveyed,1481.314464,1391.794312,1312.357666,1312.257666,1212.257666,1
3430,15106320DDD2,167,167a,16,FALSE,6/28/1978,6/5/1980,sites.txt,,,,Benson,Devils Lake Basin,Warwick,Observation Well - Plugged,PVC,1.25,1479.4,1480,1480.57,1481.17,Topographic Map,5/18/1978,80,0,61,64,1419,1417.17,1418.085,1,77,18,-98.739403,47.87747,2400514.931,325009.6773,Calculated,1481.426558,1396.477051,1323.178955,1323.078955,1223.078955,1
3431,15106322CBB,168,168a,335,TRUE,5/17/1979,11/18/2024,sites.txt,,,,Benson,Devils Lake Basin,Warwick,Observation Well,PVC,1.25,1473.85,1471.98,1475.02,1473.15,Global Position Survey,5/18/1978,140,0,50,53,1421.98,1420.15,1421.065,1,74,27,-98.715718,47.883627,2406273.623,327388.7308,GPS - Surveyed,1474.273304,1419.959961,1387.45459,1387.35459,1287.35459,1
3433,15106325AAB,169,169a,377,TRUE,6/26/1968,10/14/2024,sites.txt,,,4.75E+14,Benson,Devils Lake Basin,Spiritwood,Observation Well,ABS,1.25,1471.25,1469.08,1472.43,1470.26,Global Position Survey,6/24/1968,140,0,90,93,1379.08,1377.26,1378.17,1,77,49,-98.656892,47.876507,2420765.905,325132.276,GPS - Surveyed,1473.040312,1402.754272,1390.786133,1390.686133,1290.686133,4
3438,15106325BBB,170,170a,167,FALSE,11/15/1967,10/14/2024,sites.txt,,,4.75E+14,Benson,Devils Lake Basin,Warwick,Observation Well,ABS,1.25,1475.31,1473.43,1476.49,1474.61,Global Position Survey,1/1/1967,53,0,45,47,1428.43,1427.61,1428.02,1,77,43,-98.673074,47.876484,2416796.112,325029.2616,GPS - Surveyed,1473.341648,1406.845947,1386.902344,1386.802344,1286.802344,1
3439,15106325BCB,171,171a,225,FALSE,8/8/1979,11/2/2010,sites.txt,,,,Benson,Devils Lake Basin,Warwick,Observation Well,PVC,4,1472.72,1470.65,1473.9,1471.83,Global Position Survey,,0,0,30,50,1440.65,1421.83,1431.24,1,79,43,-98.672905,47.872676,2416870.533,323641.5991,GPS - Surveyed,1472.091321,1405.052002,1373.541138,1373.441138,1273.441138,1
3442,15106326BCC,172,172a,44,FALSE,10/5/1967,8/6/1986,sites.txt,,,,Benson,Devils Lake Basin,Warwick,Observation Well,Steel,1.25,1468.5,1467,1469.67,1468.17,Topographic Map,1/1/1967,14,0,10,12,1457,1456.17,1456.585,1,81,35,-98.693536,47.870157,2411830.205,322603.5478,Calculated,1468.504836,1420.58313,1391.327515,1391.227515,1291.227515,1
3443,15106326CBB,173,173a,44,FALSE,10/5/1967,3/16/1994,sites.txt,,,,Benson,Devils Lake Basin,Warwick,Observation Well,Steel,1.25,1468.55,1467.55,1469.72,1468.72,Topographic Map,1/1/1967,16,0,14,16,1453.55,1452.72,1453.135,1,82,35,-98.693519,47.868315,2411850.139,321931.928,Calculated,1467.790161,1420.67041,1391.764282,1391.664282,1291.664282,1
21268,15106328BCBB,174,174a,7,FALSE,10/23/1990,8/25/1991,sites.txt,TRUE,less than 15 pts,,Benson,Devils Lake Basin,Warwick,Observation Well,Unknown,2,1481.4,1479.4,1482.57,1480.57,Survey 0.1 ft,10/22/1990,123,0,0,112,1479.4,1368.57,1423.985,1,80,19,-98.737955,47.872414,2400912.379,323174.0195,,1478.155835,1405.172241,1352.996826,1352.896826,1252.896826,1
21269,15106328BCBC,175,175a,7,FALSE,10/24/1990,8/25/1991,sites.txt,TRUE,less than 15 pts,,Benson,Devils Lake Basin,Warwick,Observation Well,Unknown,0,1484.07,1482.07,1485.24,1483.24,Survey 0.01 ft,10/23/1990,123,0,0,0,1482.07,1483.24,1482.655,1,81,19,-98.737956,47.871515,2400919.638,322846.1733,,1475.6175,1408.831787,1366.159424,1366.059424,1266.059424,
21270,15106328BCBD,176,176a,7,FALSE,10/24/1990,8/25/1991,sites.txt,TRUE,less than 15 pts,,Benson,Devils Lake Basin,Warwick,Observation Well,Unknown,2,1480.1,1478.1,1481.27,1479.27,Topographic Map,10/23/1990,93,0,0,80,1478.1,1399.27,1438.685,1,81,19,-98.736587,47.871513,2401255.556,322853.1348,,1475.6175,1408.831787,1366.159424,1366.059424,1266.059424,1
21271,15106328BCCB,177,177a,7,FALSE,10/24/1990,8/25/1991,sites.txt,TRUE,less than 15 pts,,Benson,Devils Lake Basin,Warwick,Observation Well,Unknown,0,1477.9,1475.9,1479.07,1477.07,Survey 0.1 ft,10/24/1990,103,0,0,0,1475.9,1477.07,1476.485,1,81,19,-98.737953,47.870624,2400927.811,322521.2669,,1475.6175,1408.831787,1366.159424,1366.059424,1266.059424,
21273,15106329AAAA,178,178a,2,FALSE,7/10/1991,8/25/1991,sites.txt,TRUE,less than 15 pts,4.75E+14,Benson,Devils Lake Basin,Warwick,Observation Well,Unknown,0,1482.8,1480.8,1483.97,1481.97,Survey 0.1 ft,7/9/1991,203,0,0,0,1480.8,1481.97,1481.385,1,78,19,-98.738614,47.876125,2400719.723,324523.62,,1480.661661,1401.127808,1337.301758,1337.201758,1237.201758,
21274,15106329AAAD,179,179a,3,FALSE,7/10/1991,8/25/1991,sites.txt,TRUE,less than 15 pts,4.75E+14,Benson,Devils Lake Basin,Warwick,Observation Well,Unknown,0,1483.3,1481.3,1484.47,1482.47,Survey 0.1 ft,7/10/1991,180,0,0,0,1481.3,1482.47,1481.885,1,79,19,-98.738615,47.875215,2400727.071,324191.7622,,1479.888501,1402.35083,1342.221069,1342.121069,1242.121069,
21275,15106329AABB,180,180a,3,FALSE,7/10/1991,8/25/1991,sites.txt,TRUE,less than 15 pts,4.75E+14,Benson,Devils Lake Basin,Warwick,Observation Well,Unknown,2,1482.8,1480.8,1483.97,1481.97,Survey 0.1 ft,7/10/1991,203,0,0,170,1480.8,1311.97,1396.385,1,78,17,-98.742885,47.876124,2399671.879,324499.3108,,1481.314464,1391.794312,1312.357666,1312.257666,1212.257666,1
21276,15106329AABD,181,181a,1,FALSE,8/25/1991,8/25/1991,sites.txt,TRUE,less than 15 pts,4.75E+14,Benson,Devils Lake Basin,Warwick,Observation Well,Unknown,2,1481.7,1479.7,1482.87,1480.87,Survey 0.1 ft,7/9/1991,203,0,0,158,1479.7,1322.87,1401.285,1,79,17,-98.741464,47.875214,2400028.09,324175.4184,,1480.131736,1392.092285,1316.039795,1315.939795,1215.939795,1
3448,15106329AAC2,182,182a,583,FALSE,8/31/1951,11/18/2024,sites.txt,,,4.75E+14,Benson,Devils Lake Basin,Warwick,Observation Well - Recorder,Steel,6,1480.19,1479.78,1481.36,1480.95,Global Position Survey,6/4/1951,80,0,57,67,1422.78,1413.95,1418.365,1,80,17,-98.743824,47.872928,2399468.092,323328.5584,GPS - Surveyed,1478.440588,1394.272827,1328.141968,1328.041968,1228.041968,1
21277,15106329AACD,183,183a,7,FALSE,10/26/1990,8/25/1991,sites.txt,TRUE,less than 15 pts,4.75E+14,Benson,Devils Lake Basin,Warwick,Observation Well,Unknown,2,1482,1480,1483.17,1481.17,Topographic Map,10/26/1990,223,0,0,207,1480,1274.17,1377.085,1,80,17,-98.741464,47.873386,2400043.318,323508.7961,,1478.440588,1394.272827,1328.141968,1328.041968,1228.041968,2
21278,15106329AADA,184,184a,7,FALSE,10/25/1990,8/25/1991,sites.txt,TRUE,less than 15 pts,4.75E+14,Benson,Devils Lake Basin,Warwick,Observation Well,Unknown,0,1482.7,1480.7,1483.87,1481.87,Survey 0.1 ft,10/24/1990,190,0,0,0,1480.7,1481.87,1481.285,1,79,19,-98.738614,47.874294,2400735.001,323855.9042,,1479.888501,1402.35083,1342.221069,1342.121069,1242.121069,
21279,15106329AADC,185,185a,7,FALSE,10/30/1990,8/25/1991,sites.txt,TRUE,less than 15 pts,4.75E+14,Benson,Devils Lake Basin,Warwick,Observation Well,Unknown,2,1478.5,1476.5,1479.67,1477.67,Survey 0.1 ft,10/26/1990,203,0,0,174,1476.5,1303.67,1390.085,1,80,18,-98.740046,47.873383,2400391.255,323515.6522,,1478.304887,1400.359619,1342.505615,1342.405615,1242.405615,2
21280,15106329AADD,186,186a,7,FALSE,10/25/1990,8/25/1991,sites.txt,TRUE,less than 15 pts,4.75E+14,Benson,Devils Lake Basin,Warwick,Observation Well,Unknown,0,1481.5,1479.5,1482.67,1480.67,Survey 0.1 ft,10/25/1990,183,0,0,0,1479.5,1480.67,1480.085,1,80,19,-98.738615,47.873384,2400742.349,323524.0464,,1478.155835,1405.172241,1352.996826,1352.896826,1252.896826,
12360,15106329ABB1,187,187a,75,FALSE,9/5/1967,9/29/1980,sites.txt,,,4.75E+14,Benson,Devils Lake Basin,Undefined,Observation Well,Steel,1.25,1482,1480,1483.17,1481.17,Topographic Map,,70,0,0,70,1480,1411.17,1445.585,1,78,15,-98.747506,47.875601,2398542.497,324282.7452,Calculated,1481.411819,1385.59375,1302.566406,1302.466406,1202.466406,1
21282,15106329ADDA,188,188a,7,FALSE,10/30/1990,8/25/1991,sites.txt,TRUE,less than 15 pts,4.75E+14,Benson,Devils Lake Basin,Warwick,Observation Well,Unknown,2,1475.5,1473.5,1476.67,1474.67,Survey 0.1 ft,10/29/1990,163,0,0,128,1473.5,1346.67,1410.085,1,81,19,-98.738617,47.870634,2400764.804,322521.1854,,1475.6175,1408.831787,1366.159424,1366.059424,1266.059424,1
21283,15106329ADDB,189,189a,19,FALSE,11/1/1990,3/9/1994,sites.txt,,,4.75E+14,Benson,Devils Lake Basin,Warwick,Observation Well,Unknown,2,1478.69,1476.69,1479.86,1477.86,Survey 0.01 ft,10/31/1990,193,0,0,170,1476.69,1307.86,1392.275,1,81,18,-98.740044,47.870633,2400414.673,322512.8133,,1476.293187,1404.703735,1358.583008,1358.483008,1258.483008,2
21284,15106329BADA,190,190a,5,FALSE,7/22/1993,11/18/1993,sites.txt,TRUE,less than 15 pts,4.75E+14,Benson,Devils Lake Basin,Warwick,Observation Well,PVC,2,,,,,Global Position Survey,6/30/1993,28,0,23,28,na,na,,1,79,14,-98.750008,47.874295,2397939.473,323792.5177,,1479.937996,1384.039551,1307.691772,1307.591772,1207.591772,
21285,15106329CCBD01,191,191a,4,FALSE,9/28/1993,3/15/1994,sites.txt,TRUE,less than 15 pts,4.75E+14,Benson,Devils Lake Basin,Till,Observation Well,,0,,,,,Global Position Survey,10/5/1993,6.35,0,0,6.35,na,na,,na,85,11,-98.758555,47.864224,2395925.542,320072.3247,,1471.986642,1388.977295,1351.784912,1351.684912,1251.684912,
21286,15106329CCBD02,191,191b,3,FALSE,10/20/1993,3/15/1994,sites.txt,TRUE,less than 15 pts,4.75E+14,Benson,Devils Lake Basin,Till,Observation Well,PVC,2,,,,,Global Position Survey,10/12/1993,38,0,33,38,na,na,,na,85,11,-98.758555,47.864224,2395925.542,320072.3247,,1471.986642,1388.977295,1351.784912,1351.684912,1251.684912,
21287,15106329CDAB,192,192a,4,FALSE,9/28/1993,3/15/1994,sites.txt,TRUE,less than 15 pts,4.75E+14,Benson,Devils Lake Basin,Warwick,Observation Well,Unknown,2,,,,,Global Position Survey,9/14/1993,7.1,0,0,7.1,na,na,,1,84,14,-98.751435,47.865135,2397665.232,320444.1488,,1474.159652,1399.972778,1360.146851,1360.046851,1260.046851,
3453,15106329DCC,193,193a,123,FALSE,10/4/1967,11/19/1994,sites.txt,,,4.75E+14,Benson,Devils Lake Basin,Warwick,Observation Well,Steel,1.25,1477.29,1475.29,1478.46,1476.46,Survey 0.01 ft,10/4/1967,47,0,40,42,1435.29,1434.46,1434.875,1,85,15,-98.747519,47.862844,2398645.214,319630.533,Calculated,1474.747878,1404.398193,1369.60791,1369.50791,1269.50791,1
21288,15106330BABB,194,194a,4,FALSE,9/27/1993,3/15/1994,sites.txt,TRUE,less than 15 pts,4.75E+14,Benson,Devils Lake Basin,Warwick,Observation Well,Unknown,2,,,,,Global Position Survey,9/15/1993,12.8,0,0,12.8,na,na,,1,79,5,-98.775396,47.875784,2391698.331,324194.9464,,1488.183953,1390.85791,1371.135742,1371.035742,1271.035742,
21289,15106330BDBD,195,195a,3,FALSE,10/21/1993,3/15/1994,sites.txt,TRUE,less than 15 pts,4.75E+14,Benson,Devils Lake Basin,Till,Observation Well,PVC,2,,,,,Global Position Survey,10/13/1993,33,0,28,33,na,na,,na,81,5,-98.774048,47.871374,2392065.113,322594.1353,,1501.204995,1382.723999,1365.326416,1365.226416,1265.226416,
21290,15106330CAAD,196,196a,5,FALSE,9/28/1993,3/15/1994,sites.txt,TRUE,less than 15 pts,4.75E+14,Benson,Devils Lake Basin,Till,Observation Well,Unknown,2,,,,,Global Position Survey,9/14/1993,15.5,0,0,15.5,na,na,,na,83,6,-98.771348,47.867844,2392756.508,321321.6939,,1474.710864,1378.205811,1357.058105,1356.958105,1256.958105,
21291,15106330CABA,197,197a,3,FALSE,10/21/1993,3/15/1994,sites.txt,TRUE,less than 15 pts,4.75E+14,Benson,Devils Lake Basin,Till,Observation Well,PVC,2,,,,,Global Position Survey,10/14/1993,70,0,65,70,na,na,,na,82,5,-98.774045,47.868726,2392087.5,321628.489,,1499.569208,1380.438965,1364.179688,1364.079688,1264.079688,
21292,15106330DBAA,198,198a,6,FALSE,7/22/1993,3/15/1994,sites.txt,TRUE,less than 15 pts,,Benson,Devils Lake Basin,Warwick,Observation Well,PVC,2,,,,,Global Position Survey,7/1/1993,20,0,14.25,19.25,na,na,,1,82,8,-98.765937,47.868723,2394077.05,321672.1058,,1475.774856,1381.774414,1345.575928,1345.475928,1245.475928,
21293,15106330DBCB,199,199a,5,FALSE,9/28/1993,3/15/1994,sites.txt,TRUE,less than 15 pts,4.75E+14,Benson,Devils Lake Basin,Till,Observation Well,Unknown,2,,,,,Global Position Survey,9/14/1993,4.13,0,0,4.13,na,na,,na,83,7,-98.769988,47.866955,2393097.513,321004.9939,,1471.319521,1379.019043,1352.848755,1352.748755,1252.748755,
21294,15106330DBDD,200,200a,5,FALSE,9/16/1993,3/15/1994,sites.txt,TRUE,less than 15 pts,4.75E+14,Benson,Devils Lake Basin,Warwick,Observation Well,Unknown,2,,,,,Global Position Survey,9/14/1993,8.4,0,0,8.4,na,na,,1,84,8,-98.765938,47.866075,2394098.557,320706.44,,1477.016032,1379.8125,1348.594238,1348.494238,1248.494238,
21295,15106330DCDA,201,201a,6,FALSE,7/22/1993,3/15/1994,sites.txt,TRUE,less than 15 pts,4.75E+14,Benson,Devils Lake Basin,Warwick,Observation Well,PVC,2,,,,,Global Position Survey,7/1/1993,13,0,7.5,12.5,na,na,,1,85,8,-98.765935,47.863424,2394121.07,319739.7024,,1473.868838,1379.325439,1350.383789,1350.283789,1250.283789,
21296,15106330DDBD,202,202a,5,FALSE,9/28/1993,3/15/1994,sites.txt,TRUE,less than 15 pts,4.75E+14,Benson,Devils Lake Basin,Till,Observation Well,Unknown,2,,,,,Global Position Survey,9/14/1993,12.7,0,0,12.7,na,na,,na,85,9,-98.763238,47.864305,2394775.673,320075.9014,,1477.587878,1382.427979,1347.584351,1347.484351,1247.484351,
21297,15106331BBC,203,203a,11,FALSE,8/21/1968,8/6/1986,sites.txt,TRUE,less than 15 pts,4.75E+14,Benson,Devils Lake Basin,Warwick,Observation Well,Unknown,1.25,1487,1485,1488.18,1486.18,Topographic Map,7/19/1968,140,113,37,40,1448,1446.18,1447.09,1,88,3,-98.780148,47.859116,2390668.249,318090.4294,,1471.128044,1373.725708,1373.625708,1373.525708,1273.525708,1
21298,15106332ABD2,204,204a,40,FALSE,10/14/1975,3/15/1994,sites.txt,,, ,Benson,Devils Lake Basin,Warwick,Observation Well,Unknown,2,1473.59,1470.62,1474.76,1471.79,Survey 0.01 ft,10/9/1975,23,0,0,17,1470.62,1454.79,1462.705,1,87,16,-98.744684,47.859245,2399370.863,318333.925,Calculated,1471.792439,1403.777588,1377.379639,1377.279639,1277.279639,1
21299,15106333BABA,205,205a,6,FALSE,7/22/1993,3/9/1994,sites.txt,TRUE,less than 15 pts,4.75E+14,Benson,Devils Lake Basin,Warwick,Observation Well,PVC,2,,,,,Global Position Survey,6/30/1993,13,0,7.2,12.2,na,na,,1,86,22,-98.730945,47.861355,2402725.019,319180.56,,1473.059634,1414.045898,1389.123901,1389.023901,1289.023901,
21300,15106333BCCC1,206,206a,6,FALSE,7/20/1993,3/15/1994,sites.txt,TRUE,less than 15 pts,4.75E+14,Benson,Devils Lake Basin,Warwick,Observation Well,PVC,2,,,,,Global Position Survey,6/30/1993,27.6,0,22.6,27.6,na,na,,1,90,19,-98.737866,47.855176,2401078.111,316888.2995,,1474.155616,1396.15271,1378.229248,1378.129248,1278.129248,
21301,15106333BCCC2,206,206b,6,FALSE,7/20/1993,3/15/1994,sites.txt,TRUE,less than 15 pts,4.75E+14,Benson,Devils Lake Basin,Warwick,Observation Well,PVC,2,,,,,Global Position Survey,6/30/1993,20.5,0,15,20,na,na,,1,90,19,-98.737866,47.855176,2401078.111,316888.2995,,1474.155616,1396.15271,1378.229248,1378.129248,1278.129248,
21302,15106333BCCC3,206,206c,6,FALSE,7/20/1993,3/15/1994,sites.txt,TRUE,less than 15 pts,4.75E+14,Benson,Devils Lake Basin,Warwick,Observation Well,PVC,2,,,,,Global Position Survey,6/30/1993,10.5,0,5,10,na,na,,1,90,19,-98.737866,47.855176,2401078.111,316888.2995,,1474.155616,1396.15271,1378.229248,1378.129248,1278.129248,
130488,15106333DDB,207,207a,7,FALSE,5/18/1979,9/25/1980,sites.txt,TRUE,less than 15 pts,,Benson,Devils Lake Basin,Warwick,Observation Well - Destroyed,Plastic,4,1477,1475,1478.17,1476.17,Topographic Map,10/27/1978,120,106,79,99,1396,1377.17,1386.585,1,92,26,-98.720296,47.850245,2405432.057,315189.3081,Calculated,1472.807935,1396.626099,1396.526099,1396.426099,1296.426099,4
3458,15106335CCC,208,208a,79,FALSE,8/13/1968,11/19/1994,sites.txt,,,4.75E+14,Benson,Devils Lake Basin,Warwick,Observation Well,Steel,1.25,1475.77,1473.77,1476.94,1474.94,Survey 0.01 ft,1/1/1968,26,25,19,24,1454.77,1450.94,1452.855,1,93,36,-98.693431,47.848375,2412042.379,314660.9713,Calculated,1471.572735,1423.344238,1415.679443,1415.579443,1315.579443,1
3459,15106335DCC,209,209a,41,FALSE,8/13/1968,3/16/1994,sites.txt,,,4.75E+14,Benson,Devils Lake Basin,Warwick,Observation Well,Steel,1.25,1467.5,1465,1468.67,1466.17,Topographic Map,1/1/1968,51,50,33,38,1432,1428.17,1430.085,1,93,40,-98.682637,47.848342,2414692.253,314711.298,Calculated,1474.98956,1412.413086,1399.650635,1399.550635,1299.550635,1
3460,15106336CCC,210,210a,31,FALSE,8/13/1968,8/6/1986,sites.txt,,,4.75E+14,Benson,Devils Lake Basin,Warwick,Observation Well,Steel,1.25,1470,1468,1471.17,1469.17,Topographic Map,8/13/1968,82,0,19,24,1449,1445.17,1447.085,1,93,44,-98.671802,47.848317,2417352.117,314765.1525,Calculated,1472.960413,1398.269287,1378.603271,1378.503271,1278.503271,1
30253,15206221BCC,211,211a,10,FALSE,9/2/2003,8/4/2004,sites.txt,TRUE,less than 15 pts,,Ramsey,Sheyenne River,Spiritwood,Observation Well - Plugged,PVC,2,1456.14,1450.26,1457.37,1451.49,Global Position Survey,8/19/2003,210,194,158,163,1292.26,1288.49,1290.375,3,25,64,-98.612206,47.969747,2430894.962,359398.891,GPS - Surveyed,1453.036012,1397.324951,1341.523682,1272.20459,1172.20459,3
9717,15206221DBD,212,212a,85,FALSE,9/26/1973,10/30/1997,sites.txt,,,,Ramsey,Undifferen,Spiritwood,Observation Well - Plugged,ABS,1.25,1446.7,1444.6,1447.93,1445.83,Survey 0.1 ft,8/22/1973,180,158,124,130,1320.6,1315.83,1318.215,3,27,70,-98.596911,47.966705,2434667.941,358381.8116,Calculated,1450.724833,1390.383301,1339.426514,1280.414795,1180.414795,3
9719,15206227AAA,213,213a,208,FALSE,10/5/1973,8/4/2004,sites.txt,,,,Ramsey,Undifferen,Spiritwood,Observation Well - Plugged,ABS,4,1451.3,1450.3,1452.53,1451.53,Survey 0.1 ft,8/24/1973,200,190,138,143,1312.3,1308.53,1310.415,3,29,80,-98.569948,47.961332,2441320.311,356586.8979,Calculated,1451.135853,1380.273071,1340.80603,1283.167114,1183.167114,3
9720,15206228DBD,214,214a,67,FALSE,9/26/1973,10/2/1997,sites.txt,,,,Ramsey,Undifferen,Spiritwood,Observation Well - Plugged,ABS,1.25,1446.8,1444.8,1448.02,1446.02,Survey 0.1 ft,8/22/1973,240,215,137,143,1307.8,1303.02,1305.41,3,35,70,-98.596876,47.952163,2434807.615,353079.1273,Calculated,1447.912045,1404.389648,1333.284668,1225.650879,1125.650879,3
9721,15206233CDA1,215,215a,244,FALSE,9/30/1987,7/16/2024,sites.txt,TRUE,duplicate data,,Ramsey,Devils Lake Basin,Spiritwood,Observation Well - Plugged,PVC,1.25,1488.17,1486.46,1489.38,1487.67,Global Position Survey,9/17/1987,340,0,318,323,1168.46,1164.67,1166.565,3,44,70,-98.599359,47.934687,2434356.701,346691.2983,GPS - Surveyed,1464.832647,1403.640259,1328.134644,1188.518311,1088.518311,4
9722,15206233CDA2,215,215b,245,FALSE,9/30/1987,7/16/2024,sites.txt,TRUE,duplicate data,,Ramsey,Devils Lake Basin,Clay Sediments,Observation Well - Plugged,PVC,1.25,1487.92,1486.4,1489.13,1487.61,Global Position Survey,9/18/1987,0,0,45,50,1441.4,1437.61,1439.505,1,44,70,-98.599323,47.934688,2434365.514,346691.8807,Digitized - Heads Up,1464.832647,1403.640259,1328.134644,1188.518311,1088.518311,1
9723,15206233CDA3,215,215c,244,FALSE,9/30/1987,7/16/2024,sites.txt,,,,Ramsey,Devils Lake Basin,Spiritwood,Observation Well - Plugged,PVC,1.25,1488.34,1486.77,1489.55,1487.98,Global Position Survey,9/21/1987,180,0,168,173,1318.77,1314.98,1316.875,3,44,70,-98.599237,47.934685,2434386.616,346691.3071,GPS - Surveyed,1464.832647,1403.640259,1328.134644,1188.518311,1088.518311,3
9724,15206233CDA4,215,215d,245,FALSE,9/30/1987,7/16/2024,sites.txt,,,,Ramsey,Devils Lake Basin,Clay Sediments,Observation Well - Plugged,PVC,1.25,1487.79,1486.73,1489,1487.94,Global Position Survey,9/21/1987,140,0,133,138,1353.73,1349.94,1351.835,2,44,70,-98.599194,47.934683,2434397.171,346690.8379,GPS - Surveyed,1464.832647,1403.640259,1328.134644,1188.518311,1088.518311,2
9725,15206233CDA5,215,215e,225,FALSE,9/30/1987,7/16/2024,sites.txt,TRUE,duplicate data,,Ramsey,Devils Lake Basin,Till,Observation Well - Plugged,PVC,2,1488.31,1486.61,1489.52,1487.82,Global Position Survey,9/22/1987,35,0,18,23,1468.61,1464.82,1466.715,1,44,70,-98.59915,47.934683,2434407.953,346691.1042,GPS - Surveyed,1464.832647,1403.640259,1328.134644,1188.518311,1088.518311,
9726,15206233DCB,216,216a,259,FALSE,9/27/1973,7/22/2024,sites.txt,,,,Ramsey,Devils Lake Basin,Spiritwood,Observation Well - Plugged,PVC,1.25,1486.05,1483.85,1487.26,1485.06,Global Position Survey,8/22/1973,380,344,200,203,1283.85,1282.06,1282.955,3,44,70,-98.598647,47.934689,2434531.161,346696.336,GPS - Surveyed,1464.832647,1403.640259,1328.134644,1188.518311,1088.518311,3
132768,15206233DCC1,217,217a,5008,FALSE,7/22/2024,4/22/2025,sites_presens.txt,,,,Ramsey,,Spiritwood,Observation Well - PRESENS,PVC,2,1487.6,1485.3,1488.81,1486.51,Global Position Survey,7/15/2024,330,0,324,329,1161.3,1157.51,1159.405,3,44,70,-98.598846,47.934685,2434482.432,346693.673,GPS - Handheld,1464.832647,1403.640259,1328.134644,1188.518311,1088.518311,4
13278,15206234AAD1,218,218a,240,FALSE,8/8/1991,11/18/2024,sites.txt,,,,Ramsey,Devils Lake Basin,Spiritwood,Observation Well,PVC,2,1461.42,1459.61,1462.64,1460.83,Global Position Survey,7/22/1991,200,175,158,163,1301.61,1297.83,1299.72,3,39,81,-98.568899,47.944033,2441735.488,350285.1377,GPS - Surveyed,1494.512627,1414.759766,1331.638184,1268.01416,1168.01416,3
13279,15206234AAD2,218,218b,238,FALSE,8/8/1991,11/18/2024,sites.txt,TRUE,duplicate data,,Ramsey,Devils Lake Basin,Spiritwood,Observation Well,PVC,2,1461.37,1459.65,1462.59,1460.87,Global Position Survey,7/23/1991,140,0,128,133,1331.65,1327.87,1329.76,3,39,81,-98.5689,47.943996,2441735.581,350271.6392,GPS - Surveyed,1494.512627,1414.759766,1331.638184,1268.01416,1168.01416,3
13280,15206234DDA,219,219a,248,TRUE,8/9/1991,11/18/2024,sites.txt,,,,Ramsey,Devils Lake Basin,Spiritwood,Observation Well,PVC,2,1531.53,1529.62,1532.75,1530.84,Global Position Survey,7/23/1991,280,267,238,243,1291.62,1287.84,1289.73,3,43,81,-98.568841,47.936905,2441814.906,347686.2225,GPS - Surveyed,1548.906363,1422.023193,1321.029297,1243.370239,1143.370239,3
9715,15206207ACA1,220,220a,163,FALSE,9/26/1973,9/21/2010,mel_added,,,,Ramsey,Devils Lake Basin,Spiritwood,Observation Well - Plugged,ABS,1.25,1494.64,1492.58,1495.88,1493.82,Global Position Survey,8/21/1973,300,285,197,203,1295.58,1290.82,1293.2,3,8,54,-98.639026,48.00172,2424045.167,370898.4739,GPS - Surveyed,1493.229076,1395.82666,1337.677002,1295.058472,1195.058472,4
9716,15206207ACA2,220,220b,163,FALSE,10/2/1986,9/8/2025,mel_added,,,,Ramsey,Devils Lake Basin,Undefined,Observation Well,PVC,1.25,1494.66,1492.71,1495.9,1493.95,Global Position Survey,8/21/1973,80,0,57,60,1435.71,1433.95,1434.83,1,8,54,-98.639028,48.001752,2424044.396,370910.1315,GPS - Surveyed,1493.229076,1395.82666,1337.677002,1295.058472,1195.058472,1
127031,15206207ACA3,220,220c,103,TRUE,11/2/2010,9/8/2025,mel_added,,,,Ramsey,Devils Lake Basin,Spiritwood,Observation Well,PVC,2,1495.69,1492.97,1496.93,1494.21,Global Position Survey,10/13/2010,203,0,199,204,1293.97,1290.21,1292.09,3,8,54,-98.639023,48.001711,2424045.981,370895.2097,GPS - Surveyed,1493.229076,1395.82666,1337.677002,1295.058472,1195.058472,4
30239,15206216BBB,221,221a,165,TRUE,8/20/2003,9/8/2025,mel_added,,,,Ramsey,Sheyenne River,Spiritwood,Observation Well,PVC,2,1496.32,1492.86,1497.56,1494.1,Global Position Survey,8/14/2003,200,184,168,173,1324.86,1321.1,1322.98,3,14,64,-98.611694,47.990936,2430830.803,367128.821,GPS - Surveyed,1487.627301,1418.188477,1355.399658,1318.010742,1218.010742,3
