called out in Ryan's setup,site_index,loc_id,identify groups,group,group number,in sites?,First date,Last date,count,less_than_15,window_flag,drop_flag,drop_note,index_well_flag,x_2265,y_2265,assigned aquifer,total_depth,top_screen,bot_screen,lse_navd88,should_be_lay,in_current_model,total_depth_elev,top_screen_ele,bot_screen_ele,mid_pt,layer_midpt,manually_corrected_lay,top_lay1,bot_lay1,bot_lay2,bot_lay3,bot_lay4,bot_lay5,bot_lay6,bot_lay7,index_right,row,col,groups_diff_row_col_flag
,434,13204810BCC,13204810BCC,1A,1,0,9/30/1964,6/26/1973,53,no,,,,FALSE,2930135.955,-245474.8832,Undefined,242,0,100,958.82,,no,716.82,958.82,858.82,908.82,3,3,958.4124,947.157,913.3912,857.1147,845.8595,840.8595,676.3191,671.3191,9639,122,1,FALSE
,454,13304718ABC,13304718ABC,2A,2,1,9/19/1974,6/3/1975,16,no,,,,FALSE,2943082.835,-217177.6815,Wahpeton Buried Valley,245,145,235,957.54,5,yes,712.54,812.54,722.54,767.54,5,5,956.1597,945.9423,915.2902,864.2035,853.9861,694.2357,517.2554,512.2554,8023,101,44,FALSE
,455,13304718ADA,13304718ADA,3A,3,1,11/18/1969,5/18/2010,281,no,,,,TRUE,2945331.694,-217803.3937,Wahpeton Buried Valley,240,219,225,960.95,5,yes,720.95,741.95,735.95,738.95,5,5,960.5298,948.8938,913.9856,855.8052,844.1692,720.266,541.5216,536.5216,8262,104,46,FALSE
,456,13304719DAA,13304719DAA,4A,4,1,11/18/1969,2/26/1970,2,yes,,TRUE,less than 15 pts,FALSE,2945727.186,-224155.4024,Wahpeton Shallow Sand,240,46,49,961.02,,no,721.02,915.02,912.02,913.52,3,3,959.5317,948.0873,913.754,856.5319,845.0875,800.748,631.4624,626.4624,8888,112,40,FALSE
,457,13304720AACCB1,13304720AACCB,5A,5,1,9/5/1985,5/1/1991,111,no,,,,FALSE,2949689.652,-222251.2985,Wahpeton Buried Valley,280,268,273,971.17,5,yes,691.17,703.17,698.17,700.67,5,5,967.3328,955.6185,920.4755,861.9039,850.1896,697.0416,535.0501,530.0501,9053,114,47,FALSE
,458,13304720AACCB2,13304720AACCB,5B,5,1,9/5/1985,5/1/1991,111,no,,TRUE,duplicate of wbv well data,FALSE,2949664.642,-222252.1957,Wahpeton Sand Plain,120,113,118,971.22,,yes,851.22,858.22,853.22,855.72,4,5,967.3328,955.6185,920.4755,861.9039,850.1896,697.0416,535.0501,530.0501,9053,114,47,FALSE
,459,13304720AACCB3,13304720AACCB,5C,5,1,9/5/1985,5/30/1991,106,no,,,,FALSE,2949664.642,-222252.1957,Wahpeton Shallow Sand,60,42,57,970.96,,yes,910.96,928.96,913.96,921.46,2,2,967.3328,955.6185,920.4755,861.9039,850.1896,697.0416,535.0501,530.0501,9053,114,47,FALSE
,460,13304720AAD1,13304720AAD,8A,8,1,9/6/1985,11/5/2024,255,no,,,,TRUE,2950851.157,-222192.9963,Wahpeton Buried Valley,210,195,200,969.84,5,yes,759.84,774.84,769.84,772.34,5,5,967.3456,954.9313,917.6884,855.6169,843.2026,707.9227,545.8374,540.8374,9133,115,48,FALSE
yes - to wss,461,13304720AAD2,13304720AAD,8B,8,1,9/6/1985,11/5/2024,250,no,,TRUE,duplicate of wbv well data,FALSE,2950826.165,-222194.2593,Wahpeton Sand Plain,135,129,134,970.1,,yes,835.1,841.1,836.1,838.6,5,5,967.3456,954.9313,917.6884,855.6169,843.2026,707.9227,545.8374,540.8374,9133,115,48,FALSE
,462,13304720AAD3,13304720AAD,8C,8,1,9/6/1985,11/5/2024,250,no,,,,FALSE,2950826.165,-222194.2593,Wahpeton Shallow Sand,60,54,59,970.26,,yes,910.26,916.26,911.26,913.76,3,3,967.3456,954.9313,917.6884,855.6169,843.2026,707.9227,545.8374,540.8374,9133,115,48,FALSE
,463,13304720ABAC1,13304720ABAC,11A,11,1,4/10/1986,5/30/1991,77,no,,TRUE,duplicate data in cell,FALSE,2949079.873,-221697.5881,Wahpeton Buried Valley,271,265,270,974.83,5,yes,703.83,709.83,704.83,707.33,5,5,965.2623,953.8732,919.7058,862.7603,851.3711,684.1902,521.7669,516.7669,8973,113,46,FALSE
,464,13304720ABAC2,13304720ABAC,11B,11,1,4/10/1986,5/30/1991,77,no,,TRUE,duplicate of wbv well data,FALSE,2949081.945,-221733.6484,Wahpeton Sand Plain,125,118,123,974.88,,yes,849.88,856.88,851.88,854.38,4,5,965.2623,953.8732,919.7058,862.7603,851.3711,684.1902,521.7669,516.7669,8973,113,46,FALSE
,465,13304720ABAC4,13304720ABAC,11C,11,1,4/10/1986,11/8/1990,43,no,,,,FALSE,2949081.945,-221733.6484,Wahpeton Shallow Sand,50,38,48,974.81,,yes,924.81,936.81,926.81,931.81,2,2,965.2623,953.8732,919.7058,862.7603,851.3711,684.1902,521.7669,516.7669,8973,113,46,FALSE
,466,13304720ABB,13304720ABB,66H,66,1,11/18/1969,5/30/1991,157,no,,,,TRUE,2948324.11,-221339.7157,Wahpeton Buried Valley,280,178,184,965.44,5,yes,685.44,787.44,781.44,784.44,5,5,966.1504,954.994,921.525,865.7431,854.5867,686.8138,521.784,516.784,8815,111,46,TRUE
,467,13304720ABBA1,13304720ABBA,15A,15,1,4/10/1986,5/30/1991,79,no,,,,FALSE,2948715.437,-221496.7899,Wahpeton Buried Valley,277,266,271,976.18,5,yes,699.18,710.18,705.18,707.68,5,5,964.2357,953.088,919.6451,863.9069,852.7592,681.4502,518.3029,513.3029,8894,112,46,FALSE
,468,13304720ABBA2,13304720ABBA,15B,15,1,4/10/1986,5/30/1991,80,no,,TRUE,duplicate of wbv well data,FALSE,2948713.384,-221461.0939,Wahpeton Sand Plain,125,118,123,976.38,,yes,851.38,858.38,853.38,855.88,4,5,964.2357,953.088,919.6451,863.9069,852.7592,681.4502,518.3029,513.3029,8894,112,46,FALSE
,469,13304720ABBA3,13304720ABBA,15C,15,1,4/10/1986,11/15/2007,135,no,,,,FALSE,2948713.384,-221461.0939,Wahpeton Shallow Sand,55,43,53,976.89,,yes,921.89,933.89,923.89,928.89,2,2,964.2357,953.088,919.6451,863.9069,852.7592,681.4502,518.3029,513.3029,8894,112,46,FALSE
,471,13304720ABCA1,13304720ABCA,18A,18,1,4/10/1986,5/30/1991,56,no,,,,FALSE,2948733.814,-221861.1642,Wahpeton Shallow Sand,80,50,60,975.48,,yes,895.48,925.48,915.48,920.48,2,3,964.2357,953.088,919.6451,863.9069,852.7592,681.4502,518.3029,513.3029,8894,112,46,TRUE
,472,13304720ABCA2,13304720ABCA,18B,18,1,4/10/1986,5/30/1991,76,no,,TRUE,duplicate of wbv well data,FALSE,2948735.922,-221897.9532,Wahpeton Sand Plain,124,118,122,975.27,,yes,851.27,857.27,853.27,855.27,4,5,964.2357,953.088,919.6451,863.9069,852.7592,681.4502,518.3029,513.3029,8894,112,46,TRUE
,473,13304720ABCA3,13304720ABCA,18C,18,1,4/10/1986,5/30/1991,76,no,,TRUE,duplicate data in cell,FALSE,2948740.93,-222007.291,Wahpeton Buried Valley,280,273,278,975.58,5,yes,695.58,702.58,697.58,700.08,5,5,965.2623,953.8732,919.7058,862.7603,851.3711,684.1902,521.7669,516.7669,8973,113,46,TRUE
,474,13304720ABCA4,13304720ABCA,18D,18,1,3/30/1989,11/15/2007,80,no,,,,FALSE,2948735.922,-221897.9532,Wahpeton Shallow Sand,,64,74,983.44,,yes,na,919.44,909.44,914.44,3,3,964.2357,953.088,919.6451,863.9069,852.7592,681.4502,518.3029,513.3029,8894,112,46,TRUE
,475,13304720ABCBA1,13304720ABCBA,22A,22,1,3/30/1989,5/30/1991,26,no,,TRUE,duplicate data in cell,FALSE,2948538.978,-222017.4747,Wahpeton Shallow Sand,,58,63,983.61,,yes,na,925.61,920.61,923.11,2,3,964.2357,953.088,919.6451,863.9069,852.7592,681.4502,518.3029,513.3029,8894,112,46,FALSE
,476,13304720ABCBB1,13304720ABCBB,23A,23,1,3/30/1989,5/30/1991,27,no,,TRUE,duplicate data in cell,FALSE,2948286.754,-222029.46,Wahpeton Shallow Sand,,60,65,983.27,,yes,na,923.27,918.27,920.77,2,2,964.2357,953.1404,919.8549,864.3789,853.2837,682.3303,518.0193,513.0193,8893,112,45,FALSE
,478,13304720ABDAC1,13304720ABDAC,24A,24,1,10/8/1986,9/13/1990,67,no,,TRUE,pumping well,FALSE,2949248.115,-222017.5057,Wahpeton Buried Valley,302,175,275,972.98,5,yes,670.98,797.98,697.98,747.98,5,5,965.2623,953.8732,919.7058,862.7603,851.3711,684.1902,521.7669,516.7669,8973,113,46,FALSE
,479,13304720ABDA1,13304720ABDA,25A,25,1,9/17/1986,11/15/2007,125,no,,,,FALSE,2949423.255,-221972.5029,Wahpeton Buried Valley,272,267,272,972.52,5,yes,700.52,705.52,700.52,703.02,5,5,966.9781,955.589,921.4216,864.4761,853.0869,685.906,523.4827,518.4827,8974,113,47,FALSE
,480,13304720ABDBA1,13304720ABDBA,26A,26,1,8/28/1986,11/4/2008,108,no,,TRUE,three wss wells in same group,FALSE,2949112.956,-221841.6743,Wahpeton Shallow Sand,62,55,60,973.06,,yes,911.06,918.06,913.06,915.56,3,3,965.2623,953.8732,919.7058,862.7603,851.3711,684.1902,521.7669,516.7669,8973,113,46,FALSE
,481,13304720ABDBA2,13304720ABDBA,26B,26,1,8/28/1986,11/4/2008,115,no,,TRUE,duplicate data in cell,FALSE,2949112.956,-221841.6743,Wahpeton Shallow Sand,120,114,119,973.02,,yes,853.02,859.02,854.02,856.52,4,3,965.2623,953.8732,919.7058,862.7603,851.3711,684.1902,521.7669,516.7669,8973,113,46,FALSE
,482,13304720ABDBA3,13304720ABDBA,26C,26,1,9/30/1986,11/15/2007,115,no,,TRUE,three wss wells in same group,FALSE,2949141.138,-221913.6781,Wahpeton Shallow Sand,121,115,120,972.52,,yes,851.52,857.52,852.52,855.02,4,3,965.2623,953.8732,919.7058,862.7603,851.3711,684.1902,521.7669,516.7669,8973,113,46,FALSE
,484,13304720ABDBD1,13304720ABDBD,29A,29,1,8/28/1986,11/15/2007,135,no,,TRUE,duplicate data in cell,FALSE,2949176.35,-222094.9176,Wahpeton Shallow Sand,122,114,119,973.08,,yes,851.08,859.08,854.08,856.58,4,3,965.2623,953.8732,919.7058,862.7603,851.3711,684.1902,521.7669,516.7669,8973,113,46,FALSE
,485,13304720ABDBD2,13304720ABDBD,29B,29,1,9/17/1986,11/15/2007,108,no,,TRUE,two wss wells in same group,FALSE,2949174.277,-222058.8573,Wahpeton Shallow Sand,60,53,58,972.96,,yes,912.96,919.96,914.96,917.46,3,3,965.2623,953.8732,919.7058,862.7603,851.3711,684.1902,521.7669,516.7669,8973,113,46,FALSE
,486,13304720ABDB1,13304720ABDB,31A,31,1,10/24/1985,11/4/2008,151,no,,,,FALSE,2949169.23,-221948.7909,Wahpeton Shallow Sand,124,115,120,972.83,,yes,848.83,857.83,852.83,855.33,4,3,965.2623,953.8732,919.7058,862.7603,851.3711,684.1902,521.7669,516.7669,8973,113,46,FALSE
,487,13304720ABDB2,13304720ABDB,31B,31,1,10/24/1985,11/15/2007,161,no,,TRUE,duplicate data in cell,FALSE,2949170.077,-221985.6436,Wahpeton Buried Valley,280,248,253,973.06,5,yes,693.06,725.06,720.06,722.56,5,5,965.2623,953.8732,919.7058,862.7603,851.3711,684.1902,521.7669,516.7669,8973,113,46,FALSE
,488,13304720ABDB3,13304720ABDB,31C,31,1,10/23/1985,4/10/1991,43,no,,TRUE,duplicate wss data,FALSE,2949170.077,-221985.6436,Wahpeton Shallow Sand,55,45,50,973.23,,yes,918.23,928.23,923.23,925.73,2,2,965.2623,953.8732,919.7058,862.7603,851.3711,684.1902,521.7669,516.7669,8973,113,46,FALSE
,489,13304720ABDB4,13304720ABDB,31D,31,1,4/10/1986,5/30/1991,77,no,,TRUE,duplicate and less time span,FALSE,2948961.007,-221849.705,Wahpeton Buried Valley,280,273,278,976.03,5,yes,696.03,703.03,698.03,700.53,5,5,965.2623,953.8732,919.7058,862.7603,851.3711,684.1902,521.7669,516.7669,8973,113,46,FALSE
,490,13304720ABDB5,13304720ABDB,31E,31,1,4/10/1986,7/29/1994,105,no,,TRUE,duplicate and less time span,FALSE,2949096.183,-222025.9019,Wahpeton Sand Plain,120,108,113,975.84,,yes,855.84,867.84,862.84,865.34,3,3,965.2623,953.8732,919.7058,862.7603,851.3711,684.1902,521.7669,516.7669,8973,113,46,FALSE
,491,13304720ABDB6,13304720ABDB,31F,31,1,4/10/1986,5/30/1991,51,no,,TRUE,duplicate wss data,FALSE,2948962.827,-221885.7781,Wahpeton Shallow Sand,60,50,55,975.88,,yes,915.88,925.88,920.88,923.38,2,2,965.2623,953.8732,919.7058,862.7603,851.3711,684.1902,521.7669,516.7669,8973,113,46,FALSE
,492,13304720ABDB7,13304720ABDB,31G,31,1,9/30/1986,9/13/1990,55,no,,TRUE,duplicate wss data,FALSE,2949196.041,-221983.603,Wahpeton Shallow Sand,120,95,115,972.66,,yes,852.66,877.66,857.66,867.66,3,3,965.2623,953.8732,919.7058,862.7603,851.3711,684.1902,521.7669,516.7669,8973,113,46,FALSE
,493,13304720ABDB8,13304720ABDB,31H,31,1,3/28/1989,11/15/2007,81,no,,TRUE,duplicate wss data,FALSE,2948968.125,-221995.8318,Wahpeton Shallow Sand,,92,102,983.56,,yes,na,891.56,881.56,886.56,3,3,965.2623,953.8732,919.7058,862.7603,851.3711,684.1902,521.7669,516.7669,8973,113,46,FALSE
,495,13304720ABDC1,13304720ABDC,39A,39,1,10/17/1985,11/15/2007,173,no,,,,TRUE,2949114.548,-222389.9116,Wahpeton Buried Valley,286,278,283,984.1,5,yes,698.1,706.1,701.1,703.6,5,5,965.2623,953.8732,919.7058,862.7603,851.3711,684.1902,521.7669,516.7669,8973,113,46,FALSE
,496,13304720ABDC2,13304720ABDC,39B,39,1,10/17/1985,11/15/2007,173,no,,TRUE,duplicate of wbv well data,FALSE,2949114.548,-222389.9116,Wahpeton Sand Plain,135,128,133,984.22,,yes,849.22,856.22,851.22,853.72,4,5,965.2623,953.8732,919.7058,862.7603,851.3711,684.1902,521.7669,516.7669,8973,113,46,FALSE
,497,13304720ABDC3,13304720ABDC,39C,39,1,10/17/1985,11/15/2007,157,no,,TRUE,duplicate data in cell,FALSE,2949114.548,-222389.9116,Wahpeton Shallow Sand,75,67,72,984.23,,yes,909.23,917.23,912.23,914.73,3,3,965.2623,953.8732,919.7058,862.7603,851.3711,684.1902,521.7669,516.7669,8973,113,46,FALSE
,498,13304720ABDDAB,13304720ABDDAB,42A,42,1,9/30/1986,11/15/2007,124,no,,TRUE,duplicate data in cell,FALSE,2949358.538,-222194.5846,Wahpeton Buried Valley,272,265,270,972.36,5,yes,700.36,707.36,702.36,704.86,5,5,965.2623,953.8732,919.7058,862.7603,851.3711,684.1902,521.7669,516.7669,8973,113,46,FALSE
,499,13304720ABDDA2,13304720ABDDA,43A,43,1,9/4/1985,12/11/1985,27,no,,TRUE,"data questionable, shallow well, disagreeing WLs",FALSE,2949439.553,-222300.452,Undefined,11,9,12,971.06,,yes,960.06,962.06,959.06,960.56,1,1,967.2153,955.6964,921.1399,863.5457,852.0269,680.5018,518.4559,513.4559,9052,114,46,TRUE
,500,13304720ABDDA3,13304720ABDDA,43B,43,1,9/4/1985,5/1/1991,123,no,,,,FALSE,2949489.518,-222297.5651,Wahpeton Buried Valley,280,268,273,970.83,5,yes,690.83,702.83,697.83,700.33,5,5,967.2153,955.6964,921.1399,863.5457,852.0269,680.5018,518.4559,513.4559,9052,114,46,TRUE
,501,13304720ABDDA4,13304720ABDDA,43C,43,1,9/4/1985,5/1/1991,89,no,,TRUE,duplicate of wbv well data,FALSE,2949488.455,-222261.4538,Wahpeton Buried Valley,190,178,183,971.07,5,yes,781.07,793.07,788.07,790.57,5,5,967.2153,955.6964,921.1399,863.5457,852.0269,680.5018,518.4559,513.4559,9052,114,46,TRUE
,502,13304720ABDDA5,13304720ABDDA,43D,43,1,9/4/1985,5/1/1991,122,no,,TRUE,duplicate of wbv well data,FALSE,2949515.538,-222296.6171,Wahpeton Sand Plain,120,113,118,970.72,,yes,850.72,857.72,852.72,855.22,4,5,967.2153,955.6964,921.1399,863.5457,852.0269,680.5018,518.4559,513.4559,9052,114,46,TRUE
,503,13304720ABDDA6,13304720ABDDA,43E,43,1,9/4/1985,11/4/1986,54,no,,TRUE,duplicate and less time span,FALSE,2949513.465,-222260.5569,Wahpeton Shallow Sand,47,36,41,970.75,,yes,923.75,934.75,929.75,932.25,2,2,967.2153,955.6964,921.1399,863.5457,852.0269,680.5018,518.4559,513.4559,9052,114,46,TRUE
,504,13304720ABDDA7,13304720ABDDA,43F,43,1,9/9/1985,5/30/1991,117,no,,TRUE,duplicate of wbv well data,FALSE,2949361.458,-222267.4976,Wahpeton Buried Valley,280,269,274,970.97,5,yes,690.97,701.97,696.97,699.47,5,5,965.2623,953.8732,919.7058,862.7603,851.3711,684.1902,521.7669,516.7669,8973,113,46,TRUE
,505,13304720ABDDA8,13304720ABDDA,43G,43,1,9/10/1985,5/30/1991,114,no,,TRUE,duplicate of wbv well data,FALSE,2949361.458,-222267.4976,Wahpeton Sand Plain,120,112,117,970.91,,yes,850.91,858.91,853.91,856.41,4,5,965.2623,953.8732,919.7058,862.7603,851.3711,684.1902,521.7669,516.7669,8973,113,46,TRUE
,506,13304720ABDDA9,13304720ABDDA,43H,43,1,9/10/1985,5/30/1991,91,no,,TRUE,duplicate data in cell,FALSE,2949336.521,-222269.8519,Wahpeton Shallow Sand,60,50,55,970.96,,yes,910.96,920.96,915.96,918.46,3,3,965.2623,953.8732,919.7058,862.7603,851.3711,684.1902,521.7669,516.7669,8973,113,46,TRUE
,507,13304720ABDDB1,13304720ABDDB,51A,51,1,9/4/1985,5/30/1991,125,no,,TRUE,duplicate data in cell,FALSE,2949235.544,-222274.9471,Wahpeton Buried Valley,280,260,265,972.08,5,yes,692.08,712.08,707.08,709.58,5,5,965.2623,953.8732,919.7058,862.7603,851.3711,684.1902,521.7669,516.7669,8973,113,46,FALSE
,508,13304720ABDDB2,13304720ABDDB,51B,51,1,9/4/1985,5/30/1991,124,no,,TRUE,duplicate of wbv well data,FALSE,2949235.544,-222274.9471,Wahpeton Sand Plain,125,114,119,972.13,,yes,847.13,858.13,853.13,855.63,4,5,965.2623,953.8732,919.7058,862.7603,851.3711,684.1902,521.7669,516.7669,8973,113,46,FALSE
,509,13304720ABDDB3,13304720ABDDB,51C,51,1,9/4/1985,11/4/1986,65,no,,,,FALSE,2949235.544,-222274.9471,Wahpeton Shallow Sand,50,36,41,972.15,,yes,922.15,936.15,931.15,933.65,2,2,965.2623,953.8732,919.7058,862.7603,851.3711,684.1902,521.7669,516.7669,8973,113,46,FALSE
,510,13304720ABDDD,13304720ABDDD,54A,54,1,9/4/1985,11/13/1985,18,no,,TRUE,"data questionable, shallow well, disagreeing WLs",FALSE,2949441.626,-222336.5123,Undefined,10,7,9,971.29,,yes,961.29,964.29,962.29,963.29,1,1,967.2153,955.6964,921.1399,863.5457,852.0269,680.5018,518.4559,513.4559,9052,114,46,FALSE
,511,13304720ACC1,13304720ACC,55A,55,1,11/18/1969,7/20/1971,3,yes,,TRUE,less than 15 pts,FALSE,2948531.564,-223838.1447,Wahpeton Buried Valley,265,238,244,969.22,5,no,704.22,731.22,725.22,728.22,5,5,967.3498,955.6685,920.6246,862.2181,850.5368,699.2214,537.4044,532.4044,9129,115,44,TRUE
,512,13304720ACC2,13304720ACC,55B,55,1,6/17/1976,10/30/1985,23,no,,TRUE,"data questionable, shallow well, disagreeing WLs",FALSE,2948667.375,-223544.9007,Undefined,,0,25,969.83,,yes,na,969.83,944.83,957.33,1,1,967.3641,955.8976,921.4982,864.1658,852.6993,689.1985,526.9352,521.9352,9050,114,44,TRUE
,513,13304720ACC3,13304720ACC,55C,55,1,12/2/1975,5/30/1991,81,no,,TRUE,"data questionable, shallow well, disagreeing WLs",FALSE,2948667.375,-223544.9007,Undefined,40,23,26,969.79,,yes,929.79,946.79,943.79,945.29,2,2,967.3641,955.8976,921.4982,864.1658,852.6993,689.1985,526.9352,521.9352,9050,114,44,TRUE
,514,13304720ACD1,13304720ACD,58A,58,1,6/17/1976,9/17/1980,15,no,,,,FALSE,2949323.787,-223512.1559,Undefined,,0,30,969.82,,no,na,969.82,939.82,954.82,2,2,967.4937,955.623,920.0112,860.6581,848.7875,689.7279,528.28,523.28,9130,115,45,FALSE
,515,13304720ACD2,13304720ACD,58B,58,1,9/7/1975,6/30/1976,5,yes,,TRUE,less than 15 pts,FALSE,2949323.787,-223512.1559,Undefined,40,24,30,969.82,,no,929.82,945.82,939.82,942.82,2,2,967.4937,955.623,920.0112,860.6581,848.7875,689.7279,528.28,523.28,9130,115,45,FALSE
,516,13304720ADB,13304720ADB,60A,60,1,11/18/1969,7/20/1971,3,yes,,TRUE,less than 15 pts,FALSE,2949683.346,-223003.7741,Wahpeton Buried Valley,260,254,260,972.72,5,no,712.72,718.72,712.72,715.72,5,5,967.3785,955.4358,919.6077,859.8942,847.9515,678.4561,516.7046,511.7046,9131,115,46,FALSE
,517,13304720ADB2,13304720ADB,60B,60,1,10/24/1985,8/28/1996,120,no,,TRUE,wsp well has more data,FALSE,2949649.388,-222947.7704,Wahpeton Buried Valley,277,265,270,972.93,5,yes,695.93,707.93,702.93,705.43,5,5,967.3785,955.4358,919.6077,859.8942,847.9515,678.4561,516.7046,511.7046,9131,115,46,FALSE
,518,13304720ADB3,13304720ADB,60C,60,1,10/24/1985,11/15/2007,141,no,,,,FALSE,2949647.26,-222910.617,Wahpeton Sand Plain,125,115,120,973.15,,yes,848.15,858.15,853.15,855.65,4,5,967.3785,955.4358,919.6077,859.8942,847.9515,678.4561,516.7046,511.7046,9131,115,46,FALSE
,520,13304720ADD2,13304720ADD,63A,63,1,10/30/1985,4/20/1994,94,no,,TRUE,wsp well has more data,FALSE,2950771.502,-223621.7049,Wahpeton Buried Valley,275,268,273,969.39,5,yes,694.39,701.39,696.39,698.89,5,5,967.3938,955.1941,918.5951,857.5967,845.397,681.8743,519.8026,514.8026,9211,116,47,FALSE
yes - to wss,521,13304720ADD3,13304720ADD,63B,63,1,10/30/1985,11/15/2007,158,no,,,,FALSE,2950746.509,-223622.9679,Wahpeton Sand Plain,129,122,127,969.72,,yes,840.72,847.72,842.72,845.22,5,5,967.3938,955.1941,918.5951,857.5967,845.397,681.8743,519.8026,514.8026,9211,116,47,FALSE
,522,13304720BAACD,13304720BAACD,65A,65,1,3/30/1989,5/12/1998,63,no,,TRUE,duplicate data in cell,FALSE,2947922.34,-221829.0111,Wahpeton Shallow Sand,,61,67,975.66,,yes,na,914.66,908.66,911.66,3,3,964.2357,953.1404,919.8549,864.3789,853.2837,682.3303,518.0193,513.0193,8893,112,45,FALSE
,523,13304720BAA1,13304720BAA,66A,66,1,9/7/1975,12/1/1981,32,no,,,,FALSE,2947926.073,-221390.828,Wahpeton Shallow Sand,40,23,26,966.69,,yes,926.69,943.69,940.69,942.19,2,2,963.2867,952.1303,918.6613,862.8794,851.723,683.9502,518.9203,513.9203,8814,111,45,TRUE
,524,13304720BAA2,13304720BAA,66B,66,1,9/7/1975,5/18/2010,256,no,,,,FALSE,2948099.929,-221345.5364,Wahpeton Sand Plain,140,128,134,966.09,,yes,826.09,838.09,832.09,835.09,5,5,966.1504,954.994,921.525,865.7431,854.5867,686.8138,521.784,516.784,8815,111,46,TRUE
,525,13304720BAA3,13304720BAA,66C,66,1,10/9/1985,8/23/2011,155,no,,,,FALSE,2947956.067,-221498.9066,Wahpeton Shallow Sand,45,33,36,965.78,,yes,920.78,932.78,929.78,931.28,2,2,963.2867,952.1303,918.6613,862.8794,851.723,683.9502,518.9203,513.9203,8814,111,45,TRUE
,526,13304720BAA4,13304720BAA,66D,66,1,10/23/1985,5/18/2010,155,no,,TRUE,wsp well has more data,FALSE,2948124.074,-221307.4241,Wahpeton Buried Valley,267,258,263,966.08,5,yes,699.08,708.08,703.08,705.58,5,5,966.1504,954.994,921.525,865.7431,854.5867,686.8138,521.784,516.784,8815,111,46,TRUE
,527,13304720BABAB1,13304720BABAB,70A,70,1,8/31/1987,5/30/1991,43,no,,,,FALSE,2947243.768,-221425.5636,Wahpeton Sand Plain,120,112,117,966.9,,yes,846.9,854.9,849.9,852.4,5,5,963.6008,952.524,919.2934,863.9091,852.8323,681.8792,515.4893,510.4893,8735,110,45,FALSE
,528,13304720BABB,13304720BABB,71A,71,1,8/31/1987,11/16/2010,125,no,,TRUE,duplicate well in cell,FALSE,2946966.561,-221438.7901,Wahpeton Shallow Sand,66,53,63,963.57,,yes,897.57,910.57,900.57,905.57,3,3,961.2493,950.2759,917.3558,862.4888,851.5154,675.457,507.751,502.751,8734,110,44,FALSE
,529,13304720BADAB1,13304720BADAB,72A,72,1,3/30/1989,5/30/1991,27,no,,TRUE,duplicate data in cell,FALSE,2948009.594,-222043.7945,Wahpeton Shallow Sand,,57,62,983.3,,yes,na,926.3,921.3,923.8,2,2,964.2357,953.1404,919.8549,864.3789,853.2837,682.3303,518.0193,513.0193,8893,112,45,FALSE
,530,13304720BADBD1,13304720BADBD,73A,73,1,3/30/1989,5/30/1991,25,no,,TRUE,duplicate data in cell,FALSE,2947936.795,-222120.8884,Wahpeton Shallow Sand,,52,57,983.29,,yes,na,931.29,926.29,928.79,2,2,964.2357,953.1404,919.8549,864.3789,853.2837,682.3303,518.0193,513.0193,8893,112,45,FALSE
,532,13304720BADCA1,13304720BADCA,74A,74,1,3/30/1989,5/30/1991,26,no,,,,FALSE,2947948.046,-222339.1364,Wahpeton Shallow Sand,,66,76,983.23,,yes,na,917.23,907.23,912.23,3,3,964.2357,953.1404,919.8549,864.3789,853.2837,682.3303,518.0193,513.0193,8893,112,45,FALSE
,534,13304720BADCD1,13304720BADCD,75A,75,1,3/30/1989,5/30/1991,25,no,,,,FALSE,2947955.157,-222485.2636,Wahpeton Shallow Sand,,53,58,983.5,,yes,na,930.5,925.5,928,2,2,964.2018,953.0311,919.5193,863.6661,852.4955,683.8051,519.993,514.993,8892,112,44,FALSE
,535,13304720BAD1,13304720BAD,76A,76,1,10/24/1985,11/15/2007,158,no,,,,FALSE,2947801.395,-221945.0606,Wahpeton Buried Valley,271,255,260,975.69,5,yes,704.69,720.69,715.69,718.19,5,5,964.2357,953.1404,919.8549,864.3789,853.2837,682.3303,518.0193,513.0193,8893,112,45,FALSE
yes - to wss,536,13304720BAD2,13304720BAD,76B,76,1,10/24/1985,11/15/2007,158,no,,TRUE,duplicate of wbv well data,FALSE,2947801.395,-221945.0606,Wahpeton Sand Plain,150,135,140,976,,yes,826,841,836,838.5,5,5,964.2357,953.1404,919.8549,864.3789,853.2837,682.3303,518.0193,513.0193,8893,112,45,FALSE
,537,13304720BAD3,13304720BAD,76C,76,1,10/24/1985,11/15/2007,151,no,,,,FALSE,2947778.455,-221982.0158,Wahpeton Shallow Sand,70,51,56,976.35,,yes,906.35,925.35,920.35,922.85,2,2,964.2357,953.1404,919.8549,864.3789,853.2837,682.3303,518.0193,513.0193,8893,112,45,FALSE
yes - to wss,539,13304720BBABB1,13304720BBABB,79A,79,1,8/31/1987,8/23/2011,125,no,,,,FALSE,2946281.328,-221400.2142,Wahpeton Sand Plain,120,113,118,960.25,,yes,840.25,847.25,842.25,844.75,5,5,961.2493,950.2759,917.3558,862.4888,851.5154,675.457,507.751,502.751,8655,109,44,TRUE
,540,13304720BBABB2,13304720BBABB,79B,79,1,8/31/1987,8/23/2011,130,no,,,,FALSE,2946306.337,-221399.3214,Wahpeton Shallow Sand,66,58,63,960.5,,yes,894.5,902.5,897.5,900,3,3,961.2493,950.2759,917.3558,862.4888,851.5154,675.457,507.751,502.751,8734,110,44,TRUE
,541,13304720BBA2,13304720BBA,81A,81,1,9/7/1975,5/30/1991,99,no,,,,FALSE,2946776.949,-221704.0441,Wahpeton Shallow Sand,80,56,59,962.17,,yes,882.17,906.17,903.17,904.67,3,3,961.2493,950.2759,917.3558,862.4888,851.5154,675.457,507.751,502.751,8734,110,44,FALSE
,542,13304720BBA3,13304720BBA,81B,81,1,9/7/1975,5/13/1987,51,no,,,,FALSE,2946775.891,-221667.9327,Wahpeton Shallow Sand,30,23,26,962.17,,yes,932.17,939.17,936.17,937.67,2,2,961.2493,950.2759,917.3558,862.4888,851.5154,675.457,507.751,502.751,8734,110,44,FALSE
,543,13304720BBA4,13304720BBA,81C,81,1,10/9/1985,5/17/2007,119,no,,,,FALSE,2946798.777,-221629.8856,Wahpeton Shallow Sand,56,34,37,964.18,,yes,908.18,930.18,927.18,928.68,2,2,961.2493,950.2759,917.3558,862.4888,851.5154,675.457,507.751,502.751,8734,110,44,FALSE
,544,13304720BBA5,13304720BBA,81D,81,1,6/3/1976,5/30/1991,89,no,,TRUE,duplicate wss data,FALSE,2946760.425,-221375.7412,Wahpeton Shallow Sand,60,38,41,961.4,,yes,901.4,923.4,920.4,921.9,2,2,961.2493,950.2759,917.3558,862.4888,851.5154,675.457,507.751,502.751,8734,110,44,FALSE
,545,13304720BBA6,13304720BBA,81E,81,1,10/24/1985,11/15/2007,150,no,,,,FALSE,2946697.803,-221634.9676,Wahpeton Buried Valley,280,268,273,962.64,5,yes,682.64,694.64,689.64,692.14,5,5,961.2493,950.2759,917.3558,862.4888,851.5154,675.457,507.751,502.751,8734,110,44,FALSE
yes - to wss,546,13304720BBA7,13304720BBA,81F,81,1,10/24/1985,11/15/2007,149,no,,TRUE,duplicate of wbv well data,FALSE,2946697.803,-221634.9676,Wahpeton Sand Plain,120,110,115,962.73,,yes,842.73,852.73,847.73,850.23,5,5,961.2493,950.2759,917.3558,862.4888,851.5154,675.457,507.751,502.751,8734,110,44,FALSE
,547,13304720BBA8,13304720BBA,81G,81,1,10/24/1985,11/15/2007,142,no,,,,FALSE,2946699.871,-221671.0282,Wahpeton Shallow Sand,65,58,63,962.8,,yes,897.8,904.8,899.8,902.3,3,3,961.2493,950.2759,917.3558,862.4888,851.5154,675.457,507.751,502.751,8734,110,44,FALSE
yes - to wbv,548,13304720BBBAB1,13304720BBBAB,195A,195,1,8/31/1987,5/30/1991,44,no,,TRUE,wsp well has more data,FALSE,2946003.167,-221414.5709,Wahpeton Buried Valley,320,298,303,959.92,5,yes,639.92,661.92,656.92,659.42,6,5,960.2859,949.3481,916.5345,861.8452,850.9072,680.1696,511.2005,506.2005,8654,109,43,FALSE
,549,13304720BBBAB2,13304720BBBAB,195B,195,1,8/31/1987,5/30/1991,43,no,,TRUE,wsp well has more data,FALSE,2945978.176,-221415.8278,Wahpeton Buried Valley,200,193,198,959.78,5,yes,759.78,766.78,761.78,764.28,5,5,960.2859,949.3481,916.5345,861.8452,850.9072,680.1696,511.2005,506.2005,8654,109,43,FALSE
,550,13304720BBBAB3,13304720BBBAB,195C,195,1,8/31/1987,5/30/1991,42,no,,TRUE,duplicate of wbv well data,FALSE,2945953.167,-221416.7202,Wahpeton Sand Plain,126,118,123,959.76,,yes,833.76,841.76,836.76,839.26,5,5,960.2859,949.3481,916.5345,861.8452,850.9072,680.1696,511.2005,506.2005,8654,109,43,FALSE
,551,13304720BBBAB4,13304720BBBAB,195D,195,1,8/31/1987,11/15/2011,127,no,,,,FALSE,2945928.158,-221417.6126,Wahpeton Sand Plain,86,78,83,959.7,,yes,873.7,881.7,876.7,879.2,3,5,960.2859,949.3481,916.5345,861.8452,850.9072,680.1696,511.2005,506.2005,8654,109,43,FALSE
,552,13304720BBBAB5,13304720BBBAB,195E,195,1,8/31/1987,11/15/2011,130,no,,,,FALSE,2945902.194,-221419.6488,Wahpeton Shallow Sand,55,43,53,959.78,,yes,904.78,916.78,906.78,911.78,3,3,960.2859,949.3481,916.5345,861.8452,850.9072,680.1696,511.2005,506.2005,8654,109,43,FALSE
,553,13304720BBD1,13304720BBD,93A,93,1,10/9/1985,7/29/1994,97,no,,,,FALSE,2946777.363,-222215.077,Wahpeton Shallow Sand,60,42,45,964.98,,yes,904.98,922.98,919.98,921.48,2,3,965.2505,954.2288,921.1634,866.0545,855.0327,703.4187,536.9315,531.9315,8812,111,43,FALSE
,554,13304720BBD2,13304720BBD,93B,93,1,6/3/1976,9/17/1980,20,no,,,,FALSE,2946731.336,-222291.1839,Wahpeton Shallow Sand,,,,967.28,3,no,na,920,866,#DIV/0!,,3,965.2505,954.2288,921.1634,866.0545,855.0327,703.4187,536.9315,531.9315,8812,111,43,FALSE
,555,13304720BCA,13304720BCA,95A,95,1,10/9/1985,7/29/1994,97,no,,TRUE,duplicate data in cell,FALSE,2946801.746,-222689.4696,Wahpeton Shallow Sand,60,42,45,965.41,,yes,905.41,923.41,920.41,921.91,2,2,965.2505,954.2288,921.1634,866.0545,855.0327,703.4187,536.9315,531.9315,8812,111,43,FALSE
,556,13304720BCD1,13304720BCD,96A,96,1,9/7/1975,4/10/1986,29,no,,,,FALSE,2946784.5,-223347.5116,Wahpeton Shallow Sand,60,38,44,964.82,,yes,904.82,926.82,920.82,923.82,2,2,963.6612,952.5076,919.0469,863.2789,852.1254,730.0183,563.7533,558.7533,8890,112,42,FALSE
,557,13304720BCD3,13304720BCD,96B,96,1,8/31/1987,11/15/2007,101,no,,,,FALSE,2946838.641,-223417.4814,Wahpeton Sand Plain,140,130,135,964.89,,yes,824.89,834.89,829.89,832.39,5,5,963.6612,952.5076,919.0469,863.2789,852.1254,730.0183,563.7533,558.7533,8890,112,42,FALSE
,558,13304720BCD4,13304720BCD,96C,96,1,8/31/1987,11/15/2007,98,no,,,,FALSE,2946836.591,-223381.7852,Wahpeton Shallow Sand,48,36,46,964.91,,yes,916.91,928.91,918.91,923.91,2,2,963.6612,952.5076,919.0469,863.2789,852.1254,730.0183,563.7533,558.7533,8890,112,42,FALSE
,561,13304720BDD,13304720BDD,99A,99,1,6/17/1976,9/20/1978,17,no,,,,FALSE,2947827.993,-223477.6173,Wahpeton Shallow Sand,,0,30,967.06,,yes,na,967.06,937.06,952.06,2,2,966.4065,955.1683,921.4538,865.2629,854.0247,706.8885,542.0992,537.0992,8970,113,43,FALSE
,563,13304720DDD1,13304720DDD,100A,100,1,11/18/1969,5/1/1996,237,no,,,,TRUE,2951041.376,-226322.2764,Wahpeton Buried Valley,290,248,254,967.7,5,yes,677.7,719.7,713.7,716.7,5,5,967.3935,953.6701,912.4999,843.8828,830.1594,695.5653,528.1523,523.1523,9524,120,44,TRUE
,564,13304720DDD2,13304720DDD,100B,100,1,9/17/1974,5/1/1996,199,no,,,,FALSE,2950770.97,-226105.7988,Wahpeton Shallow Sand,80,48,51,968.31,,yes,888.31,920.31,917.31,918.81,2,2,965.8497,952.6951,913.2311,847.4578,834.3032,696.504,532.2817,527.2817,9445,119,44,TRUE
,566,13304729BAB2,13304729BAB,102A,102,1,9/17/1974,5/1/1996,104,no,,,,FALSE,2947496.329,-226928.5184,Wahpeton Shallow Sand,80,65,68,962.62,,yes,882.62,897.62,894.62,896.12,3,3,964.5948,951.653,912.8272,848.1176,835.1757,790.0866,630.6506,625.6506,9283,117,40,FALSE
,567,13304802ADA,13304802ADA,103A,103,1,6/9/1971,10/8/1981,69,no,,,,FALSE,2934113.747,-207762.7487,Wahpeton Sand Plain,280,88,91,946.83,,yes,666.83,858.83,855.83,857.33,3,3,949.1717,935.7305,895.4069,828.2008,814.7596,784.1204,630.129,611.8505,6521,82,43,FALSE
,569,13304803ABB2,13304803ABB,104A,104,1,9/17/1974,6/13/2023,278,no,,,,TRUE,2926807.665,-206772.3411,Wahpeton Sand Plain,140,116,119,945.91,,yes,805.91,829.91,826.91,828.41,4,5,945.736,933.9011,898.3964,839.222,827.3871,663.7319,511.8221,504.0755,5881,74,35,FALSE
,570,13304812BAA,13304812BAA,105A,105,1,6/9/1971,11/5/2024,356,no,,,,TRUE,2937435.575,-211184.7998,Wahpeton Sand Plain,235,115,135,950.1,,yes,715.1,835.1,815.1,825.1,4,5,951.1757,937.8445,897.8513,831.1958,817.8647,727.4701,565.0984,553.0993,7074,89,43,FALSE
yes - to wbv - also in wss list,573,13304824AAD1,13304824AAD,106A,106,1,9/17/1974,5/1/1996,126,no,,TRUE,bye bye WR,FALSE,2940015.785,-222627.9987,Wahpeton Sand Plain,140,132,135,958.53,,yes,818.53,826.53,823.53,825.03,6,6,958.4117,946.259,909.8008,849.0373,836.8846,831.8846,651.5234,646.5234,8330,105,35,FALSE
,574,13304824AAD2,13304824AAD,106B,106,1,9/17/1974,5/1/1996,126,no,,,,FALSE,2940015.785,-222627.9987,Wahpeton Shallow Sand,60,48,51,957.83,,yes,897.83,909.83,906.83,908.33,3,3,958.4117,946.259,909.8008,849.0373,836.8846,831.8846,651.5234,646.5234,8330,105,35,FALSE
,583,13404820ADD2,13404820ADD,108A,108,1,5/20/1980,11/5/2024,416,no,,,,FALSE,2917622.785,-193270.9415,Wahpeton Sand Plain,262,130,135,942.51,,yes,680.51,812.51,807.51,810.01,5,5,941.6927,929.0263,891.0271,827.6952,815.0287,779.0244,623.2449,618.2449,3909,49,38,FALSE
,584,13404821BBB,13404821BBB,109A,109,1,7/20/1971,8/30/1971,2,yes,TRUE,TRUE,less than 15 pts,FALSE,2918207.046,-191269.5708,Wahpeton Buried Valley,395,238,244,939.93,5,no,544.93,701.93,695.93,698.93,6,5,941.3787,928.6068,890.2913,826.4321,813.6603,744.6954,586.0152,581.0152,3753,47,40,FALSE
,586,13404832DAA,13404832DAA,110A,110,1,2/8/1971,8/22/2022,292,no,,,,TRUE,2918121.939,-204495.9787,Wahpeton Sand Plain,120,58,78,943.97,,yes,823.97,885.97,865.97,875.97,3,3,930.731,919.6192,886.2839,830.725,819.6133,814.6133,598.0368,593.0368,4925,62,27,FALSE
,596,13504831DCD,13504831DCD,111A,111,1,7/20/1971,9/24/1996,137,no,,,,FALSE,2910164.144,-174969.0316,Wahpeton Sand Plain,180,138,141,937.53,,yes,757.53,799.53,796.53,798.03,3,3,935.9408,919.4109,869.8214,787.172,770.6422,759.61,549.9461,544.9461,1627,20,47,FALSE
yes - to wbv,932,13304707ADD,13304707ADD,112A,112,1,6/9/1971,9/10/1997,177,no,,TRUE,bye bye WR,FALSE,2944965.768,-213357.1409,Dakota Group,348,318,324,956.13,,yes,608.13,638.13,632.13,635.13,6,6,955.3615,941.1131,898.3678,827.1257,812.8772,756.5862,563.0421,558.0421,7871,99,50,FALSE
,939,13304716CDB,13304716CDB,113A,113,1,11/19/1969,11/19/1969,1,yes,,TRUE,less than 15 pts,FALSE,2952542.785,-220043.4574,Wahpeton Buried Valley,190,149,155,960.22,5,no,770.22,811.22,805.22,808.22,5,5,955.5704,942.0228,901.3797,833.6414,820.0936,790.084,629.6634,624.6634,9058,114,52,FALSE
,941,13304717ADD,13304717ADD,114A,114,1,11/18/1969,2/8/1971,2,yes,,TRUE,less than 15 pts,FALSE,2950782.926,-218379.7631,Wahpeton Buried Valley,190,149,155,958.13,5,no,768.13,809.13,803.13,806.13,5,5,957.3531,943.8371,903.2889,835.7087,822.1926,784.3246,619.5194,614.5194,8742,110,52,FALSE
,942,13304717CCC1,13304717CCC,195F,195,1,6/9/1971,8/23/2011,359,no,,,,TRUE,2945681.639,-221064.71,Wahpeton Sand Plain,320,118,121,960.34,,yes,640.34,842.34,839.34,840.84,5,5,960.2859,949.3481,916.5345,861.8452,850.9072,680.1696,511.2005,506.2005,8654,109,43,FALSE
,943,13304717CCC2,13304717CCC,195G,195,1,9/18/1974,5/1/1996,210,no,,TRUE,in same cell as 13304720BBBAB5 - but 20 foot difference in heads,FALSE,2945681.639,-221064.71,Wahpeton Shallow Sand,60,48,51,959.81,,yes,899.81,911.81,908.81,910.31,3,3,960.2859,949.3481,916.5345,861.8452,850.9072,680.1696,511.2005,506.2005,8654,109,43,FALSE
,944,13304717DDD,13304717DDD,117A,117,1,9/30/1964,3/20/1980,77,no,,,,FALSE,2950539.818,-221040.1253,Wahpeton Shallow Sand,105,60,80,964.82,,yes,859.82,904.82,884.82,894.82,3,3,963.5198,951.3231,914.733,853.7496,841.5529,740.3313,578.6679,573.6679,8976,113,49,FALSE
,946,13304721BCB,13304721BCB,118A,118,1,11/19/1969,8/30/1971,3,yes,,TRUE,less than 15 pts,FALSE,2951125.193,-222612.3946,Wahpeton Buried Valley,220,189,195,967.92,5,no,747.92,778.92,772.92,775.92,5,5,966.9179,954.5036,917.2607,855.1893,842.775,707.4951,545.4098,540.4098,9212,116,48,FALSE
,947,13304721CBA,13304721CBA,119A,119,1,11/18/1969,2/26/1970,2,yes,,TRUE,less than 15 pts,FALSE,2952043.653,-224312.8293,Wahpeton Buried Valley,260,258,261,965.22,5,no,705.22,707.22,704.22,705.72,5,5,965.5399,952.4948,913.3594,848.1337,835.0886,677.301,512.1412,507.1412,9369,118,47,FALSE
,948,13304721CBB1,13304721CBB,120A,120,1,11/18/1969,2/26/1970,2,yes,,TRUE,less than 15 pts,FALSE,2951224.989,-223900.5251,Wahpeton Buried Valley,310,258,261,969.13,5,no,659.13,711.13,708.13,709.63,5,5,967.3802,954.7699,916.9391,853.8878,841.2776,679.4694,516.2771,511.2771,9290,117,47,TRUE
,949,13304721CBB2,13304721CBB,120B,120,1,11/18/1969,2/26/1970,2,yes,,TRUE,less than 15 pts,FALSE,2951602.143,-224056.0701,Wahpeton Buried Valley,260,248,251,967.62,5,no,707.62,719.62,716.62,718.12,5,5,965.5399,952.4948,913.3594,848.1337,835.0886,677.301,512.1412,507.1412,9369,118,47,TRUE
,952,13304728DCD1,13304728DCD,122A,122,1,9/1/1987,8/23/2011,115,no,,,,FALSE,2954573.767,-231210.2634,Wahpeton Buried Valley,260,238,243,957.59,5,yes,697.59,719.59,714.59,717.09,5,5,952.4882,935.5112,884.5801,799.6952,782.7181,647.7754,462.6523,457.6523,10235,129,44,FALSE
,953,13304728DCD3,13304728DCD,122B,122,1,9/1/1987,8/23/2011,114,no,,,,FALSE,2954569.566,-231137.4145,Wahpeton Shallow Sand,70,60,65,958.5,,yes,888.5,898.5,893.5,896,2,2,952.4882,935.5112,884.5801,799.6952,782.7181,647.7754,462.6523,457.6523,10235,129,44,FALSE
,963,13504817CCC,13504817CCC,124A,124,0,9/12/1985,11/5/2024,165,no,,TRUE,bye bye WR,FALSE,2910834.367,-159157.2933,Undefined,200,152,157,933.75,,no,733.75,781.75,776.75,779.25,6,6,932.4395,921.6217,889.1685,835.0798,824.262,819.262,653.8322,648.8322,300,3,63,FALSE
yes - to wbv,1463,13304707CBB3,13304707CBB,125A,125,1,8/6/1998,11/5/2024,99,no,TRUE,TRUE,better resolute data available,FALSE,2940045.346,-214114.4906,Wahpeton Buried Valley,287,242,272,954.35,5,yes,667.35,712.35,682.35,697.35,6,5,953.2014,942.6949,911.1757,858.6435,848.1371,698.7117,523.0513,518.0513,7548,95,43,FALSE
,1474,13304707CBB4,13304707CBB,125B,125,1,8/28/1996,1/9/2025,59056,no,TRUE,,,FALSE,2940045.346,-214114.4906,Wahpeton Buried Valley,175,162,167,953.84,5,yes,778.84,791.84,786.84,789.34,5,5,953.2014,942.6949,911.1757,858.6435,848.1371,698.7117,523.0513,518.0513,7548,95,43,FALSE
,1479,13304707CBB5,13304707CBB,125C,125,1,8/28/1996,11/5/2024,128,no,TRUE,TRUE,duplicate of wbv well data,FALSE,2940045.346,-214114.4906,Wahpeton Sand Plain,86,71,76,953.83,,yes,867.83,882.83,877.83,880.33,3,3,953.2014,942.6949,911.1757,858.6435,848.1371,698.7117,523.0513,518.0513,7548,95,43,FALSE
yes - to wbv,1636,13404821BBB2,13404821BBB,109B,109,1,8/28/1996,11/5/2024,136,no,TRUE,TRUE,duplicate wbv data,FALSE,2918290.305,-191236.2751,Wahpeton Buried Valley,260,250,255,942.02,5,yes,682.02,692.02,687.02,689.52,6,5,941.3787,928.6068,890.2913,826.4321,813.6603,744.6954,586.0152,581.0152,3753,47,40,FALSE
,1637,13404821BBB3,13404821BBB,109C,109,1,8/28/1996,11/5/2024,136,no,TRUE,,,TRUE,2918290.305,-191236.2751,Wahpeton Sand Plain,140,130,140,942.15,,yes,802.15,812.15,802.15,807.15,5,5,941.3787,928.6068,890.2913,826.4321,813.6603,744.6954,586.0152,581.0152,3753,47,40,FALSE
,1759,13304707CAC,13304707CAC,130A,130,1,6/9/2004,8/30/2005,2,yes,,TRUE,less than 15 pts,FALSE,2941514.704,-214662.3223,Wahpeton Buried Valley,225,209,219,956.14,5,no,731.14,747.14,737.14,742.14,5,5,955.579,945.2884,914.4165,862.9634,852.6729,719.4052,537.2042,532.2042,7708,97,45,FALSE
,14148,13304707CBB6,13304707CBB,125D,125,1,5/1/1997,11/5/2024,113,no,TRUE,TRUE,Unrealistic heads,FALSE,2940045.346,-214114.4906,Wahpeton Shallow Sand,54,35,40,954.12,,yes,900.12,919.12,914.12,916.62,2,2,953.2014,942.6949,911.1757,858.6435,848.1371,698.7117,523.0513,518.0513,7548,95,43,FALSE
,15380,13404821BBB4,13404821BBB,109D,109,1,8/28/1996,11/5/2024,136,no,TRUE,TRUE,Unrealistic heads,FALSE,2918290.305,-191236.2751,Wahpeton Shallow Sand,59,44,54,941.96,,yes,882.96,897.96,887.96,892.96,2,2,941.3787,928.6068,890.2913,826.4321,813.6603,744.6954,586.0152,581.0152,3753,47,40,FALSE
,15985,13304820DDD,13304820DDD,133A,133,0,9/16/1993,8/7/2019,73,no,,,,FALSE,2919036.973,-227865.8553,Undefined,180,98,103,951.35,,no,771.35,853.35,848.35,850.85,3,3,950.4714,938.6882,903.3386,844.4227,832.6395,827.6395,635.4696,630.4696,7116,90,6,FALSE
,15989,13404923CCC,13404923CCC,134A,134,0,9/16/1993,9/16/1993,1,yes,,TRUE,less than 15 pts,FALSE,2897174.223,-196779.9768,Colfax,340,257,262,950.94,,no,610.94,693.94,688.94,691.44,6,6,948.3535,933.8612,890.3846,817.9235,803.4313,798.4313,613.897,608.897,2617,33,10,FALSE
,16217,13304720BBBC1,13304720BBBC,135A,135,1,7/29/1994,8/23/2011,40,no,,,,FALSE,2945565.909,-222276.3771,Undefined,42,10,25,959.43,,yes,917.43,949.43,934.43,941.93,2,2,960.965,949.9564,916.9303,861.887,850.8782,728.6142,560.7562,555.7562,8732,110,42,FALSE
,16218,13304720BCBC1,13304720BCBC,136A,136,1,7/29/1994,8/23/2011,39,no,,,,FALSE,2945611.72,-223187.6856,Wahpeton Shallow Sand,44,28,43,960.5,,yes,916.5,932.5,917.5,925,2,2,959.8698,948.7261,915.2952,859.577,848.4333,755.907,588.1569,583.1569,8810,111,41,FALSE
,16219,13304720BCCD1,13304720BCCD,137A,137,1,7/29/1994,11/15/2007,30,no,,,,FALSE,2946156.929,-223963.5644,Wahpeton Shallow Sand,47,30,45,963.62,,yes,916.62,933.62,918.62,926.12,2,2,960.82,949.5247,915.6387,859.1622,847.8669,785.3973,617.5275,612.5275,8889,112,41,FALSE
,17523,13304720ADD4,13304720ADD,63C,63,1,10/25/1994,11/15/2007,45,no,,TRUE,wsp well has more data,FALSE,2950746.509,-223622.9679,Wahpeton Buried Valley,280,268,273,970.33,5,yes,690.33,702.33,697.33,699.83,5,5,967.3938,955.1941,918.5951,857.5967,845.397,681.8743,519.8026,514.8026,9211,116,47,FALSE
,18382,13304727CCCBBD,13304727CCCBBD,139A,139,1,5/27/1999,8/17/1999,55,no,,,,FALSE,2956453.125,-230822.2591,Wahpeton Buried Valley,300,245,300,965.81,5,yes,665.81,720.81,665.81,693.31,5,5,964.0688,947.0781,896.106,811.1523,794.1616,664.0228,479.4111,474.4111,10316,130,46,FALSE
,19725,13304707CDA1,13304707CDA,140A,140,1,6/8/2004,8/30/2005,2,yes,,TRUE,less than 15 pts,FALSE,2942279.643,-215281.8927,Wahpeton Sand Plain,98,75,93,957.64,,no,859.64,882.64,864.64,873.64,3,3,957.1086,946.8181,915.9462,864.4931,854.2025,720.9348,538.7339,533.7339,7787,98,45,FALSE
,19726,13304707CDA2,13304707CDA,140B,140,1,6/9/2004,8/30/2005,2,yes,,TRUE,less than 15 pts,FALSE,2942279.643,-215281.8927,Wahpeton Shallow Sand,33,28,33,957.24,,no,924.24,929.24,924.24,926.74,2,2,957.1086,946.8181,915.9462,864.4931,854.2025,720.9348,538.7339,533.7339,7787,98,45,FALSE
,19727,13304707CDA3,13304707CDA,140C,140,1,6/9/2004,8/30/2005,2,yes,,TRUE,less than 15 pts,FALSE,2942279.643,-215281.8927,Wahpeton Buried Valley,223,206,216,957.34,5,no,734.34,751.34,741.34,746.34,5,5,957.1086,946.8181,915.9462,864.4931,854.2025,720.9348,538.7339,533.7339,7787,98,45,FALSE
,19730,13304707CDD4,13304707CDD,143A,143,1,6/8/2004,8/30/2005,2,yes,,TRUE,less than 15 pts,FALSE,2942310.165,-215900.996,Wahpeton Buried Valley,268,229,259,955.86,5,no,687.86,726.86,696.86,711.86,5,5,956.5023,946.6492,917.0897,867.8239,857.9707,697.8154,520.1104,515.1104,7865,99,44,FALSE
,19883,13404810ABD1,13404810ABD,144A,144,0,10/15/1996,11/5/2024,116,no,,TRUE,bye bye WR,FALSE,2925105.913,-180994.6973,Undefined,218,203,208,941.39,,no,723.39,738.39,733.39,735.89,6,6,938.6359,924.3589,881.5281,810.1434,795.8664,790.8664,586.7234,581.7234,3376,42,58,FALSE
,19886,13304727ADD2,13304727ADD,145A,145,0,10/8/1996,11/5/2024,116,no,,,,FALSE,2961543.788,-228371.0615,Undefined,120,110,115,967.53,,no,847.53,857.53,852.53,855.03,3,3,966.2544,951.8271,908.5452,836.4086,821.9813,814.356,630.0712,625.0712,10482,132,54,FALSE
,19887,13304727ADD3,13304727ADD,145B,145,0,10/8/1996,11/5/2024,117,no,,,,FALSE,2961520.921,-228409.1263,Undefined,64,52,57,967.31,,no,903.31,915.31,910.31,912.81,2,2,966.2544,951.8271,908.5452,836.4086,821.9813,814.356,630.0712,625.0712,10482,132,54,FALSE
,19890,13304726AAA1,13304726AAA,147A,147,0,10/15/1996,11/5/2024,112,no,,TRUE,bye bye WR,FALSE,2966620.387,-225663.8376,Undefined,230,215,220,971.54,,no,741.54,756.54,751.54,754.04,6,6,970.9799,957.8765,918.5662,853.0491,839.9457,834.9457,632.501,627.501,10649,134,63,FALSE
,19891,13304726AAA2,13304726AAA,147B,147,0,10/15/1996,11/5/2024,116,no,,TRUE,"questionable, high water levels, duplicate disagreeing data",FALSE,2966646.412,-225662.8668,Undefined,151,140,145,971.9,,no,820.9,831.9,826.9,829.4,6,6,970.9799,957.8765,918.5662,853.0491,839.9457,834.9457,632.501,627.501,10649,134,63,FALSE
,19893,13304619DDD2,13304619DDD,149A,149,0,10/16/1996,11/5/2024,113,no,,TRUE,"right on the bounds of the model, disagreeing data",FALSE,2977117.126,-224975.5741,Undefined,285,248,253,974.83,,no,689.83,726.83,721.83,724.33,6,6,972.7234,962.627,932.3375,881.8552,871.7587,866.7587,636.1476,631.1476,11452,144,76,FALSE
,19894,13304619DDD3,13304619DDD,149B,149,0,10/15/1996,11/5/2024,114,no,,TRUE,"right on the bounds of the model, disagreeing data",FALSE,2977142.14,-224974.6415,Undefined,44,34,39,974.32,,no,930.32,940.32,935.32,937.82,2,2,972.7234,962.627,932.3375,881.8552,871.7587,866.7587,636.1476,631.1476,11452,144,76,FALSE
,19899,13304716DDAC2,13304716DDAC,151A,151,1,10/31/1996,11/5/2024,116,no,,,,FALSE,2955104.851,-220224.0752,Undefined,80,69,74,963.74,,yes,883.74,894.74,889.74,892.24,3,3,963.4828,948.0647,901.8105,824.7202,809.3021,801.2419,636.77,631.77,9298,117,55,FALSE
,19904,13404836ACB3,13404836ACB,152A,152,1,11/14/1996,11/5/2024,112,no,,,,FALSE,2936654.42,-202411.9705,Undefined,118,103,108,948.4,,yes,830.4,845.4,840.4,842.9,3,3,949.1918,935.7019,895.2321,827.7824,814.2925,809.2925,584.7349,579.0776,6213,78,51,FALSE
,21797,13504831DCD2,13504831DCD,111B,111,1,9/29/1997,11/5/2024,113,no,,,,TRUE,2910430.76,-175411.9159,Wahpeton Sand Plain,150,133,138,937.77,,yes,787.77,804.77,799.77,802.27,3,3,936.5371,919.7398,869.348,785.3615,768.5642,755.9556,548.886,543.886,1706,21,47,FALSE
yes - to wbv,21805,13304707ADD2,13304707ADD,112B,112,1,9/29/1997,11/15/2007,52,no,,TRUE,bye bye WR,FALSE,2945061.672,-213242.0014,Dakota Group,340,318,323,957.09,,yes,617.09,639.09,634.09,636.59,6,6,955.3615,941.1131,898.3678,827.1257,812.8772,756.5862,563.0421,558.0421,7871,99,50,FALSE
,21858,13304728ACABBD,13304728ACABBD,155A,155,1,10/31/1996,11/5/2024,119,no,,,,FALSE,2953585.74,-227716.8511,Wahpeton Buried Valley,261,250,260,959.22,5,yes,698.22,709.22,699.22,704.22,5,5,956.9045,941.641,895.8505,819.5329,804.2693,655.0717,476.6635,471.6635,9842,124,46,FALSE
,23098,13304720ADB4,13304720ADB,60D,60,1,5/12/1998,11/15/2007,19,no,,TRUE,wsp well has more data,FALSE,2949647.26,-222910.617,Wahpeton Buried Valley,283,270,275,973.2,5,yes,690.2,703.2,698.2,700.7,5,5,967.3785,955.4358,919.6077,859.8942,847.9515,678.4561,516.7046,511.7046,9131,115,46,FALSE
,24264,13504831CBCA2,13504831CBCA,157A,157,1,9/9/1998,11/5/2024,113,no,,,,FALSE,2907097.279,-174234.5623,Undefined,130,110,115,938.96,,yes,808.96,828.96,823.96,826.46,3,3,938.1359,920.4502,867.3931,778.9647,761.2791,743.321,534.3732,529.3732,1387,17,44,FALSE
,24265,13404808CCCA,13404808CCCA,158A,158,1,9/9/1998,5/12/2020,85,no,,,,FALSE,2912712.189,-185291.423,Wahpeton Buried Valley,196,150,155,937.98,5,yes,741.98,787.98,782.98,785.48,5,5,938.9191,923.7253,878.144,802.1751,786.9813,766.1502,564.8605,559.8605,2805,35,40,FALSE
,24266,13404901ADDB2,13404901ADDB,159A,159,1,9/9/1998,11/5/2024,110,no,,,,TRUE,2906287.444,-177786.708,Wahpeton Sand Plain,160,132,137,937.44,,yes,777.44,805.44,800.44,802.94,3,3,938.2236,918.6846,860.0679,762.3733,742.8344,737.8344,537.7651,532.7651,1620,20,40,FALSE
,24267,13404807CBB2,13404807CBB,160A,160,1,9/9/1998,11/5/2024,112,no,,,,TRUE,2907161.704,-183844.093,Wahpeton Sand Plain,117,91,96,936.63,,yes,819.63,845.63,840.63,843.13,3,3,936.713,920.5306,871.9837,791.0721,774.8898,769.8898,577.0263,572.0263,2247,28,35,FALSE
,24280,13304734ADCC2,13304734ADCC,161A,161,0,9/23/1998,5/14/2024,158,no,,,,FALSE,2960575.918,-233717.1761,Wahpeton Buried Valley,260,248,253,963.76,5,no,703.76,715.76,710.76,713.26,6,5,964.5613,947.5023,896.3251,811.0299,793.9708,732.3367,560.9376,555.9376,10950,138,48,FALSE
,24287,13304720DDD3,13304720DDD,100C,100,1,10/13/1998,11/5/2024,107,no,,,,TRUE,2950855.148,-226283.8324,Wahpeton Buried Valley,260,244,249,967.58,5,yes,707.58,723.58,718.58,721.08,5,5,967.3935,953.6701,912.4999,843.8828,830.1594,695.5653,528.1523,523.1523,9524,120,44,TRUE
,24288,13404901DDD2,13404901DDD,163A,163,1,10/13/1998,11/5/2024,108,no,,,,FALSE,2906594.159,-180474.3542,Undefined,140,111,116,939.48,,yes,799.48,828.48,823.48,825.98,3,3,938.1646,919.5851,863.8467,770.9493,752.3698,747.3698,552.6113,547.6113,1854,23,37,FALSE
,24289,13204703ACDB1,13204703ACDB,164A,164,0,10/13/1998,11/5/2024,93,no,,TRUE,duplicate of the wsp data,FALSE,2964586.35,-238335.516,Undefined,73,58,63,965.21,,no,892.21,907.21,902.21,904.71,3,3,961.868,948.0361,906.5404,837.3809,823.549,818.549,657.1544,652.1544,11661,147,48,FALSE
,24291,13204703ACDB3,13204703ACDB,164B,164,0,10/13/1998,11/5/2024,93,no,,,,FALSE,2964588.431,-238371.211,Wahpeton Sand Plain,140,128,133,965.21,,no,825.21,837.21,832.21,834.71,4,3,961.868,948.0361,906.5404,837.3809,823.549,818.549,657.1544,652.1544,11661,147,48,FALSE
,29767,13304717CACB1,13304717CACB,166A,166,1,6/8/2004,6/8/2004,1,yes,,TRUE,less than 15 pts,FALSE,2947019.84,-219576.7356,Undefined,25,15,25,963.03,,no,938.03,948.03,938.03,943.03,2,2,963.643,952.3083,918.3044,861.6312,850.2965,691.6727,521.5376,516.5376,8578,108,46,FALSE
,29768,13304717CABC1,13304717CABC,167A,167,1,6/8/2004,6/8/2004,1,yes,,TRUE,less than 15 pts,FALSE,2947003.97,-219261.5512,Undefined,25,15,25,963.13,,no,938.13,948.13,938.13,943.13,2,2,963.643,952.3083,918.3044,861.6312,850.2965,691.6727,521.5376,516.5376,8578,108,46,FALSE
,29769,13304717CAAB1,13304717CAAB,168A,168,1,6/8/2004,11/14/2007,10,yes,,TRUE,less than 15 pts,FALSE,2947624.4,-218914.3192,Undefined,30,20,30,959.33,,no,929.33,939.33,929.33,934.33,2,2,962.287,950.5797,915.4576,856.9208,845.2134,706.4771,535.994,530.994,8579,108,47,FALSE
,29770,13304717CAAB2,13304717CAAB,168B,168,1,6/8/2004,11/14/2007,10,yes,,TRUE,less than 15 pts,FALSE,2947624.4,-218914.3192,Wahpeton Shallow Sand,50,40,50,959.53,,no,909.53,919.53,909.53,914.53,3,3,962.287,950.5797,915.4576,856.9208,845.2134,706.4771,535.994,530.994,8579,108,47,FALSE
,29771,13304717DCBD1,13304717DCBD,170A,170,1,6/8/2004,11/14/2007,9,yes,,TRUE,less than 15 pts,FALSE,2948699.664,-220436.3865,Undefined,32,22,32,963.43,,no,931.43,941.43,931.43,936.43,2,2,964.7222,953.2365,918.7791,861.3501,849.8643,700.0546,535.33,530.33,8816,111,47,FALSE
,30234,13304720ACDDC,13304720ACDDC,171A,171,1,6/8/2004,11/15/2007,10,yes,,TRUE,less than 15 pts,FALSE,2949514.237,-223730.1286,Wahpeton Shallow Sand,26,14,24,971.82,,no,945.82,957.82,947.82,952.82,2,2,967.4937,955.623,920.0112,860.6581,848.7875,689.7279,528.28,523.28,9130,115,45,FALSE
,30235,13304720ABDDAC,13304720ABDDAC,172A,172,1,6/8/2004,11/15/2007,10,yes,,TRUE,less than 15 pts,FALSE,2949566.348,-222290.3996,Wahpeton Shallow Sand,47,37,47,973.82,,no,926.82,936.82,926.82,931.82,2,2,967.2153,955.6964,921.1399,863.5457,852.0269,680.5018,518.4559,513.4559,9052,114,46,FALSE
,30236,13304720ABABC,13304720ABABC,173A,173,1,6/8/2004,11/15/2007,10,yes,,TRUE,less than 15 pts,FALSE,2949067.937,-221455.9955,Wahpeton Shallow Sand,44,34,44,975.82,,no,931.82,941.82,931.82,936.82,2,2,966.6436,955.1771,920.7774,863.4446,851.9781,699.3322,536.4449,531.4449,8895,112,47,FALSE
,30237,13304720ADD5,13304720ADD,63D,63,1,6/8/2004,11/15/2007,9,yes,,TRUE,less than 15 pts,FALSE,2950738.58,-223420.9904,Wahpeton Shallow Sand,25,15,25,972.82,,no,947.82,957.82,947.82,952.82,2,2,967.3938,955.1941,918.5951,857.5967,845.397,681.8743,519.8026,514.8026,9211,116,47,FALSE
,126755,13304720BAA5,13304720BAA,66E,66,1,6/7/2010,1/9/2025,78585,no,,TRUE,66F covers the same time period - keep this data in mind since it's high res,FALSE,2948037.898,-221264.6436,Wahpeton Buried Valley,280,240,245,965.78,5,yes,685.78,725.78,720.78,723.28,5,5,966.1504,954.994,921.525,865.7431,854.5867,686.8138,521.784,516.784,8815,111,46,TRUE
,126756,13304720BAA6,13304720BAA,66F,66,1,6/7/2010,11/5/2024,52,no,,,,TRUE,2948024.033,-221265.7076,Wahpeton Sand Plain,131,125,130,965.85,,yes,834.85,840.85,835.85,838.35,5,5,966.1504,954.994,921.525,865.7431,854.5867,686.8138,521.784,516.784,8815,111,46,TRUE
,126757,13304720BAA7,13304720BAA,66G,66,1,6/7/2010,11/5/2024,52,no,,,,FALSE,2948009.897,-221266.42,Wahpeton Shallow Sand,53,39,44,965.94,,yes,912.94,926.94,921.94,924.44,2,2,966.1504,954.994,921.525,865.7431,854.5867,686.8138,521.784,516.784,8815,111,46,TRUE
,126758,13304718ADA2,13304718ADA,3B,3,1,6/7/2010,1/9/2025,46130,no,,,,TRUE,2945404.381,-217799.7398,Wahpeton Buried Valley,232,217,222,961.14,5,yes,729.14,744.14,739.14,741.64,5,5,960.5298,948.8938,913.9856,855.8052,844.1692,720.266,541.5216,536.5216,8262,104,46,FALSE
,126759,13304733CBDB,13304733CBDB,179A,179,1,6/7/2010,5/8/2019,33,no,,,,FALSE,2952298.437,-234999.4102,Wahpeton Shallow Sand,240,60,65,966.11,,yes,726.11,906.11,901.11,903.61,2,2,966.9955,947.9479,890.8051,795.5671,776.5195,771.5195,590.5383,585.5383,10386,131,37,FALSE
,127050,13304720BBBAB6,13304720BBBAB,195H,195,1,11/6/2006,11/6/2006,1,yes,,TRUE,less than 15 pts,FALSE,2946082.162,-221435.4382,Wahpeton Shallow Sand,26,10,20,961.71,,no,935.71,951.71,941.71,946.71,2,2,960.2859,949.3481,916.5345,861.8452,850.9072,680.1696,511.2005,506.2005,8654,109,43,FALSE
,127512,13204812CAA2,13204812CAA,181A,181,0,9/28/2011,11/5/2024,9842,no,,TRUE,bye bye WR,FALSE,2942397.776,-245591.6699,Wild Rice,340,270,275,959.69,,no,619.69,689.69,684.69,687.19,7,7,956.546,945.9041,913.9785,860.769,850.1272,845.1272,712.9658,661.2985,10601,134,15,FALSE
yes - to wbv,130679,13304810DDD,13304810DDD,182A,182,1,7/10/2018,1/9/2025,69747,no,,TRUE,bye bye WR,FALSE,2929203.584,-216522.0053,Wild Rice,479,437,442,943.12,,yes,464.12,506.12,501.12,503.62,7,7,940.2806,926.7689,886.2336,818.6749,805.1632,800.1632,581.1564,548.1443,6901,87,28,FALSE
,130680,13304810DDD2,13304810DDD,182B,182,1,7/10/2018,1/9/2025,43889,no,,,,FALSE,2929203.584,-216522.0053,Wahpeton Shallow Sand,80,75,80,943.24,,yes,863.24,868.24,863.24,865.74,3,3,940.2806,926.7689,886.2336,818.6749,805.1632,800.1632,581.1564,548.1443,6901,87,28,FALSE
yes - to wbv,130681,13304822AAA,13304822AAA,184A,184,1,7/10/2018,1/9/2025,68660,no,,TRUE,bye bye WR,FALSE,2929451.179,-222466.4206,Wild Rice,531,491,496,949.03,,yes,418.03,458.03,453.03,455.53,7,7,948.9721,937.5152,903.1445,845.86,834.4031,829.4031,578.6819,537.0319,7449,94,23,FALSE
,130683,13204802ADC,13204802ADC,185A,185,0,7/10/2018,1/9/2025,68617,no,,TRUE,bye bye WR,FALSE,2939257.52,-239830.3675,Wild Rice,454,310,315,957.66,,no,503.66,647.66,642.66,645.16,7,7,957.0872,943.9688,904.6136,839.0217,825.9033,820.9033,674.5651,628.2693,9813,124,17,FALSE
,130781,13304826DCC,13304826DCC,186A,186,0,10/31/2018,1/9/2025,58874,no,,TRUE,bye bye WR,FALSE,2933249.801,-232211.8987,Wild Rice,400,373,378,954.63,,no,554.63,581.63,576.63,579.13,7,7,956.2745,945.6926,913.9467,861.0369,850.4549,845.4549,679.8085,585.8442,8629,109,18,FALSE
,130794,13304823CCC,13304823CCC,187A,187,0,9/16/2019,5/12/2020,4,yes,,TRUE,less than 15 pts,FALSE,2930359.487,-227020.0635,Wild Rice,540,365,370,955.83,,no,415.83,590.83,585.83,588.33,7,7,951.6544,941.4979,911.0285,860.2462,850.0897,845.0897,618.199,564.1365,7920,100,20,FALSE
,130928,13304802DDD,13304802DDD,188A,188,1,9/16/2019,1/9/2025,58881,no,,,,FALSE,2934274.7,-211035.7249,Wahpeton Buried Valley,320,230,235,950.79,5,yes,630.79,720.79,715.79,718.29,5,5,951.381,936.6677,892.5279,818.9615,804.2482,708.3038,572.9816,550.2122,6834,86,40,FALSE
yes - to wbv,130936,13304802CBB,13304802CBB,189A,189,1,10/8/2019,1/9/2025,46215,no,,,,FALSE,2929325.71,-208905.721,Wahpeton Buried Valley,452,262,267,946.32,5,yes,494.32,684.32,679.32,681.82,6,5,945.9584,932.5836,892.4589,825.5845,812.2097,686.8322,558.0627,536.0409,6198,78,36,FALSE
,130971,13304720BADCA3,13304720BADCA,74B,74,1,3/30/1989,5/17/2007,71,no,,,,FALSE,2947955.652,-222334.3696,Wahpeton Shallow Sand,92,74,85,982.82,,yes,890.82,908.82,897.82,903.32,3,3,964.2357,953.1404,919.8549,864.3789,853.2837,682.3303,518.0193,513.0193,8893,112,45,FALSE
,131061,13304802DCD,13304802DCD,191A,191,1,10/7/2020,11/21/2023,37731,no,,,,FALSE,2932997.265,-211103.2088,Wahpeton Buried Valley,265,254,264,949.21,5,yes,684.21,695.21,685.21,690.21,6,5,949.2578,935.1732,892.9191,822.4957,808.411,709.3157,572.4872,547.2633,6753,85,38,FALSE
yes - to wbv,131062,13304802DDD2,13304802DDD,188B,188,1,10/7/2020,11/21/2023,37581,no,,TRUE,Unrealistic heads,FALSE,2934274.7,-211035.7249,Wild Rice,480,363,373,951.21,,yes,471.21,588.21,578.21,583.21,6,7,951.381,936.6677,892.5279,818.9615,804.2482,708.3038,572.9816,550.2122,6834,86,40,FALSE
yes - to wbv,131208,13304802DDD3,13304802DDD,188C,188,1,6/3/2021,11/5/2024,12081,no,,TRUE,duplicate wbv data,FALSE,2934274.7,-211035.7249,Wahpeton Buried Valley,288,223,283,951.31,5,yes,663.31,728.31,668.31,698.31,6,5,951.381,936.6677,892.5279,818.9615,804.2482,708.3038,572.9816,550.2122,6834,86,40,FALSE
yes - to wbv,131210,13304802DDC,13304802DDC,194A,194,1,6/3/2021,11/21/2023,37728,no,,,,FALSE,2933641.795,-211069.3712,Wahpeton Buried Valley,252,240,250,949.39,5,yes,697.39,709.39,699.39,704.39,6,5,949.2297,935.1585,892.9449,822.5888,808.5176,713.0887,576.6583,552.5182,6754,85,39,FALSE
,131254,13304802DDD4,13304802DDD,188D,188,1,6/8/2021,11/14/2023,9077,no,,TRUE,duplicate wbv data,FALSE,2934274.7,-211035.7249,Wahpeton Buried Valley,,,,951.12,5,no,na,804,708,#DIV/0!,,5,951.381,936.6677,892.5279,818.9615,804.2482,708.3038,572.9816,550.2122,6834,86,40,FALSE
yes - to wbv,132039,13304802CBB2,13304802CBB,189B,189,1,11/1/2022,1/9/2025,19188,no,,TRUE,bye bye WR,FALSE,2929316.917,-208901.7726,Wild Rice,400,350,355,946.32,,yes,546.32,596.32,591.32,593.82,6,7,945.9584,932.5836,892.4589,825.5845,812.2097,686.8322,558.0627,536.0409,6198,78,36,FALSE
,132040,13404832DAA2,13404832DAA,110B,110,1,11/1/2022,11/5/2024,8,yes,,TRUE,less than 15 pts,FALSE,2918313.703,-204157.4946,Wahpeton Sand Plain,100,73,78,943.83,,no,843.83,870.83,865.83,868.33,3,3,943.3715,932.4464,899.6707,845.0447,834.1195,829.1195,615.9031,610.9031,4926,62,28,FALSE
